fund_code,date_id,nav
119551,3,54.3856
119551,4,54.3474
119551,5,54.6869
119551,6,55.455
119551,7,55.3692
119551,10,55.2835
119551,11,56.0878
119551,12,56.4978
119551,13,56.2934
119551,14,56.5926
119551,17,56.3908
119551,18,56.1887
119551,19,56.3378
119551,20,55.4237
119551,21,54.6151
119551,24,54.373
119551,25,53.9173
119551,26,54.0948
119551,27,53.6911
119551,28,53.0538
119551,31,53.7718
119551,32,53.6925
119551,33,53.7522
119551,34,53.1084
119551,35,52.8813
119551,38,52.9604
119551,39,52.4526
119551,40,52.6538
119551,41,52.4027
119551,42,52.295
119551,45,52.0451
119551,46,52.9295
119551,47,52.9506
119551,48,52.486
119551,49,52.8954
119551,52,52.3559
119551,53,52.4795
119551,54,51.607
119551,55,51.0323
119551,56,51.1474
119551,59,51.5081
119551,60,51.6126
119551,61,51.5866
119551,62,51.4764
119551,63,50.8357
119551,66,50.5401
119551,67,50.3612
119551,68,50.8591
119551,69,51.0398
119551,70,50.2783
119551,73,50.4482
119551,74,50.3031
119551,75,50.0295
119551,76,50.3261
119551,77,50.8119
119551,80,51.2574
119551,81,50.9057
119551,82,50.7933
119551,83,50.9682
119551,84,51.4351
119551,87,51.2446
119551,88,51.1872
119551,89,50.7163
119551,90,50.21
119551,91,50.5972
119551,94,51.2324
119551,95,51.2263
119551,96,51.7084
119551,97,51.9003
119551,98,51.6325
119551,101,51.8241
119551,102,52.5589
119551,103,52.5694
119551,104,53.3273
119551,105,52.1363
119551,108,52.5427
119551,109,52.6102
119551,110,52.4987
119551,111,52.5683
119551,112,51.6815
119551,115,51.6081
119551,116,51.7976
119551,117,52.5042
119551,118,52.2918
119551,119,51.947
119551,122,51.7444
119551,123,52.1907
119551,124,52.3692
119551,125,52.152
119551,126,52.4157
119551,129,52.4876
119551,130,52.9653
119551,131,52.6655
119551,132,52.5406
119551,133,52.3863
119551,136,51.7412
119551,137,51.9032
119551,138,52.0497
119551,139,52.0789
119551,140,51.9981
119551,143,51.3796
119551,144,51.2157
119551,145,51.0875
119551,146,50.7535
119551,147,50.7075
119551,150,50.9148
119551,151,51.7955
119551,152,51.9021
119551,153,52.047
119551,154,52.0396
119551,157,51.1928
119551,158,51.2073
119551,159,51.2609
119551,160,52.4137
119551,161,52.3519
119551,164,52.5184
119551,165,52.5294
119551,166,52.0176
119551,167,52.5716
119551,168,52.9487
119551,171,53.3469
119551,172,52.9481
119551,173,53.6349
119551,174,53.0032
119551,175,53.3057
119551,178,54.3735
119551,179,53.9284
119551,180,53.6874
119551,181,53.7624
119551,182,53.5518
119551,185,52.8517
119551,186,52.9109
119551,187,52.4446
119551,188,52.6913
119551,189,52.2927
119551,192,53.0398
119551,193,52.7019
119551,194,52.5795
119551,195,52.9854
119551,196,52.4404
119551,199,52.5728
119551,200,53.2098
119551,201,52.4879
119551,202,52.6005
119551,203,52.7484
119551,206,53.1408
119551,207,52.5914
119551,208,52.0093
119551,209,52.2762
119551,210,52.4404
119551,213,52.5835
119551,214,52.7716
119551,215,52.4831
119551,216,52.6179
119551,217,52.7813
119551,220,52.4768
119551,221,53.375
119551,222,53.6262
119551,223,53.0931
119551,224,53.429
119551,227,52.999
119551,228,53.3957
119551,229,53.9719
119551,230,53.6103
119551,231,54.0957
119551,234,54.321
119551,235,54.7445
119551,236,55.6967
119551,237,55.6049
119551,238,55.265
119551,241,54.8615
119551,242,54.4963
119551,243,54.4873
119551,244,54.6797
119551,245,54.8416
119551,248,55.2716
119551,249,55.3065
119551,250,56.0489
119551,251,55.9471
119551,252,57.3351
119551,255,57.6821
119551,256,57.2772
119551,257,56.7681
119551,258,57.0396
119551,259,56.9566
119551,262,57.346
119551,263,57.6156
119551,264,57.6083
119551,265,57.2092
119551,266,56.4791
119551,269,56.2861
119551,270,56.7421
119551,271,56.8787
119551,272,56.2863
119551,273,56.4014
119551,276,56.6226
119551,277,56.2119
119551,278,56.3172
119551,279,56.3752
119551,280,55.8386
119551,283,56.044
119551,284,56.3509
119551,285,56.9211
119551,286,57.4822
119551,287,56.8173
119551,290,56.3784
119551,291,56.6643
119551,292,56.951
119551,293,57.2398
119551,294,59.2487
119551,297,59.5784
119551,298,60.2091
119551,299,60.7492
119551,300,61.1307
119551,301,60.9924
119551,304,61.4337
119551,305,61.0479
119551,306,60.952
119551,307,60.723
119551,308,60.7982
119551,311,62.0841
119551,312,61.1016
119551,313,61.5042
119551,314,60.6669
119551,315,60.4461
119551,318,61.0609
119551,319,61.1271
119551,320,60.5801
119551,321,60.2302
119551,322,60.6235
119551,325,60.2653
119551,326,60.4117
119551,327,60.4671
119551,328,60.1517
119551,329,61.3315
119551,332,61.7071
119551,333,60.6461
119551,334,60.7772
119551,335,60.4547
119551,336,60.9424
119551,339,60.5491
119551,340,60.5191
119551,341,60.8206
119551,342,61.3184
119551,343,60.704
119551,346,60.5564
119551,347,60.3344
119551,348,60.0187
119551,349,60.992
119551,350,61.2418
119551,353,60.5958
119551,354,61.1198
119551,355,62.3067
119551,356,62.909
119551,357,62.1037
119551,360,61.871
119551,361,62.5984
119551,362,62.2411
119551,363,62.5174
119551,364,62.9784
119551,367,62.4979
119551,368,62.4974
119551,369,60.7675
119551,370,60.2521
119551,371,60.149
119551,374,59.5214
119551,375,60.4157
119551,376,59.6893
119551,377,59.4887
119551,378,59.5881
119551,381,60.3815
119551,382,59.6525
119551,383,60.2986
119551,384,60.3352
119551,385,59.8461
119551,388,60.1215
119551,389,60.2582
119551,390,59.971
119551,391,60.0389
119551,392,59.8661
119551,395,59.9569
119551,396,60.3392
119551,397,61.2207
119551,398,60.5873
119551,399,61.7697
119551,402,60.7467
119551,403,60.6967
119551,404,61.0439
119551,405,61.227
119551,406,60.9231
119551,409,60.8427
119551,410,60.61
119551,411,60.3269
119551,412,60.812
119551,413,61.0353
119551,416,60.6947
119551,417,61.2097
119551,418,61.4075
119551,419,61.8812
119551,420,62.2579
119551,423,61.8363
119551,424,61.5633
119551,425,62.0024
119551,426,62.3692
119551,427,62.3899
119551,430,62.4867
119551,431,63.2274
119551,432,62.9308
119551,433,63.2678
119551,434,63.1877
119551,437,63.099
119551,438,63.7463
119551,439,64.2452
119551,440,64.7412
119551,441,65.5247
119551,444,65.5706
119551,445,66.0002
119551,446,65.8538
119551,447,66.0764
119551,448,66.0347
119551,451,66.1253
119551,452,66.5076
119551,453,66.0635
119551,454,67.3286
119551,455,66.7683
119551,458,66.0912
119551,459,66.8042
119551,460,67.3069
119551,461,67.7134
119551,462,68.1248
119551,465,68.1526
119551,466,67.6503
119551,467,67.7305
119551,468,67.3619
119551,469,67.9788
119551,472,67.9257
119551,473,67.4678
119551,474,67.3115
119551,475,67.592
119551,476,67.2915
119551,479,66.8398
119551,480,67.0181
119551,481,67.1977
119551,482,66.9325
119551,483,66.6894
119551,486,66.8605
119551,487,66.0461
119551,488,65.265
119551,489,64.8863
119551,490,64.7977
119551,493,65.0091
119551,494,65.8945
119551,495,66.4291
119551,496,66.3697
119551,497,66.3928
119551,500,65.8423
119551,501,65.8655
119551,502,65.732
119551,503,65.9533
119551,504,65.5077
119551,507,65.8424
119551,508,66.7729
119551,509,66.7433
119551,510,67.0147
119551,511,67.4587
119551,514,67.2551
119551,515,67.4229
119551,516,67.4652
119551,517,67.5582
119551,518,67.1338
119551,521,67.1829
119551,522,67.5135
119551,523,68.4183
119551,524,69.0352
119551,525,70.395
119551,528,69.9563
119551,529,70.5329
119551,530,70.6835
119551,531,72.099
119551,532,71.6238
119551,535,71.132
119551,536,70.7935
119551,537,69.5157
119551,538,69.2298
119551,539,68.8034
119551,542,68.9302
119551,543,69.174
119551,544,70.3644
119551,545,70.9932
119551,546,70.6694
119551,549,70.1479
119551,550,70.4892
119551,551,69.7092
119551,552,70.8808
119551,553,71.6589
119551,556,71.3998
119551,557,70.3655
119551,558,71.2474
119551,559,71.2122
119551,560,72.031
119551,563,71.0619
119551,564,70.7237
119551,565,70.7635
119551,566,70.8294
119551,567,70.5852
119551,570,71.0106
119551,571,70.3814
119551,572,70.3294
119551,573,70.4404
119551,574,70.7972
119551,577,71.2797
119551,578,70.6126
119551,579,69.6996
119551,580,70.5258
119551,581,70.7693
119551,584,70.34
119551,585,71.3456
119551,586,71.4553
119551,587,72.2396
119551,588,72.3199
119551,591,73.6843
119551,592,74.8724
119551,593,74.7468
119551,594,75.4289
119551,595,75.8986
119551,598,76.8599
119551,599,76.2479
119551,600,76.7502
119551,601,77.51
119551,602,76.3564
119551,605,75.6027
119551,606,74.2935
119551,607,74.1555
119551,608,74.6647
119551,609,75.6996
119551,612,75.7882
119551,613,76.9243
119551,614,76.0329
119551,615,74.9379
119551,616,74.9398
119551,619,75.2329
119551,620,75.25
119551,621,73.9285
119551,622,73.9086
119551,623,73.1009
119551,626,73.5718
119551,627,73.8482
119551,628,73.2764
119551,629,72.9827
119551,630,72.3414
119551,633,72.3387
119551,634,72.9883
119551,635,72.3939
119551,636,72.7539
119551,637,72.4519
119551,640,71.9841
119551,641,71.9533
119551,642,71.3362
119551,643,71.0253
119551,644,70.3152
119551,647,71.5811
119551,648,71.6403
119551,649,71.2363
119551,650,71.4077
119551,651,71.3738
119551,654,71.2716
119551,655,71.6957
119551,656,72.2135
119551,657,71.9135
119551,658,71.5862
119551,661,71.4496
119551,662,70.0498
119551,663,69.1557
119551,664,70.0305
119551,665,71.0905
119551,668,70.9712
119551,669,71.3698
119551,670,71.6029
119551,671,73.6117
119551,672,74.3805
119551,675,74.335
119551,676,73.7492
119551,677,72.7492
119551,678,72.9175
119551,679,72.4701
119551,682,71.6037
119551,683,71.2333
119551,684,70.5935
119551,685,71.6887
119551,686,72.2856
119551,689,72.3178
119551,690,73.3057
119551,691,73.3935
119551,692,72.8758
119551,693,73.8994
119551,696,74.2898
119551,697,73.6513
119551,698,73.5657
119551,699,73.0374
119551,700,72.1894
119551,703,72.819
119551,704,74.0938
119551,705,73.2233
119551,706,73.6258
119551,707,73.2423
119551,710,72.9659
119551,711,72.6232
119551,712,72.1091
119551,713,72.1772
119551,714,71.6871
119551,717,71.8954
119551,718,71.9007
119551,719,71.7863
119551,720,71.2508
119551,721,70.9259
119551,724,71.4368
119551,725,71.7901
119551,726,71.2106
119551,727,71.3097
119551,728,71.8209
119551,731,70.8078
119551,732,71.1846
119551,733,70.8063
119551,734,71.2003
119551,735,70.7591
119551,738,69.6776
119551,739,68.7201
119551,740,68.7847
119551,741,68.978
119551,742,68.4654
119551,745,68.8876
119551,746,67.9206
119551,747,67.916
119551,748,67.2292
119551,749,66.8783
119551,752,66.9408
119551,753,66.4691
119551,754,66.2782
119551,755,66.9035
119551,756,66.5983
119551,759,67.1256
119551,760,66.4945
119551,761,66.8403
119551,762,67.7305
119551,763,66.3043
119551,766,65.8739
119551,767,66.2442
119551,768,66.1598
119551,769,66.4109
119551,770,66.0922
119551,773,66.1768
119551,774,66.1201
119551,775,66.8391
119551,776,67.0238
119551,777,67.2583
119551,780,67.049
119551,781,66.7958
119551,782,66.5758
119551,783,66.8423
119551,784,66.6289
119551,787,66.8339
119551,788,68.1035
119551,789,68.6642
119551,790,68.5024
119551,791,69.2677
119551,794,69.0544
119551,795,67.8593
119551,796,67.2934
119551,797,66.2264
119551,798,66.0554
119551,801,66.1003
119551,802,67.1194
119551,803,67.348
119551,804,67.2526
119551,805,67.7813
119551,808,66.5067
119551,809,66.6794
119551,810,67.1689
119551,811,66.3329
119551,812,67.04
119551,815,67.2751
119551,816,67.0637
119551,817,67.4738
119551,818,68.8742
119551,819,69.0203
119551,822,69.2073
119551,823,68.9631
119551,824,68.4834
119551,825,69.0224
119551,826,68.5386
119551,829,68.6172
119551,830,68.364
119551,831,68.6889
119551,832,68.9268
119551,833,69.5963
119551,836,69.3197
119551,837,69.1906
119551,838,68.6314
119551,839,68.3982
119551,840,68.6616
119551,843,69.1572
119551,844,68.6324
119551,845,69.1965
119551,846,70.0649
119551,847,70.3571
119551,850,71.5683
119551,851,71.1182
119551,852,70.3781
119551,853,69.3185
119551,854,70.2754
119551,857,70.7186
119551,858,70.7204
119551,859,70.9318
119551,860,70.2674
119551,861,71.8366
119551,864,71.9556
119551,865,72.0622
119551,866,72.5624
119551,867,72.9085
119551,868,73.0902
119551,871,72.6199
119551,872,72.9601
119551,873,74.2195
119551,874,75.1442
119551,875,76.2468
119551,878,75.9429
119551,879,75.3219
119551,880,75.2772
119551,881,75.3531
119551,882,76.123
119551,885,75.0339
119551,886,76.0922
119551,887,76.0254
119551,888,75.7788
119551,889,75.1442
119551,892,74.0937
119551,893,74.672
119551,894,74.7589
119551,895,73.9514
119551,896,73.1493
119551,899,72.9706
119551,900,74.0908
119551,901,73.9595
119551,902,73.0232
119551,903,72.9027
119551,906,72.7651
119551,907,71.0916
119551,908,71.0942
119551,909,70.9862
119551,910,71.4602
119551,913,72.6725
119551,914,73.436
119551,915,73.2998
119551,916,72.6255
119551,917,74.3309
119551,920,74.4081
119551,921,74.4556
119551,922,74.4782
119551,923,74.6469
119551,924,74.5904
119551,927,74.2523
119551,928,73.9332
119551,929,73.95
119551,930,73.6344
119551,931,73.2107
119551,934,73.3172
119551,935,73.1903
119551,936,74.2058
119551,937,72.5285
119551,938,73.2678
119551,941,74.1156
119551,942,72.8103
119551,943,72.628
119551,944,72.4278
119551,945,71.5712
119551,948,71.1186
119551,949,70.4618
119551,950,71.5961
119551,951,72.2266
119551,952,73.0788
119551,955,73.5833
119551,956,72.8919
119551,957,72.5929
119551,958,72.9445
119551,959,72.1998
119551,962,72.6927
119551,963,72.5762
119551,964,72.374
119551,965,72.8668
119551,966,73.1906
119551,969,72.9956
119551,970,73.7839
119551,971,73.1214
119551,972,73.5577
119551,973,73.9816
119551,976,73.818
119551,977,74.0688
119551,978,73.2938
119551,979,73.9317
119551,980,73.8493
119551,983,73.5476
119551,984,74.2694
119551,985,73.8476
119551,986,72.9736
119551,987,72.0158
119551,990,72.4391
119551,991,71.6627
119551,992,72.8179
119551,993,71.53
119551,994,72.6457
119551,997,72.8185
119551,998,72.794
119551,999,72.4824
119551,1000,72.7755
119551,1001,72.7889
119551,1004,73.5385
119551,1005,73.6506
119551,1006,73.7864
119551,1007,73.5881
119551,1008,73.5891
119551,1011,73.8272
119551,1012,72.7596
119551,1013,71.9367
119551,1014,72.4472
119551,1015,72.5939
119551,1018,72.5136
119551,1019,72.5628
119551,1020,72.8231
119551,1021,72.5147
119551,1022,72.0558
119551,1025,72.2176
119551,1026,71.6341
119551,1027,71.9296
119551,1028,70.8942
119551,1029,71.5775
119551,1032,71.9135
119551,1033,72.1133
119551,1034,72.7785
119551,1035,73.8935
119551,1036,74.596
119551,1039,73.4326
119551,1040,72.646
119551,1041,72.2841
119551,1042,72.338
119551,1043,72.7065
119551,1046,72.2799
119551,1047,72.4364
119551,1048,71.9926
119551,1049,71.6423
119551,1050,70.7956
119551,1053,70.2577
119551,1054,69.461
119551,1055,68.9013
119551,1056,69.5804
119551,1057,69.0359
119551,1060,70.6938
119551,1061,71.0386
119551,1062,71.1912
119551,1063,70.6908
119551,1064,71.1655
119551,1067,70.8416
119551,1068,70.9545
119551,1069,72.6122
119551,1070,72.5881
119551,1071,73.3654
119551,1074,72.9495
119551,1075,72.9646
119551,1076,74.1513
119551,1077,73.7805
119551,1078,75.0079
119551,1081,75.5165
119551,1082,75.1816
119551,1083,75.6411
119551,1084,76.3321
119551,1085,76.7914
119551,1088,75.7744
119551,1089,75.3289
119551,1090,75.2034
119551,1091,75.1929
119551,1092,75.6446
119551,1095,75.8023
119551,1096,74.9535
119551,1097,75.2441
119551,1098,75.6894
119551,1099,76.1032
119551,1102,76.8717
119551,1103,77.4791
119551,1104,77.8337
119551,1105,77.8257
119551,1106,76.7335
119551,1109,77.0646
119551,1110,77.2457
119551,1111,77.4709
119551,1112,76.643
119551,1113,75.9549
119551,1116,76.7032
119551,1117,76.716
119551,1118,77.2183
119551,1119,77.2775
119551,1120,77.3376
119551,1123,78.0205
119551,1124,77.7063
119551,1125,77.8123
119551,1126,77.5357
119551,1127,77.279
119551,1130,77.1084
119551,1131,77.2995
119551,1132,77.0135
119551,1133,77.9113
119551,1134,77.3389
119551,1137,77.2514
119551,1138,76.9921
119551,1139,78.0212
119551,1140,78.1968
119551,1141,78.9524
119551,1144,77.965
119551,1145,78.1891
119551,1146,78.8457
119551,1147,78.9436
119551,1148,79.73
119551,1151,79.4081
119551,1152,80.4427
119551,1153,82.1327
119551,1154,81.9125
119551,1155,81.6334
119551,1158,82.7292
119551,1159,83.933
119551,1160,83.5899
119551,1161,83.3237
119551,1162,83.1598
119551,1165,82.222
119551,1166,81.6006
119551,1167,80.9229
119551,1168,80.4183
119551,1169,80.4352
119551,1172,80.6431
119551,1173,81.7956
119551,1174,81.1204
119551,1175,81.8699
119551,1176,81.7577
119551,1179,81.7642
119551,1180,82.2947
119551,1181,81.5259
119551,1182,81.8436
119551,1183,82.0061
119551,1186,82.4055
119551,1187,82.6586
119551,1188,84.5115
119551,1189,84.0809
119551,1190,83.7313
119551,1193,83.3153
119551,1194,82.951
119551,1195,82.5286
119551,1196,83.4416
119551,1197,84.5371
119551,1200,84.156
119551,1201,83.5836
119551,1202,83.9751
119551,1203,83.6103
119551,1204,84.1217
119551,1207,84.3159
119551,1208,83.2392
119551,1209,84.4265
119551,1210,85.8186
119551,1211,85.4001
119551,1214,85.1525
119551,1215,85.4115
119551,1216,85.708
119551,1217,86.2517
119551,1218,87.8398
119551,1221,87.7481
119551,1222,87.1774
119551,1223,86.1678
119551,1224,85.6583
119551,1225,85.6775
119551,1228,87.0892
119551,1229,86.7373
119551,1230,86.9535
119551,1231,86.9857
119551,1232,87.9475
119551,1235,89.9759
119551,1236,89.6018
119551,1237,89.262
119551,1238,90.1342
119551,1239,90.7247
119551,1242,92.2619
119551,1243,92.7861
119551,1244,92.5403
119551,1245,93.0716
119551,1246,94.0346
119551,1249,94.7664
119551,1250,95.2404
119551,1251,96.1902
119551,1252,97.2374
119551,1253,98.4808
119551,1256,99.0969
119551,1257,99.002
119551,1258,99.1814
119551,1259,100.294
119551,1260,99.6254
119551,1263,100.0015
119551,1264,99.7066
119551,1265,99.7833
119551,1266,100.9668
119551,1267,101.1893
119551,1270,101.283
119551,1271,100.1272
119551,1272,100.8404
119551,1273,101.4684
119551,1274,103.4762
119551,1277,103.2489
119551,1278,103.502
119551,1279,103.7835
119551,1280,105.2917
119551,1281,105.2575
119551,1284,105.5713
119551,1285,106.1935
119551,1286,106.4233
119551,1287,106.0599
119551,1288,106.2964
119551,1291,107.363
119551,1292,106.4503
119551,1293,106.6302
119551,1294,106.0286
119551,1295,107.2072
119551,1298,105.8313
119551,1299,105.3653
119551,1300,105.7709
119551,1301,107.2967
119551,1302,107.2898
119551,1305,106.8209
119551,1306,108.6639
119551,1307,107.3404
119551,1308,105.3333
119551,1309,105.7974
119551,1312,105.3843
119551,1313,104.4934
119551,1314,105.2024
119551,1315,105.4833
119551,1316,105.014
119551,1319,103.8885
119551,1320,104.745
119551,1321,105.4017
119551,1322,105.3639
119551,1323,107.1491
119551,1326,106.1974
119551,1327,104.8323
119551,1328,104.2483
119551,1329,104.2602
119551,1330,104.5381
119551,1333,104.3698
119551,1334,104.7483
119551,1335,103.652
119551,1336,105.0344
119551,1337,105.0125
119551,1340,106.1071
119551,1341,106.4832
119551,1342,106.9682
119551,1343,107.5625
119551,1344,108.0437
119551,1347,108.714
119551,1348,110.0526
119551,1349,110.3004
119551,1350,111.0495
119551,1351,111.0189
119551,1354,112.4959
119551,1355,111.8846
119551,1356,113.7344
119551,1357,113.7528
119551,1358,112.3845
119551,1361,112.5695
119551,1362,111.9532
119551,1363,112.8445
119551,1364,112.2547
119551,1365,111.8716
119551,1368,110.0796
119551,1369,109.6979
119551,1370,107.4332
119551,1371,105.9976
119551,1372,106.7659
119551,1375,107.5639
119551,1376,108.0239
119551,1377,107.1619
119551,1378,107.1721
119551,1379,107.224
119551,1382,106.1889
119551,1383,107.6618
119551,1384,108.554
119551,1385,108.3986
119551,1386,108.4803
119551,1389,108.7359
119551,1390,106.8506
119551,1391,106.6729
119551,1392,106.088
119551,1393,105.2092
119551,1396,105.0029
119551,1397,106.7359
119551,1398,107.3963
119551,1399,106.9118
119551,1400,107.5085
119551,1403,108.8996
119551,1404,109.8479
119551,1405,109.9624
119551,1406,109.3932
119551,1407,110.1257
119551,1410,110.5656
119551,1411,111.4994
119551,1412,112.1836
119551,1413,113.2853
119551,1414,112.81
119551,1417,114.1872
119551,1418,114.4454
119551,1419,116.6194
119551,1420,115.9725
119551,1421,117.8225
119551,1424,118.0892
119551,1425,117.4733
119551,1426,117.0334
119551,1427,116.7635
119551,1428,117.2615
119551,1431,117.8643
119551,1432,117.3299
119551,1433,117.3653
119551,1434,119.6655
119551,1435,121.5653
119551,1438,122.0969
119551,1439,122.2009
119551,1440,122.3934
119551,1441,123.121
119551,1442,122.0783
119551,1445,121.8644
119551,1446,120.1462
119551,1447,120.6322
119551,1448,121.3853
119551,1449,120.9315
119551,1452,122.6852
119551,1453,121.4287
119551,1454,119.9324
119551,1455,120.2321
119551,1456,121.4101
119551,1459,123.2902
119551,1460,122.8556
119551,1461,124.0939
119551,1462,124.1158
119551,1463,123.9909
119551,1466,125.0255
119551,1467,125.8117
119551,1468,124.1387
119551,1469,125.8307
119551,1470,127.4373
119551,1473,126.8016
119551,1474,127.3106
119551,1475,127.9325
119551,1476,128.2931
119551,1477,127.7379
119551,1480,127.049
119551,1481,127.0859
119551,1482,128.4734
119551,1483,129.1574
119551,1484,128.8023
119551,1487,129.7489
119551,1488,126.5952
119551,1489,127.9503
119551,1490,126.0672
119551,1491,125.7297
119551,1494,124.5585
119551,1495,123.2079
119551,1496,124.54
119551,1497,124.0913
119551,1498,124.5354
119551,1501,124.5481
119551,1502,125.1377
119551,1503,125.2871
119551,1504,123.9414
119551,1505,125.0997
119551,1508,124.6204
119551,1509,122.9848
119551,1510,122.5845
119551,1511,124.2819
119551,1512,125.2819
119551,1515,124.9617
119551,1516,124.6417
119551,1517,124.3528
119551,1518,126.7167
119551,1519,127.2098
119551,1522,127.7591
119551,1523,128.9917
119551,1524,129.3304
119551,1525,129.1018
119551,1526,128.945
119551,1529,128.9301
119551,1530,128.9543
119551,1531,129.8514
119551,1532,129.9779
119551,1533,130.888
119551,1536,130.8623
119551,1537,131.0207
119551,1538,128.7984
119551,1539,129.9105
119551,1540,130.3753
119551,1543,131.5958
119551,1544,128.3432
119551,1545,130.7964
119551,1546,130.7029
119551,1547,132.0546
119551,1550,130.9166
119551,1551,131.6939
119551,1552,130.5435
119551,1553,129.8943
119551,1554,132.1737
119551,1557,132.0197
119551,1558,132.3414
119551,1559,133.4296
119551,1560,134.0833
119551,1561,134.3306
119551,1564,134.8331
119551,1565,137.7927
119551,1566,137.7937
119551,1567,138.1096
119551,1568,139.4671
119551,1571,140.9062
119551,1572,142.4626
119551,1573,143.3412
119551,1574,141.9768
119551,1575,144.1112
119551,1578,142.7352
119551,1579,143.1905
119551,1580,142.3145
119551,1581,142.3075
119551,1582,142.7943
119551,1585,143.2735
119551,1586,143.8818
119551,1587,146.0194
119551,1588,146.6803
119551,1589,146.4403
119551,1592,147.7669
119551,1593,149.4022
119551,1594,147.8697
119551,1595,148.7275
119551,1596,149.7273
119551,1599,149.412
119551,1600,151.3138
119551,1601,151.1916
119551,1602,151.4373
119551,1603,151.2843
119551,1606,151.3832
119551,1607,150.004
119551,1608,148.1874
119551,1609,150.3635
119551,1610,149.3216
119552,3,58.4174
119552,4,57.348
119552,5,57.0552
119552,6,56.4224
119552,7,57.275
119552,10,57.8171
119552,11,57.497
119552,12,58.6808
119552,13,59.2216
119552,14,59.0827
119552,17,57.8244
119552,18,59.035
119552,19,58.3461
119552,20,57.5352
119552,21,58.0864
119552,24,59.3804
119552,25,60.1408
119552,26,60.4718
119552,27,60.8212
119552,28,61.3123
119552,31,61.7559
119552,32,61.9412
119552,33,62.0301
119552,34,62.0279
119552,35,61.6486
119552,38,61.5279
119552,39,60.6474
119552,40,60.6261
119552,41,60.1308
119552,42,59.5791
119552,45,59.7045
119552,46,60.4732
119552,47,60.9964
119552,48,60.1884
119552,49,59.6962
119552,52,60.2246
119552,53,59.7358
119552,54,59.6484
119552,55,59.9693
119552,56,59.4901
119552,59,59.5761
119552,60,58.9097
119552,61,58.6283
119552,62,58.8242
119552,63,58.0335
119552,66,58.2895
119552,67,58.3094
119552,68,58.6245
119552,69,58.7707
119552,70,59.5127
119552,73,59.6092
119552,74,59.4145
119552,75,59.5093
119552,76,59.826
119552,77,59.8827
119552,80,59.935
119552,81,59.5958
119552,82,59.279
119552,83,58.5805
119552,84,59.5221
119552,87,58.9031
119552,88,58.5744
119552,89,58.2345
119552,90,58.7262
119552,91,58.6039
119552,94,59.2829
119552,95,58.9623
119552,96,59.138
119552,97,58.7342
119552,98,59.8869
119552,101,59.2935
119552,102,59.4864
119552,103,59.8507
119552,104,60.1005
119552,105,60.0333
119552,108,59.9956
119552,109,60.0497
119552,110,60.0029
119552,111,60.5463
119552,112,61.7701
119552,115,61.4989
119552,116,60.7918
119552,117,60.7758
119552,118,62.2064
119552,119,61.799
119552,122,62.7311
119552,123,63.6991
119552,124,63.4215
119552,125,63.7735
119552,126,64.7293
119552,129,64.5466
119552,130,64.464
119552,131,64.1673
119552,132,63.6284
119552,133,63.2977
119552,136,62.6505
119552,137,62.7016
119552,138,62.3094
119552,139,62.4703
119552,140,61.6507
119552,143,61.8628
119552,144,62.3514
119552,145,61.2962
119552,146,61.5305
119552,147,62.2324
119552,150,61.6038
119552,151,62.5515
119552,152,62.8155
119552,153,62.4584
119552,154,62.4599
119552,157,62.8006
119552,158,62.8751
119552,159,63.2071
119552,160,62.7284
119552,161,62.8545
119552,164,62.1078
119552,165,62.0789
119552,166,61.6178
119552,167,61.251
119552,168,61.9543
119552,171,62.5857
119552,172,62.9553
119552,173,62.3839
119552,174,62.2422
119552,175,62.9441
119552,178,63.0554
119552,179,64.3916
119552,180,64.6487
119552,181,64.7917
119552,182,64.6487
119552,185,64.7582
119552,186,64.7046
119552,187,65.1435
119552,188,65.7294
119552,189,65.309
119552,192,64.5801
119552,193,63.5755
119552,194,63.8939
119552,195,63.3078
119552,196,62.1492
119552,199,62.3947
119552,200,63.8147
119552,201,63.8442
119552,202,64.3512
119552,203,64.4309
119552,206,64.408
119552,207,64.9656
119552,208,64.833
119552,209,65.0196
119552,210,65.238
119552,213,64.8882
119552,214,65.4921
119552,215,65.4249
119552,216,65.0238
119552,217,65.3659
119552,220,64.8835
119552,221,64.9331
119552,222,64.9614
119552,223,65.6204
119552,224,65.9296
119552,227,65.9491
119552,228,66.4607
119552,229,67.3153
119552,230,67.6822
119552,231,67.7233
119552,234,66.9788
119552,235,66.3869
119552,236,66.2426
119552,237,65.9214
119552,238,65.8468
119552,241,65.9137
119552,242,66.2565
119552,243,66.2495
119552,244,66.5687
119552,245,66.6409
119552,248,65.5237
119552,249,65.0167
119552,250,64.9676
119552,251,64.3114
119552,252,64.6859
119552,255,65.5989
119552,256,66.342
119552,257,66.2514
119552,258,67.1628
119552,259,67.2856
119552,262,67.1205
119552,263,66.7928
119552,264,66.6493
119552,265,66.4558
119552,266,66.5901
119552,269,66.7189
119552,270,66.7551
119552,271,67.0474
119552,272,67.7901
119552,273,68.3954
119552,276,67.5404
119552,277,66.0703
119552,278,66.6513
119552,279,65.8867
119552,280,65.7901
119552,283,65.1483
119552,284,64.1542
119552,285,64.4946
119552,286,64.9613
119552,287,64.6652
119552,290,63.2369
119552,291,62.9655
119552,292,63.216
119552,293,62.4291
119552,294,62.5624
119552,297,62.5862
119552,298,62.9392
119552,299,63.0382
119552,300,62.5318
119552,301,63.2277
119552,304,63.172
119552,305,63.1894
119552,306,62.7038
119552,307,62.4913
119552,308,62.0376
119552,311,61.975
119552,312,62.9501
119552,313,62.2252
119552,314,61.3776
119552,315,62.2112
119552,318,62.1285
119552,319,61.7949
119552,320,62.3964
119552,321,62.0961
119552,322,63.1367
119552,325,63.5481
119552,326,63.3079
119552,327,64.5572
119552,328,64.2464
119552,329,64.7016
119552,332,64.9061
119552,333,65.6894
119552,334,66.6346
119552,335,66.6878
119552,336,66.2804
119552,339,66.5841
119552,340,66.2215
119552,341,67.4426
119552,342,67.5587
119552,343,67.3762
119552,346,67.5208
119552,347,66.7578
119552,348,66.2224
119552,349,66.9617
119552,350,66.6093
119552,353,66.0312
119552,354,66.3786
119552,355,67.111
119552,356,67.5727
119552,357,68.2041
119552,360,67.7854
119552,361,66.9752
119552,362,67.903
119552,363,67.7449
119552,364,67.6301
119552,367,68.4623
119552,368,68.8344
119552,369,69.1474
119552,370,70.5167
119552,371,70.1538
119552,374,70.7667
119552,375,70.8389
119552,376,71.0435
119552,377,72.0448
119552,378,72.4055
119552,381,72.7876
119552,382,73.5173
119552,383,73.3189
119552,384,72.8158
119552,385,72.1851
119552,388,70.9807
119552,389,72.3169
119552,390,71.6537
119552,391,71.5509
119552,392,71.4133
119552,395,71.6441
119552,396,72.1986
119552,397,72.7861
119552,398,72.4502
119552,399,72.3808
119552,402,72.5988
119552,403,72.4772
119552,404,73.5498
119552,405,73.9071
119552,406,74.426
119552,409,74.901
119552,410,75.7193
119552,411,75.8794
119552,412,75.0552
119552,413,75.3591
119552,416,74.9661
119552,417,74.6559
119552,418,75.0817
119552,419,75.9453
119552,420,75.9988
119552,423,76.2454
119552,424,77.4385
119552,425,77.6432
119552,426,79.4863
119552,427,79.9249
119552,430,78.734
119552,431,79.2997
119552,432,79.6078
119552,433,80.56
119552,434,81.0815
119552,437,81.0244
119552,438,80.1956
119552,439,80.0892
119552,440,79.5317
119552,441,79.1664
119552,444,79.6195
119552,445,80.8424
119552,446,81.1662
119552,447,80.3561
119552,448,80.7134
119552,451,81.6118
119552,452,81.2159
119552,453,81.1619
119552,454,81.2143
119552,455,80.6957
119552,458,81.2002
119552,459,81.1555
119552,460,81.4984
119552,461,80.9047
119552,462,80.6347
119552,465,81.192
119552,466,80.9672
119552,467,82.2522
119552,468,82.0051
119552,469,82.2102
119552,472,82.9319
119552,473,81.9432
119552,474,80.7222
119552,475,79.6845
119552,476,80.6183
119552,479,80.2683
119552,480,82.1422
119552,481,81.7766
119552,482,81.9521
119552,483,83.1171
119552,486,84.6444
119552,487,86.2418
119552,488,87.2108
119552,489,88.0474
119552,490,88.5544
119552,493,89.2103
119552,494,88.8236
119552,495,88.2304
119552,496,88.2733
119552,497,88.1864
119552,500,87.88
119552,501,88.467
119552,502,89.2615
119552,503,89.3772
119552,504,90.5962
119552,507,89.7349
119552,508,89.6279
119552,509,89.1091
119552,510,87.6995
119552,511,87.6808
119552,514,87.6319
119552,515,88.8552
119552,516,89.397
119552,517,88.6389
119552,518,90.1467
119552,521,91.1697
119552,522,91.6862
119552,523,91.5505
119552,524,90.8259
119552,525,90.575
119552,528,91.496
119552,529,93.0775
119552,530,94.4016
119552,531,94.044
119552,532,93.168
119552,535,93.332
119552,536,91.9351
119552,537,92.245
119552,538,92.1726
119552,539,91.8419
119552,542,90.606
119552,543,91.0643
119552,544,90.6842
119552,545,89.7997
119552,546,87.5988
119552,549,87.6227
119552,550,89.0489
119552,551,90.4098
119552,552,90.0925
119552,553,89.6615
119552,556,90.0794
119552,557,89.3359
119552,558,89.6202
119552,559,90.2743
119552,560,91.3035
119552,563,91.2699
119552,564,91.1532
119552,565,90.4967
119552,566,89.8856
119552,567,89.7525
119552,570,90.0902
119552,571,90.8659
119552,572,90.2711
119552,573,91.5145
119552,574,91.343
119552,577,91.3729
119552,578,90.8196
119552,579,88.9444
119552,580,89.6868
119552,581,90.3181
119552,584,90.1408
119552,585,90.2406
119552,586,90.6989
119552,587,89.5038
119552,588,89.1331
119552,591,89.806
119552,592,88.8639
119552,593,89.1402
119552,594,88.1256
119552,595,88.5345
119552,598,88.5523
119552,599,87.345
119552,600,88.2923
119552,601,87.7675
119552,602,87.1875
119552,605,87.3869
119552,606,88.3222
119552,607,87.5797
119552,608,87.6725
119552,609,88.0501
119552,612,88.6357
119552,613,88.8195
119552,614,88.5782
119552,615,87.9794
119552,616,88.0917
119552,619,87.3077
119552,620,85.131
119552,621,85.5035
119552,622,86.2323
119552,623,84.4975
119552,626,83.7916
119552,627,84.2938
119552,628,85.8816
119552,629,85.9417
119552,630,85.4358
119552,633,85.3421
119552,634,86.4277
119552,635,85.9811
119552,636,85.4213
119552,637,85.1023
119552,640,84.4333
119552,641,84.5683
119552,642,85.833
119552,643,86.1224
119552,644,85.9753
119552,647,85.7985
119552,648,84.6675
119552,649,85.3735
119552,650,85.3589
119552,651,85.2672
119552,654,87.7477
119552,655,88.0246
119552,656,87.4881
119552,657,87.2047
119552,658,88.1379
119552,661,88.2715
119552,662,87.2038
119552,663,87.959
119552,664,87.4874
119552,665,88.9907
119552,668,89.8887
119552,669,89.581
119552,670,90.6455
119552,671,90.7466
119552,672,91.4788
119552,675,91.9181
119552,676,91.2817
119552,677,90.8119
119552,678,91.6878
119552,679,91.4647
119552,682,91.1867
119552,683,90.4685
119552,684,90.8539
119552,685,92.5694
119552,686,91.7493
119552,689,91.8163
119552,690,93.0149
119552,691,92.9976
119552,692,93.4175
119552,693,92.5941
119552,696,92.9925
119552,697,92.887
119552,698,93.7464
119552,699,94.7821
119552,700,97.0217
119552,703,97.5692
119552,704,97.9005
119552,705,98.119
119552,706,97.8644
119552,707,98.2076
119552,710,98.0026
119552,711,98.199
119552,712,99.398
119552,713,98.5704
119552,714,99.6177
119552,717,100.8336
119552,718,100.7806
119552,719,98.9633
119552,720,98.485
119552,721,99.6694
119552,724,99.7007
119552,725,98.8769
119552,726,98.4885
119552,727,99.2726
119552,728,99.8039
119552,731,99.6452
119552,732,99.3746
119552,733,99.0829
119552,734,98.3309
119552,735,99.7932
119552,738,99.5613
119552,739,100.6877
119552,740,102.1004
119552,741,103.0564
119552,742,102.7178
119552,745,103.1374
119552,746,103.1686
119552,747,102.4025
119552,748,102.7488
119552,749,101.7384
119552,752,102.8627
119552,753,102.495
119552,754,102.7299
119552,755,103.04
119552,756,102.8581
119552,759,103.445
119552,760,103.0658
119552,761,103.9144
119552,762,102.7412
119552,763,102.9089
119552,766,104.7377
119552,767,103.8714
119552,768,103.3056
119552,769,103.8284
119552,770,104.0467
119552,773,104.4228
119552,774,104.9284
119552,775,105.5718
119552,776,106.6651
119552,777,107.1065
119552,780,106.9341
119552,781,107.6257
119552,782,109.5007
119552,783,109.4291
119552,784,108.5486
119552,787,109.6702
119552,788,109.6104
119552,789,107.5856
119552,790,108.4486
119552,791,107.9935
119552,794,107.963
119552,795,108.3354
119552,796,108.5736
119552,797,109.3114
119552,798,108.9486
119552,801,109.4992
119552,802,109.3052
119552,803,110.0765
119552,804,110.7326
119552,805,109.8795
119552,808,110.9942
119552,809,110.5278
119552,810,111.3757
119552,811,111.7947
119552,812,113.6804
119552,815,113.5152
119552,816,113.2244
119552,817,113.2634
119552,818,113.0193
119552,819,113.8781
119552,822,112.3243
119552,823,111.3428
119552,824,110.3561
119552,825,111.3423
119552,826,113.0931
119552,829,113.0472
119552,830,112.9373
119552,831,113.0654
119552,832,114.2889
119552,833,113.4165
119552,836,113.7138
119552,837,114.7552
119552,838,115.3229
119552,839,115.5755
119552,840,116.6605
119552,843,113.971
119552,844,114.7135
119552,845,114.1126
119552,846,112.343
119552,847,112.9089
119552,850,114.344
119552,851,114.2644
119552,852,115.2881
119552,853,116.9995
119552,854,118.4252
119552,857,120.2125
119552,858,121.0643
119552,859,121.2073
119552,860,119.5686
119552,861,119.371
119552,864,118.5477
119552,865,120.9016
119552,866,120.7765
119552,867,120.9702
119552,868,121.6227
119552,871,121.7323
119552,872,123.6295
119552,873,123.0159
119552,874,123.2908
119552,875,122.5493
119552,878,121.1935
119552,879,120.6035
119552,880,120.6264
119552,881,120.2325
119552,882,119.5622
119552,885,118.1494
119552,886,118.1238
119552,887,116.6268
119552,888,117.4717
119552,889,117.6178
119552,892,116.1755
119552,893,115.9189
119552,894,115.2119
119552,895,115.5963
119552,896,117.0313
119552,899,115.1712
119552,900,115.3476
119552,901,115.2443
119552,902,115.9884
119552,903,116.2667
119552,906,115.5578
119552,907,115.2926
119552,908,114.5451
119552,909,115.6969
119552,910,115.7784
119552,913,117.7967
119552,914,117.7945
119552,915,117.1212
119552,916,115.6277
119552,917,113.8623
119552,920,112.3405
119552,921,112.6636
119552,922,113.2286
119552,923,111.7182
119552,924,112.6617
119552,927,112.2406
119552,928,112.444
119552,929,114.1131
119552,930,115.0785
119552,931,114.8656
119552,934,114.0251
119552,935,111.9394
119552,936,111.2891
119552,937,111.1394
119552,938,110.2328
119552,941,110.1621
119552,942,110.2937
119552,943,110.132
119552,944,109.559
119552,945,109.7787
119552,948,110.2642
119552,949,109.2653
119552,950,110.6905
119552,951,110.6514
119552,952,110.7269
119552,955,111.4781
119552,956,111.7653
119552,957,112.7669
119552,958,113.1111
119552,959,112.5599
119552,962,112.9776
119552,963,111.9015
119552,964,112.0664
119552,965,112.0914
119552,966,111.9436
119552,969,111.8745
119552,970,110.0899
119552,971,109.6149
119552,972,109.7613
119552,973,109.9729
119552,976,109.0369
119552,977,110.3178
119552,978,109.5348
119552,979,110.5323
119552,980,111.0067
119552,983,110.4329
119552,984,112.2334
119552,985,111.1154
119552,986,112.0776
119552,987,113.1293
119552,990,112.5202
119552,991,113.9693
119552,992,113.777
119552,993,114.1259
119552,994,114.4472
119552,997,114.3707
119552,998,115.2509
119552,999,116.1201
119552,1000,114.4022
119552,1001,115.7855
119552,1004,114.1592
119552,1005,115.2629
119552,1006,116.474
119552,1007,115.4183
119552,1008,115.0602
119552,1011,114.0025
119552,1012,113.8453
119552,1013,113.595
119552,1014,114.4378
119552,1015,115.8276
119552,1018,117.3227
119552,1019,116.8027
119552,1020,116.6475
119552,1021,114.9878
119552,1022,114.2324
119552,1025,115.268
119552,1026,116.9824
119552,1027,115.7756
119552,1028,115.2317
119552,1029,115.2643
119552,1032,115.6091
119552,1033,114.8458
119552,1034,115.3356
119552,1035,114.9139
119552,1036,114.9585
119552,1039,115.5733
119552,1040,115.6395
119552,1041,115.2547
119552,1042,115.2028
119552,1043,115.1724
119552,1046,114.8565
119552,1047,114.6537
119552,1048,116.3417
119552,1049,116.979
119552,1050,116.7347
119552,1053,117.5151
119552,1054,117.2301
119552,1055,118.5103
119552,1056,118.9587
119552,1057,118.9075
119552,1060,119.4395
119552,1061,117.857
119552,1062,116.7518
119552,1063,115.5886
119552,1064,115.7941
119552,1067,117.6376
119552,1068,120.0373
119552,1069,120.777
119552,1070,121.3743
119552,1071,119.5232
119552,1074,119.014
119552,1075,118.2509
119552,1076,117.6659
119552,1077,117.5522
119552,1078,117.1242
119552,1081,115.1568
119552,1082,115.9787
119552,1083,114.946
119552,1084,115.2482
119552,1085,117.4362
119552,1088,116.548
119552,1089,114.0348
119552,1090,113.8063
119552,1091,114.9759
119552,1092,117.0393
119552,1095,115.8368
119552,1096,116.4053
119552,1097,115.9884
119552,1098,115.9399
119552,1099,118.7368
119552,1102,117.2338
119552,1103,117.557
119552,1104,118.1038
119552,1105,119.3017
119552,1106,119.4665
119552,1109,119.8533
119552,1110,119.5016
119552,1111,119.8474
119552,1112,119.5469
119552,1113,120.266
119552,1116,119.9365
119552,1117,120.3981
119552,1118,120.4292
119552,1119,121.6939
119552,1120,121.7015
119552,1123,119.8751
119552,1124,121.2792
119552,1125,120.3764
119552,1126,119.7461
119552,1127,119.1802
119552,1130,120.6958
119552,1131,118.5049
119552,1132,121.8929
119552,1133,123.0969
119552,1134,123.4032
119552,1137,123.4071
119552,1138,123.7821
119552,1139,124.4165
119552,1140,125.191
119552,1141,125.8709
119552,1144,126.0354
119552,1145,125.8811
119552,1146,125.7782
119552,1147,125.6269
119552,1148,126.9548
119552,1151,127.687
119552,1152,124.4826
119552,1153,125.2694
119552,1154,125.5495
119552,1155,125.5935
119552,1158,125.2285
119552,1159,126.5414
119552,1160,127.6691
119552,1161,126.8673
119552,1162,127.3893
119552,1165,126.3675
119552,1166,124.9037
119552,1167,124.2793
119552,1168,125.2928
119552,1169,126.4156
119552,1172,127.0544
119552,1173,127.9355
119552,1174,128.5855
119552,1175,127.9261
119552,1176,128.4806
119552,1179,129.4575
119552,1180,130.3888
119552,1181,131.8312
119552,1182,132.7257
119552,1183,133.2064
119552,1186,134.5389
119552,1187,134.5769
119552,1188,133.6032
119552,1189,133.48
119552,1190,132.6744
119552,1193,131.9548
119552,1194,131.8547
119552,1195,131.0041
119552,1196,130.7162
119552,1197,128.6176
119552,1200,128.9263
119552,1201,128.9942
119552,1202,128.1341
119552,1203,128.9477
119552,1204,130.0855
119552,1207,128.3204
119552,1208,127.5259
119552,1209,126.7291
119552,1210,125.7479
119552,1211,126.7365
119552,1214,126.5853
119552,1215,126.3555
119552,1216,124.2062
119552,1217,124.9686
119552,1218,123.674
119552,1221,123.8033
119552,1222,124.1705
119552,1223,125.7344
119552,1224,124.3555
119552,1225,121.1502
119552,1228,121.4094
119552,1229,123.4163
119552,1230,124.8366
119552,1231,125.1322
119552,1232,124.6551
119552,1235,125.6103
119552,1236,124.6007
119552,1237,125.1899
119552,1238,125.8141
119552,1239,127.0615
119552,1242,130.259
119552,1243,130.7781
119552,1244,130.2595
119552,1245,130.2974
119552,1246,128.3465
119552,1249,127.6283
119552,1250,127.2341
119552,1251,126.7127
119552,1252,126.9486
119552,1253,126.0962
119552,1256,127.4147
119552,1257,127.4807
119552,1258,127.536
119552,1259,127.2334
119552,1260,127.4734
119552,1263,128.4706
119552,1264,127.5577
119552,1265,126.8849
119552,1266,126.6108
119552,1267,125.1814
119552,1270,124.3444
119552,1271,123.8871
119552,1272,124.9106
119552,1273,125.2648
119552,1274,125.5436
119552,1277,126.5545
119552,1278,126.4665
119552,1279,126.9682
119552,1280,126.9181
119552,1281,127.2811
119552,1284,126.694
119552,1285,124.0621
119552,1286,123.9792
119552,1287,125.6094
119552,1288,126.705
119552,1291,127.8543
119552,1292,129.3225
119552,1293,129.4904
119552,1294,129.7829
119552,1295,129.1444
119552,1298,128.8514
119552,1299,129.6199
119552,1300,131.071
119552,1301,130.9775
119552,1302,130.5258
119552,1305,130.5938
119552,1306,131.3558
119552,1307,129.7607
119552,1308,127.225
119552,1309,126.6741
119552,1312,125.3824
119552,1313,124.8862
119552,1314,124.7879
119552,1315,124.3542
119552,1316,126.0223
119552,1319,126.4512
119552,1320,126.8522
119552,1321,127.616
119552,1322,126.4059
119552,1323,127.6354
119552,1326,127.616
119552,1327,128.4391
119552,1328,127.2963
119552,1329,125.6287
119552,1330,126.6034
119552,1333,127.09
119552,1334,126.148
119552,1335,125.2488
119552,1336,126.5634
119552,1337,125.3073
119552,1340,127.2015
119552,1341,126.2603
119552,1342,127.0387
119552,1343,126.7364
119552,1344,127.4781
119552,1347,126.9333
119552,1348,126.8166
119552,1349,126.9278
119552,1350,125.8759
119552,1351,126.7663
119552,1354,126.259
119552,1355,126.0697
119552,1356,125.0335
119552,1357,122.3028
119552,1358,122.1599
119552,1361,124.8514
119552,1362,125.7832
119552,1363,125.8267
119552,1364,125.6001
119552,1365,125.6898
119552,1368,126.3629
119552,1369,125.1183
119552,1370,126.4192
119552,1371,127.2849
119552,1372,128.1598
119552,1375,128.7227
119552,1376,128.8114
119552,1377,129.645
119552,1378,130.3906
119552,1379,130.0512
119552,1382,129.4618
119552,1383,129.645
119552,1384,131.496
119552,1385,130.134
119552,1386,128.5269
119552,1389,128.7802
119552,1390,128.9045
119552,1391,129.1683
119552,1392,129.5133
119552,1393,129.3253
119552,1396,131.1034
119552,1397,129.3321
119552,1398,128.4568
119552,1399,128.4061
119552,1400,126.624
119552,1403,126.493
119552,1404,128.4264
119552,1405,128.5163
119552,1406,128.8445
119552,1407,127.4863
119552,1410,126.8606
119552,1411,126.5068
119552,1412,126.2179
119552,1413,127.7185
119552,1414,128.4144
119552,1417,127.2275
119552,1418,127.5701
119552,1419,128.198
119552,1420,129.5604
119552,1421,131.4468
119552,1424,130.3425
119552,1425,129.4805
119552,1426,128.1185
119552,1427,127.9203
119552,1428,128.5138
119552,1431,129.7046
119552,1432,129.6847
119552,1433,129.3861
119552,1434,129.6262
119552,1435,128.7414
119552,1438,131.2035
119552,1439,129.4231
119552,1440,129.7011
119552,1441,132.1047
119552,1442,132.1808
119552,1445,132.0275
119552,1446,131.6799
119552,1447,131.5384
119552,1448,133.2094
119552,1449,130.7035
119552,1452,132.5514
119552,1453,130.9648
119552,1454,130.7246
119552,1455,130.2979
119552,1456,131.0435
119552,1459,129.2762
119552,1460,129.8712
119552,1461,132.2788
119552,1462,130.7655
119552,1463,131.052
119552,1466,130.3564
119552,1467,130.9144
119552,1468,131.0041
119552,1469,130.3323
119552,1470,130.9618
119552,1473,133.1311
119552,1474,132.9757
119552,1475,133.8916
119552,1476,132.4414
119552,1477,131.3968
119552,1480,132.0134
119552,1481,133.8217
119552,1482,134.3113
119552,1483,134.0101
119552,1484,134.0784
119552,1487,132.6764
119552,1488,133.4545
119552,1489,134.5664
119552,1490,134.1001
119552,1491,133.6142
119552,1494,133.997
119552,1495,133.5508
119552,1496,133.5418
119552,1497,136.1079
119552,1498,135.8818
119552,1501,135.523
119552,1502,134.8208
119552,1503,135.7786
119552,1504,135.6317
119552,1505,134.9267
119552,1508,136.5786
119552,1509,138.3707
119552,1510,137.7109
119552,1511,135.5325
119552,1512,136.8127
119552,1515,136.0593
119552,1516,137.082
119552,1517,134.7903
119552,1518,135.9257
119552,1519,134.5509
119552,1522,135.4907
119552,1523,135.5777
119552,1524,134.5112
119552,1525,134.0984
119552,1526,134.9822
119552,1529,135.178
119552,1530,135.9466
119552,1531,138.4084
119552,1532,136.5826
119552,1533,138.616
119552,1536,138.8152
119552,1537,137.7903
119552,1538,136.2535
119552,1539,136.0966
119552,1540,137.2781
119552,1543,137.1945
119552,1544,139.1069
119552,1545,137.4088
119552,1546,137.4651
119552,1547,136.0253
119552,1550,136.5326
119552,1551,137.6757
119552,1552,137.2365
119552,1553,134.1898
119552,1554,134.4948
119552,1557,135.0835
119552,1558,135.6359
119552,1559,137.193
119552,1560,135.9733
119552,1561,136.8621
119552,1564,138.3804
119552,1565,136.297
119552,1566,136.7523
119552,1567,136.2159
119552,1568,136.1882
119552,1571,136.6769
119552,1572,136.1611
119552,1573,135.422
119552,1574,135.5327
119552,1575,134.3086
119552,1578,133.0972
119552,1579,133.9661
119552,1580,132.6842
119552,1581,133.535
119552,1582,134.1501
119552,1585,132.1919
119552,1586,131.4722
119552,1587,132.9326
119552,1588,131.8553
119552,1589,131.3841
119552,1592,131.9887
119552,1593,132.9723
119552,1594,132.7461
119552,1595,132.1166
119552,1596,133.8533
119552,1599,135.992
119552,1600,137.2419
119552,1601,137.416
119552,1602,136.5104
119552,1603,135.5842
119552,1606,136.2807
119552,1607,136.8551
119552,1608,138.6287
119552,1609,139.4982
119552,1610,137.7323
119598,3,89.8738
119598,4,88.5495
119598,5,88.0925
119598,6,88.5175
119598,7,91.4235
119598,10,96.0964
119598,11,97.1038
119598,12,96.9086
119598,13,97.8131
119598,14,99.2767
119598,17,98.8629
119598,18,101.7866
119598,19,102.2453
119598,20,103.14
119598,21,104.3183
119598,24,105.105
119598,25,106.5959
119598,26,105.6569
119598,27,104.8234
119598,28,103.1129
119598,31,103.9198
119598,32,105.2943
119598,33,106.1488
119598,34,109.0804
119598,35,109.1661
119598,38,110.4182
119598,39,108.6308
119598,40,108.0649
119598,41,109.3506
119598,42,110.9194
119598,45,110.5035
119598,46,110.4754
119598,47,107.9601
119598,48,107.4485
119598,49,109.061
119598,52,110.1495
119598,53,111.1184
119598,54,111.3027
119598,55,111.4123
119598,56,110.356
119598,59,111.6747
119598,60,112.5157
119598,61,113.49
119598,62,112.652
119598,63,108.9909
119598,66,110.9873
119598,67,110.2497
119598,68,108.8568
119598,69,110.1483
119598,70,109.566
119598,73,111.5076
119598,74,112.6947
119598,75,114.0139
119598,76,111.6849
119598,77,113.9365
119598,80,114.5062
119598,81,113.9416
119598,82,114.2989
119598,83,111.243
119598,84,112.059
119598,87,110.3534
119598,88,108.1218
119598,89,105.6526
119598,90,107.6142
119598,91,106.6461
119598,94,109.3488
119598,95,108.5247
119598,96,105.7378
119598,97,103.9855
119598,98,106.1217
119598,101,105.954
119598,102,105.1348
119598,103,105.4921
119598,104,106.4219
119598,105,108.4058
119598,108,111.004
119598,109,110.4733
119598,110,108.2846
119598,111,107.6758
119598,112,108.2125
119598,115,106.6756
119598,116,105.1714
119598,117,105.8347
119598,118,105.846
119598,119,105.9932
119598,122,104.8261
119598,123,104.5377
119598,124,103.1171
119598,125,104.6642
119598,126,106.4775
119598,129,103.5166
119598,130,102.1015
119598,131,99.8103
119598,132,98.8801
119598,133,98.8365
119598,136,96.69
119598,137,95.3797
119598,138,93.9655
119598,139,94.355
119598,140,94.5406
119598,143,93.5538
119598,144,93.8966
119598,145,93.173
119598,146,92.8563
119598,147,95.4192
119598,150,97.5401
119598,151,95.6475
119598,152,96.9902
119598,153,98.3233
119598,154,96.6456
119598,157,97.9854
119598,158,100.4753
119598,159,98.8008
119598,160,97.4686
119598,161,99.1297
119598,164,99.6414
119598,165,100.5984
119598,166,101.2277
119598,167,101.9415
119598,168,99.9212
119598,171,101.6717
119598,172,103.6522
119598,173,103.3686
119598,174,103.3881
119598,175,101.0131
119598,178,101.9234
119598,179,102.9356
119598,180,102.9247
119598,181,104.8549
119598,182,104.3958
119598,185,105.4202
119598,186,103.8314
119598,187,103.8836
119598,188,103.6892
119598,189,104.1487
119598,192,103.6348
119598,193,103.5107
119598,194,104.9577
119598,195,104.3293
119598,196,101.8116
119598,199,104.7472
119598,200,107.1446
119598,201,105.0778
119598,202,106.3181
119598,203,105.5714
119598,206,106.103
119598,207,106.6889
119598,208,106.3886
119598,209,105.1753
119598,210,104.1285
119598,213,102.7265
119598,214,101.4781
119598,215,101.4594
119598,216,100.4098
119598,217,101.5827
119598,220,104.0809
119598,221,103.2245
119598,222,103.705
119598,223,104.6156
119598,224,105.4882
119598,227,105.7067
119598,228,107.0437
119598,229,107.9539
119598,230,105.9626
119598,231,107.5168
119598,234,109.125
119598,235,107.9153
119598,236,108.0741
119598,237,109.3388
119598,238,109.0741
119598,241,111.0298
119598,242,115.3417
119598,243,114.0223
119598,244,111.6666
119598,245,112.3002
119598,248,113.6828
119598,249,113.3691
119598,250,116.095
119598,251,113.7725
119598,252,115.1213
119598,255,114.1277
119598,256,117.3626
119598,257,121.2095
119598,258,119.8595
119598,259,118.9304
119598,262,120.6566
119598,263,120.028
119598,264,120.0469
119598,265,120.1998
119598,266,116.7222
119598,269,116.7987
119598,270,115.6378
119598,271,114.8434
119598,272,117.5869
119598,273,115.3836
119598,276,116.9729
119598,277,116.5619
119598,278,116.1508
119598,279,117.7083
119598,280,118.4437
119598,283,119.6173
119598,284,121.5612
119598,285,121.0342
119598,286,119.9775
119598,287,118.0476
119598,290,116.6248
119598,291,122.2757
119598,292,124.8051
119598,293,122.2844
119598,294,119.8685
119598,297,120.8871
119598,298,122.04
119598,299,123.207
119598,300,122.8205
119598,301,122.6851
119598,304,123.428
119598,305,123.703
119598,306,119.5585
119598,307,119.2306
119598,308,117.7454
119598,311,118.1738
119598,312,123.9704
119598,313,124.7989
119598,314,124.2926
119598,315,126.2203
119598,318,127.2945
119598,319,128.2514
119598,320,129.596
119598,321,133.979
119598,322,131.7289
119598,325,132.8311
119598,326,131.0216
119598,327,132.2883
119598,328,130.502
119598,329,129.7603
119598,332,129.2714
119598,333,131.388
119598,334,133.4187
119598,335,130.941
119598,336,131.1688
119598,339,129.8245
119598,340,127.3879
119598,341,127.0642
119598,342,126.5588
119598,343,131.604
119598,346,132.6201
119598,347,129.8872
119598,348,128.8495
119598,349,131.0532
119598,350,135.5535
119598,353,132.3252
119598,354,128.5772
119598,355,132.5377
119598,356,133.4699
119598,357,131.7722
119598,360,133.0024
119598,361,127.7061
119598,362,127.8244
119598,363,128.5983
119598,364,130.5978
119598,367,128.6413
119598,368,128.9275
119598,369,127.1731
119598,370,127.7971
119598,371,126.1179
119598,374,125.4193
119598,375,123.5756
119598,376,124.9584
119598,377,126.7698
119598,378,126.4126
119598,381,126.5992
119598,382,123.8519
119598,383,123.3764
119598,384,123.3866
119598,385,128.698
119598,388,126.5744
119598,389,129.64
119598,390,131.8063
119598,391,132.5058
119598,392,136.3459
119598,395,137.267
119598,396,138.2315
119598,397,138.2365
119598,398,141.0492
119598,399,143.6313
119598,402,142.3472
119598,403,139.542
119598,404,139.2182
119598,405,137.5952
119598,406,137.5776
119598,409,140.4075
119598,410,139.5217
119598,411,139.5494
119598,412,139.799
119598,413,141.8032
119598,416,136.9928
119598,417,135.8086
119598,418,136.3802
119598,419,139.1037
119598,420,138.1508
119598,423,134.2449
119598,424,135.6799
119598,425,134.4464
119598,426,132.0661
119598,427,130.8882
119598,430,130.6224
119598,431,129.4972
119598,432,125.1857
119598,433,127.0777
119598,434,129.7681
119598,437,131.221
119598,438,129.0034
119598,439,128.707
119598,440,128.8062
119598,441,130.1402
119598,444,131.632
119598,445,130.2325
119598,446,130.5147
119598,447,131.5728
119598,448,134.7418
119598,451,136.364
119598,452,138.1897
119598,453,138.4931
119598,454,141.7275
119598,455,142.7697
119598,458,140.9697
119598,459,144.2458
119598,460,145.9673
119598,461,145.079
119598,462,144.1134
119598,465,144.9145
119598,466,146.1029
119598,467,146.6856
119598,468,147.5352
119598,469,151.6707
119598,472,154.3866
119598,473,154.9861
119598,474,157.4381
119598,475,155.0341
119598,476,156.1449
119598,479,160.7984
119598,480,160.3872
119598,481,158.3986
119598,482,156.9172
119598,483,154.3822
119598,486,152.6191
119598,487,151.8637
119598,488,148.6688
119598,489,148.8352
119598,490,151.0971
119598,493,149.0825
119598,494,152.8259
119598,495,154.1947
119598,496,156.8546
119598,497,155.3736
119598,500,157.6162
119598,501,155.0643
119598,502,157.391
119598,503,157.9553
119598,504,159.4767
119598,507,156.6881
119598,508,154.6298
119598,509,156.2274
119598,510,154.0459
119598,511,155.3093
119598,514,152.1339
119598,515,154.3143
119598,516,151.4801
119598,517,152.9368
119598,518,154.586
119598,521,153.0326
119598,522,154.5766
119598,523,155.3475
119598,524,154.1693
119598,525,151.8725
119598,528,147.3787
119598,529,148.3219
119598,530,144.8379
119598,531,145.1822
119598,532,144.7074
119598,535,146.3911
119598,536,145.8237
119598,537,145.1958
119598,538,147.0073
119598,539,147.9141
119598,542,148.7822
119598,543,150.0167
119598,544,146.5603
119598,545,148.447
119598,546,150.0167
119598,549,147.7628
119598,550,147.3245
119598,551,147.3619
119598,552,147.1786
119598,553,148.0836
119598,556,151.5919
119598,557,154.3313
119598,558,151.3067
119598,559,152.9298
119598,560,156.3005
119598,563,157.3929
119598,564,160.2603
119598,565,165.5648
119598,566,168.4026
119598,567,169.2128
119598,570,172.1711
119598,571,172.7151
119598,572,172.931
119598,573,172.1268
119598,574,176.5715
119598,577,174.4625
119598,578,178.8801
119598,579,180.4512
119598,580,176.6723
119598,581,177.8534
119598,584,172.2179
119598,585,174.0746
119598,586,176.6726
119598,587,175.185
119598,588,175.6795
119598,591,181.3283
119598,592,180.0469
119598,593,177.224
119598,594,181.5664
119598,595,187.4294
119598,598,187.604
119598,599,190.7828
119598,600,195.0264
119598,601,192.9276
119598,602,191.6259
119598,605,195.5473
119598,606,200.9813
119598,607,202.9479
119598,608,200.3301
119598,609,206.8788
119598,612,205.3353
119598,613,204.4328
119598,614,205.7174
119598,615,210.9988
119598,616,214.0424
119598,619,215.6336
119598,620,217.4023
119598,621,217.7414
119598,622,219.8556
119598,623,211.4539
119598,626,210.6523
119598,627,211.6391
119598,628,208.0189
119598,629,209.4711
119598,630,208.98
119598,633,215.0258
119598,634,220.6116
119598,635,219.1904
119598,636,218.8613
119598,637,218.7975
119598,640,217.4365
119598,641,218.2959
119598,642,215.8929
119598,643,212.2681
119598,644,214.5472
119598,647,216.8741
119598,648,214.3313
119598,649,217.5648
119598,650,215.5997
119598,651,216.65
119598,654,219.6588
119598,655,219.7343
119598,656,221.5069
119598,657,219.9046
119598,658,219.4167
119598,661,218.8975
119598,662,216.5279
119598,663,216.1145
119598,664,211.0917
119598,665,209.6482
119598,668,208.892
119598,669,208.2327
119598,670,207.6234
119598,671,207.6027
119598,672,209.3589
119598,675,212.4476
119598,676,210.4684
119598,677,206.6982
119598,678,203.5114
119598,679,202.1323
119598,682,201.1907
119598,683,198.9393
119598,684,195.09
119598,685,193.8628
119598,686,194.5873
119598,689,196.5909
119598,690,195.0428
119598,691,193.9476
119598,692,191.3046
119598,693,191.3769
119598,696,189.0018
119598,697,190.882
119598,698,185.7504
119598,699,184.8626
119598,700,185.9036
119598,703,186.6054
119598,704,194.8598
119598,705,196.1074
119598,706,193.1994
119598,707,193.0777
119598,710,187.9155
119598,711,187.841
119598,712,185.5547
119598,713,188.4134
119598,714,186.953
119598,717,186.7725
119598,718,185.0739
119598,719,190.3782
119598,720,189.5829
119598,721,195.3045
119598,724,197.9975
119598,725,199.6806
119598,726,201.019
119598,727,202.4462
119598,728,196.5642
119598,731,195.8737
119598,732,198.6716
119598,733,198.692
119598,734,194.5131
119598,735,194.5223
119598,738,199.988
119598,739,204.132
119598,740,204.1109
119598,741,207.3733
119598,742,206.3598
119598,745,201.0716
119598,746,198.3385
119598,747,203.4583
119598,748,202.7592
119598,749,202.16
119598,752,201.3834
119598,753,207.695
119598,754,213.2681
119598,755,221.0449
119598,756,220.6845
119598,759,221.908
119598,760,216.8597
119598,761,222.1568
119598,762,218.299
119598,763,219.2368
119598,766,215.669
119598,767,213.8648
119598,768,211.2477
119598,769,209.4178
119598,770,207.8286
119598,773,206.2218
119598,774,209.1285
119598,775,205.7007
119598,776,206.5967
119598,777,210.7816
119598,780,209.2675
119598,781,207.0955
119598,782,206.5253
119598,783,210.5819
119598,784,211.4111
119598,787,209.833
119598,788,211.6228
119598,789,208.1624
119598,790,210.5919
119598,791,212.1366
119598,794,211.2951
119598,795,208.7051
119598,796,205.9908
119598,797,207.9145
119598,798,212.1629
119598,801,210.2276
119598,802,211.9357
119598,803,205.2622
119598,804,203.5587
119598,805,203.6369
119598,808,200.9156
119598,809,198.1471
119598,810,196.2454
119598,811,197.3227
119598,812,196.9133
119598,815,190.2593
119598,816,184.1707
119598,817,182.5782
119598,818,184.0596
119598,819,176.4193
119598,822,175.1892
119598,823,173.895
119598,824,177.8942
119598,825,176.9732
119598,826,178.1994
119598,829,178.7522
119598,830,173.005
119598,831,175.2637
119598,832,176.0128
119598,833,177.5823
119598,836,189.0742
119598,837,183.129
119598,838,188.3356
119598,839,187.6487
119598,840,188.6644
119598,843,188.6939
119598,844,187.6011
119598,845,186.0875
119598,846,187.219
119598,847,182.9584
119598,850,185.2956
119598,851,184.2458
119598,852,181.1539
119598,853,180.0317
119598,854,183.7919
119598,857,182.4081
119598,858,183.601
119598,859,181.6581
119598,860,183.9999
119598,861,186.1596
119598,864,191.8263
119598,865,191.4637
119598,866,193.6595
119598,867,194.1282
119598,868,198.3038
119598,871,196.2428
119598,872,198.7322
119598,873,198.2968
119598,874,198.2695
119598,875,198.7296
119598,878,199.6949
119598,879,199.5038
119598,880,200.3544
119598,881,205.5756
119598,882,208.9732
119598,885,212.0383
119598,886,210.7065
119598,887,207.9577
119598,888,211.2944
119598,889,214.4168
119598,892,219.6394
119598,893,217.7502
119598,894,217.1539
119598,895,211.8037
119598,896,210.6825
119598,899,214.202
119598,900,212.8198
119598,901,215.1651
119598,902,214.7079
119598,903,215.9949
119598,906,212.3113
119598,907,212.7821
119598,908,203.1685
119598,909,202.7483
119598,910,197.7811
119598,913,201.7494
119598,914,204.413
119598,915,206.1007
119598,916,211.2815
119598,917,208.3294
119598,920,214.3289
119598,921,217.6886
119598,922,217.0685
119598,923,221.1786
119598,924,217.5483
119598,927,214.9293
119598,928,213.0651
119598,929,211.482
119598,930,208.1739
119598,931,212.4079
119598,934,211.7286
119598,935,213.0932
119598,936,211.3722
119598,937,205.5772
119598,938,206.6337
119598,941,200.6788
119598,942,200.637
119598,943,196.5313
119598,944,202.9564
119598,945,206.0702
119598,948,206.594
119598,949,210.9308
119598,950,208.3199
119598,951,210.294
119598,952,211.1411
119598,955,212.206
119598,956,216.6901
119598,957,219.3957
119598,958,220.588
119598,959,215.101
119598,962,212.0583
119598,963,211.8338
119598,964,212.3308
119598,965,208.7671
119598,966,217.0381
119598,969,222.4777
119598,970,224.7935
119598,971,225.2452
119598,972,224.6898
119598,973,221.5399
119598,976,222.0041
119598,977,223.1018
119598,978,218.9723
119598,979,220.32
119598,980,219.9739
119598,983,213.6495
119598,984,210.9582
119598,985,209.7716
119598,986,216.2901
119598,987,218.3848
119598,990,214.0265
119598,991,215.8593
119598,992,210.8469
119598,993,214.6601
119598,994,213.2595
119598,997,213.1312
119598,998,217.8181
119598,999,213.6336
119598,1000,209.167
119598,1001,207.4344
119598,1004,211.0386
119598,1005,206.2289
119598,1006,197.405
119598,1007,196.1786
119598,1008,198.0634
119598,1011,202.0192
119598,1012,200.7262
119598,1013,199.604
119598,1014,203.4419
119598,1015,197.7113
119598,1018,196.6769
119598,1019,197.4399
119598,1020,199.0153
119598,1021,197.5963
119598,1022,197.8762
119598,1025,190.4381
119598,1026,188.6387
119598,1027,190.1567
119598,1028,187.4012
119598,1029,187.7392
119598,1032,189.2303
119598,1033,188.3766
119598,1034,189.0479
119598,1035,186.3659
119598,1036,185.9227
119598,1039,187.882
119598,1040,188.5115
119598,1041,186.9414
119598,1042,187.7665
119598,1043,190.0574
119598,1046,184.1804
119598,1047,187.7371
119598,1048,186.9087
119598,1049,188.3297
119598,1050,192.0819
119598,1053,188.1412
119598,1054,186.2134
119598,1055,185.531
119598,1056,183.4152
119598,1057,188.6603
119598,1060,186.2944
119598,1061,184.8329
119598,1062,185.5907
119598,1063,182.2692
119598,1064,181.2952
119598,1067,182.3629
119598,1068,181.5679
119598,1069,181.4594
119598,1070,180.1102
119598,1071,176.0189
119598,1074,177.0671
119598,1075,182.1881
119598,1076,182.4001
119598,1077,183.2082
119598,1078,185.3796
119598,1081,181.8693
119598,1082,186.9747
119598,1083,187.7353
119598,1084,192.7907
119598,1085,190.7443
119598,1088,196.4561
119598,1089,199.0427
119598,1090,200.9592
119598,1091,201.8774
119598,1092,201.2644
119598,1095,205.285
119598,1096,205.9189
119598,1097,199.8121
119598,1098,196.4988
119598,1099,196.0956
119598,1102,197.2274
119598,1103,197.2238
119598,1104,201.2221
119598,1105,195.3036
119598,1106,195.9167
119598,1109,190.5533
119598,1110,193.0153
119598,1111,192.8967
119598,1112,194.3452
119598,1113,191.8866
119598,1116,195.9632
119598,1117,199.3786
119598,1118,201.3951
119598,1119,201.1603
119598,1120,203.183
119598,1123,201.1091
119598,1124,204.0151
119598,1125,209.5671
119598,1126,213.3166
119598,1127,211.0638
119598,1130,212.4539
119598,1131,208.3529
119598,1132,210.4231
119598,1133,212.1068
119598,1134,206.1319
119598,1137,202.5715
119598,1138,201.8463
119598,1139,201.0677
119598,1140,197.4464
119598,1141,198.8331
119598,1144,199.7965
119598,1145,199.3601
119598,1146,197.1734
119598,1147,200.6319
119598,1148,206.1111
119598,1151,204.7261
119598,1152,202.9389
119598,1153,204.6935
119598,1154,203.7204
119598,1155,203.4512
119598,1158,206.0147
119598,1159,200.0868
119598,1160,204.4627
119598,1161,204.8756
119598,1162,203.73
119598,1165,203.6216
119598,1166,203.6789
119598,1167,198.374
119598,1168,203.2771
119598,1169,203.5871
119598,1172,205.1915
119598,1173,208.4714
119598,1174,205.3248
119598,1175,207.0422
119598,1176,206.3514
119598,1179,209.3043
119598,1180,202.5854
119598,1181,202.4461
119598,1182,200.7085
119598,1183,202.2559
119598,1186,203.9367
119598,1187,201.8527
119598,1188,199.7758
119598,1189,199.6021
119598,1190,196.9753
119598,1193,199.7789
119598,1194,198.7941
119598,1195,190.0642
119598,1196,189.1106
119598,1197,186.2053
119598,1200,181.641
119598,1201,178.2911
119598,1202,178.7546
119598,1203,182.6937
119598,1204,183.7574
119598,1207,182.1695
119598,1208,183.6424
119598,1209,182.4787
119598,1210,180.6511
119598,1211,177.5516
119598,1214,172.871
119598,1215,171.9627
119598,1216,172.5419
119598,1217,172.43
119598,1218,171.4537
119598,1221,169.0665
119598,1222,170.8429
119598,1223,167.4817
119598,1224,169.6892
119598,1225,167.1779
119598,1228,165.3528
119598,1229,161.7181
119598,1230,160.5863
119598,1231,163.2143
119598,1232,164.6888
119598,1235,167.3922
119598,1236,168.9217
119598,1237,166.156
119598,1238,165.4371
119598,1239,163.5595
119598,1242,167.1689
119598,1243,164.1909
119598,1244,166.6636
119598,1245,169.1715
119598,1246,174.2689
119598,1249,173.2994
119598,1250,175.4075
119598,1251,181.9838
119598,1252,180.3796
119598,1253,176.2251
119598,1256,171.2334
119598,1257,173.3174
119598,1258,168.3998
119598,1259,167.5615
119598,1260,168.8669
119598,1263,169.508
119598,1264,170.7965
119598,1265,171.5452
119598,1266,175.1881
119598,1267,172.731
119598,1270,171.0484
119598,1271,169.1273
119598,1272,171.5027
119598,1273,174.1038
119598,1274,175.4986
119598,1277,178.9564
119598,1278,175.8204
119598,1279,180.6556
119598,1280,185.2033
119598,1281,187.525
119598,1284,193.03
119598,1285,188.2234
119598,1286,186.8382
119598,1287,184.8484
119598,1288,187.124
119598,1291,184.2155
119598,1292,186.5891
119598,1293,190.8267
119598,1294,193.0959
119598,1295,194.1301
119598,1298,191.3003
119598,1299,188.9308
119598,1300,192.854
119598,1301,195.4061
119598,1302,195.4566
119598,1305,194.344
119598,1306,188.406
119598,1307,185.4171
119598,1308,191.2503
119598,1309,187.596
119598,1312,188.321
119598,1313,191.4998
119598,1314,187.9163
119598,1315,188.6283
119598,1316,191.6024
119598,1319,191.8075
119598,1320,200.846
119598,1321,195.8077
119598,1322,199.2738
119598,1323,198.9058
119598,1326,201.5144
119598,1327,203.097
119598,1328,200.9409
119598,1329,201.843
119598,1330,196.194
119598,1333,198.2398
119598,1334,199.3468
119598,1335,201.5378
119598,1336,205.1033
119598,1337,206.4743
119598,1340,207.1372
119598,1341,204.4613
119598,1342,202.3574
119598,1343,206.3549
119598,1344,211.2603
119598,1347,210.6534
119598,1348,210.9902
119598,1349,208.1873
119598,1350,212.2533
119598,1351,214.6766
119598,1354,221.5342
119598,1355,218.6818
119598,1356,217.5737
119598,1357,218.5589
119598,1358,220.9883
119598,1361,220.4314
119598,1362,217.6116
119598,1363,220.846
119598,1364,223.5635
119598,1365,220.5531
119598,1368,225.5085
119598,1369,229.9035
119598,1370,230.5915
119598,1371,231.0824
119598,1372,233.3111
119598,1375,230.3674
119598,1376,230.6776
119598,1377,223.1842
119598,1378,226.4838
119598,1379,221.1752
119598,1382,226.6722
119598,1383,225.6937
119598,1384,225.1391
119598,1385,223.1191
119598,1386,222.3032
119598,1389,227.5239
119598,1390,218.9731
119598,1391,223.6164
119598,1392,225.0063
119598,1393,220.9625
119598,1396,217.4418
119598,1397,223.4539
119598,1398,220.3435
119598,1399,216.5664
119598,1400,220.6728
119598,1403,222.0463
119598,1404,218.9817
119598,1405,219.9219
119598,1406,216.5868
119598,1407,220.5668
119598,1410,224.4805
119598,1411,226.5669
119598,1412,228.06
119598,1413,234.6788
119598,1414,234.8826
119598,1417,230.7526
119598,1418,232.5948
119598,1419,240.5728
119598,1420,236.9656
119598,1421,235.8263
119598,1424,237.5853
119598,1425,237.5911
119598,1426,234.1482
119598,1427,238.5299
119598,1428,247.6224
119598,1431,248.6054
119598,1432,245.3049
119598,1433,239.6025
119598,1434,240.788
119598,1435,245.2246
119598,1438,247.2823
119598,1439,247.4889
119598,1440,245.417
119598,1441,241.4426
119598,1442,244.8513
119598,1445,248.6172
119598,1446,242.8501
119598,1447,249.2248
119598,1448,251.7078
119598,1449,257.5422
119598,1452,252.376
119598,1453,247.2212
119598,1454,246.8573
119598,1455,249.037
119598,1456,256.4066
119598,1459,259.5001
119598,1460,258.736
119598,1461,254.8098
119598,1462,260.0207
119598,1463,256.3238
119598,1466,263.2122
119598,1467,262.2649
119598,1468,269.1523
119598,1469,272.2831
119598,1470,271.9336
119598,1473,269.9539
119598,1474,268.743
119598,1475,270.7982
119598,1476,271.3642
119598,1477,269.0732
119598,1480,268.6066
119598,1481,269.1741
119598,1482,260.5271
119598,1483,262.6429
119598,1484,258.8476
119598,1487,254.4105
119598,1488,247.9554
119598,1489,241.2589
119598,1490,236.3698
119598,1491,233.9493
119598,1494,241.4684
119598,1495,239.686
119598,1496,240.5678
119598,1497,242.3013
119598,1498,243.014
119598,1501,242.9298
119598,1502,238.6078
119598,1503,244.336
119598,1504,251.6094
119598,1505,245.2435
119598,1508,241.531
119598,1509,240.679
119598,1510,237.2578
119598,1511,239.3647
119598,1512,236.8417
119598,1515,245.2705
119598,1516,250.1308
119598,1517,251.1888
119598,1518,255.5074
119598,1519,260.2234
119598,1522,258.1478
119598,1523,255.0733
119598,1524,255.6105
119598,1525,259.3289
119598,1526,260.1245
119598,1529,253.9654
119598,1530,250.9936
119598,1531,250.9204
119598,1532,250.8404
119598,1533,258.981
119598,1536,253.6107
119598,1537,255.8614
119598,1538,262.1613
119598,1539,271.9464
119598,1540,270.456
119598,1543,272.7953
119598,1544,275.4945
119598,1545,276.5853
119598,1546,276.3962
119598,1547,278.5436
119598,1550,267.8878
119598,1551,271.0174
119598,1552,271.7936
119598,1553,271.0796
119598,1554,280.2047
119598,1557,277.4843
119598,1558,275.9693
119598,1559,285.0107
119598,1560,281.546
119598,1561,279.3611
119598,1564,278.9585
119598,1565,282.9234
119598,1566,284.0987
119598,1567,278.617
119598,1568,276.533
119598,1571,274.1398
119598,1572,274.0458
119598,1573,276.1308
119598,1574,278.1982
119598,1575,270.7612
119598,1578,275.5766
119598,1579,276.9166
119598,1580,283.268
119598,1581,285.5057
119598,1582,290.7545
119598,1585,293.1545
119598,1586,299.6975
119598,1587,302.4365
119598,1588,302.2343
119598,1589,313.5199
119598,1592,318.2181
119598,1593,321.3869
119598,1594,315.2666
119598,1595,309.2045
119598,1596,310.9045
119598,1599,311.89
119598,1600,309.1578
119598,1601,310.1156
119598,1602,318.2498
119598,1603,322.0353
119598,1606,316.5766
119598,1607,316.2971
119598,1608,312.5855
119598,1609,310.9541
119598,1610,309.205
119599,3,96.4565
119599,4,94.6512
119599,5,94.5436
119599,6,93.7944
119599,7,89.6438
119599,10,92.6703
119599,11,94.3553
119599,12,93.8798
119599,13,93.9896
119599,14,92.3518
119599,17,94.9342
119599,18,97.899
119599,19,98.2266
119599,20,99.9099
119599,21,100.2736
119599,24,98.2705
119599,25,97.7205
119599,26,98.0093
119599,27,97.3952
119599,28,97.1451
119599,31,97.0901
119599,32,97.0512
119599,33,97.216
119599,34,95.6892
119599,35,94.6974
119599,38,92.8819
119599,39,94.4057
119599,40,91.4062
119599,41,93.1633
119599,42,95.3028
119599,45,94.9332
119599,46,91.1997
119599,47,90.7614
119599,48,90.7489
119599,49,89.394
119599,52,88.7491
119599,53,90.9932
119599,54,92.0313
119599,55,90.7802
119599,56,88.602
119599,59,88.2239
119599,60,88.0046
119599,61,88.7725
119599,62,88.1041
119599,63,88.8942
119599,66,91.7251
119599,67,92.9919
119599,68,93.0026
119599,69,92.8158
119599,70,92.3765
119599,73,94.1923
119599,74,93.3478
119599,75,93.4959
119599,76,93.6531
119599,77,92.997
119599,80,91.088
119599,81,91.6325
119599,82,91.6244
119599,83,92.4298
119599,84,91.7364
119599,87,93.5988
119599,88,92.3959
119599,89,95.0039
119599,90,92.5055
119599,91,93.2224
119599,94,94.0051
119599,95,92.9157
119599,96,93.6205
119599,97,95.6096
119599,98,92.4099
119599,101,93.2258
119599,102,89.7145
119599,103,88.4377
119599,104,90.8153
119599,105,90.0656
119599,108,88.4931
119599,109,88.2948
119599,110,91.2972
119599,111,88.7787
119599,112,87.3972
119599,115,89.5609
119599,116,92.3003
119599,117,92.2306
119599,118,90.5273
119599,119,93.6469
119599,122,96.112
119599,123,97.23
119599,124,96.0778
119599,125,96.0875
119599,126,95.9289
119599,129,96.5142
119599,130,98.8313
119599,131,100.2971
119599,132,98.6959
119599,133,100.9468
119599,136,101.5345
119599,137,102.7287
119599,138,105.2207
119599,139,103.4851
119599,140,103.5171
119599,143,102.7439
119599,144,100.3256
119599,145,100.963
119599,146,105.1282
119599,147,102.2147
119599,150,102.252
119599,151,103.3789
119599,152,103.6699
119599,153,103.5758
119599,154,101.5667
119599,157,102.0288
119599,158,100.9081
119599,159,97.5724
119599,160,99.5123
119599,161,101.1138
119599,164,101.2845
119599,165,101.7394
119599,166,103.5657
119599,167,104.023
119599,168,105.6067
119599,171,105.2049
119599,172,107.4951
119599,173,108.1339
119599,174,108.5596
119599,175,106.5027
119599,178,107.0785
119599,179,105.7771
119599,180,104.8106
119599,181,103.5637
119599,182,101.9281
119599,185,105.4886
119599,186,107.8178
119599,187,111.2254
119599,188,109.1991
119599,189,109.4172
119599,192,107.3045
119599,193,106.2279
119599,194,104.7945
119599,195,106.9537
119599,196,106.3812
119599,199,108.2807
119599,200,109.4113
119599,201,113.5526
119599,202,111.0344
119599,203,113.3572
119599,206,115.5232
119599,207,113.8652
119599,208,115.7867
119599,209,116.5029
119599,210,116.1877
119599,213,114.79
119599,214,113.5964
119599,215,117.4258
119599,216,117.5296
119599,217,119.0902
119599,220,117.7188
119599,221,116.3834
119599,222,118.4869
119599,223,116.0965
119599,224,115.4406
119599,227,115.6033
119599,228,115.9074
119599,229,115.6819
119599,230,116.5069
119599,231,117.888
119599,234,119.364
119599,235,117.6278
119599,236,117.2049
119599,237,119.5354
119599,238,121.3374
119599,241,118.8459
119599,242,119.6099
119599,243,116.0423
119599,244,116.2295
119599,245,119.8603
119599,248,118.1874
119599,249,116.7466
119599,250,118.263
119599,251,115.525
119599,252,114.4794
119599,255,115.6607
119599,256,114.6112
119599,257,114.2858
119599,258,115.734
119599,259,116.6067
119599,262,117.2
119599,263,116.6775
119599,264,117.462
119599,265,117.3357
119599,266,118.288
119599,269,117.4684
119599,270,117.2334
119599,271,115.5207
119599,272,115.5579
119599,273,114.191
119599,276,112.303
119599,277,112.8599
119599,278,113.3376
119599,279,114.8438
119599,280,114.1663
119599,283,115.0027
119599,284,116.1059
119599,285,117.0241
119599,286,115.6132
119599,287,115.9867
119599,290,116.7557
119599,291,116.8708
119599,292,113.1918
119599,293,113.5773
119599,294,117.7073
119599,297,117.144
119599,298,115.9096
119599,299,116.695
119599,300,117.3729
119599,301,119.7029
119599,304,117.4575
119599,305,118.922
119599,306,120.1377
119599,307,119.9738
119599,308,120.7208
119599,311,122.8011
119599,312,124.6084
119599,313,122.4923
119599,314,124.1931
119599,315,124.175
119599,318,124.4262
119599,319,124.6785
119599,320,124.4925
119599,321,126.9618
119599,322,126.9052
119599,325,124.7962
119599,326,124.1335
119599,327,124.5921
119599,328,127.1384
119599,329,128.4638
119599,332,126.8653
119599,333,132.0442
119599,334,132.7118
119599,335,135.5226
119599,336,135.3172
119599,339,136.5778
119599,340,138.5163
119599,341,141.3227
119599,342,143.8212
119599,343,145.9376
119599,346,145.3421
119599,347,144.1651
119599,348,145.0488
119599,349,147.3246
119599,350,146.937
119599,353,149.5532
119599,354,153.1475
119599,355,151.0852
119599,356,149.2372
119599,357,149.0377
119599,360,149.8922
119599,361,148.7889
119599,362,152.1241
119599,363,153.2772
119599,364,153.5064
119599,367,150.2051
119599,368,147.2531
119599,369,148.0354
119599,370,143.2711
119599,371,145.7014
119599,374,145.4659
119599,375,153.2221
119599,376,159.0324
119599,377,158.7171
119599,378,158.5899
119599,381,161.2368
119599,382,165.7647
119599,383,161.6843
119599,384,157.3364
119599,385,155.9387
119599,388,157.5138
119599,389,158.8899
119599,390,161.7305
119599,391,158.8422
119599,392,153.2864
119599,395,155.5075
119599,396,153.6264
119599,397,148.9497
119599,398,149.4208
119599,399,151.4311
119599,402,151.2723
119599,403,150.3166
119599,404,150.0708
119599,405,149.3278
119599,406,146.3188
119599,409,144.8075
119599,410,146.1287
119599,411,146.9991
119599,412,147.5174
119599,413,145.3504
119599,416,145.0621
119599,417,140.2953
119599,418,140.8131
119599,419,144.1434
119599,420,140.9586
119599,423,139.7859
119599,424,140.635
119599,425,143.5626
119599,426,142.6773
119599,427,141.2535
119599,430,137.0604
119599,431,137.4038
119599,432,142.0184
119599,433,142.7646
119599,434,142.8392
119599,437,143.691
119599,438,143.7913
119599,439,142.086
119599,440,144.0659
119599,441,144.7053
119599,444,144.8719
119599,445,142.7882
119599,446,145.877
119599,447,147.5408
119599,448,146.3894
119599,451,148.8472
119599,452,147.8144
119599,453,146.1327
119599,454,144.5208
119599,455,140.6684
119599,458,141.8406
119599,459,137.929
119599,460,135.4044
119599,461,131.1644
119599,462,131.1012
119599,465,130.9054
119599,466,130.3474
119599,467,128.3367
119599,468,126.0992
119599,469,127.1357
119599,472,126.1483
119599,473,126.889
119599,474,125.2416
119599,475,125.7089
119599,476,128.4278
119599,479,129.732
119599,480,129.0048
119599,481,129.6415
119599,482,129.2638
119599,483,129.3928
119599,486,128.8434
119599,487,128.6226
119599,488,129.1657
119599,489,127.2718
119599,490,125.3612
119599,493,122.7568
119599,494,119.8063
119599,495,117.6341
119599,496,118.0329
119599,497,116.4866
119599,500,117.5352
119599,501,117.7022
119599,502,114.2089
119599,503,115.4939
119599,504,117.0802
119599,507,115.3626
119599,508,116.23
119599,509,114.7729
119599,510,115.05
119599,511,112.88
119599,514,109.8329
119599,515,109.268
119599,516,109.1506
119599,517,108.5639
119599,518,106.6513
119599,521,106.0743
119599,522,106.6182
119599,523,106.6359
119599,524,107.0362
119599,525,106.0051
119599,528,108.0736
119599,529,106.1829
119599,530,107.0948
119599,531,109.2021
119599,532,110.1284
119599,535,109.8736
119599,536,109.0584
119599,537,110.9493
119599,538,108.5854
119599,539,107.0324
119599,542,106.4573
119599,543,108.6474
119599,544,109.3946
119599,545,107.8336
119599,546,107.4016
119599,549,106.4605
119599,550,105.369
119599,551,107.0994
119599,552,104.9021
119599,553,107.6879
119599,556,109.197
119599,557,111.1861
119599,558,110.4749
119599,559,110.3106
119599,560,107.9429
119599,563,107.1482
119599,564,108.0788
119599,565,110.4038
119599,566,108.5902
119599,567,108.0613
119599,570,107.8983
119599,571,105.6445
119599,572,106.7261
119599,573,105.6083
119599,574,105.3758
119599,577,104.7198
119599,578,103.5165
119599,579,103.5954
119599,580,103.3344
119599,581,102.8207
119599,584,101.7367
119599,585,102.3392
119599,586,105.1311
119599,587,105.455
119599,588,107.2159
119599,591,104.9856
119599,592,105.3387
119599,593,103.6243
119599,594,101.3303
119599,595,100.2448
119599,598,102.2334
119599,599,103.8651
119599,600,104.3544
119599,601,101.9546
119599,602,101.7287
119599,605,102.3025
119599,606,102.6753
119599,607,99.8239
119599,608,98.52
119599,609,98.5066
119599,612,99.4288
119599,613,96.1327
119599,614,95.9713
119599,615,96.2718
119599,616,97.6538
119599,619,98.8114
119599,620,99.8092
119599,621,98.6458
119599,622,95.8094
119599,623,95.3013
119599,626,96.9011
119599,627,99.1376
119599,628,100.3407
119599,629,101.1097
119599,630,101.8049
119599,633,101.0053
119599,634,100.8866
119599,635,103.6641
119599,636,102.2259
119599,637,104.9505
119599,640,104.5108
119599,641,106.8084
119599,642,104.5593
119599,643,105.6207
119599,644,104.4935
119599,647,102.2795
119599,648,102.7217
119599,649,104.459
119599,650,103.1682
119599,651,100.8492
119599,654,100.7914
119599,655,100.7406
119599,656,101.7031
119599,657,103.3256
119599,658,103.3191
119599,661,106.4757
119599,662,106.9457
119599,663,106.4567
119599,664,103.8795
119599,665,103.5411
119599,668,103.084
119599,669,104.7462
119599,670,105.604
119599,671,103.7513
119599,672,104.124
119599,675,105.3229
119599,676,107.9824
119599,677,109.5979
119599,678,111.0159
119599,679,111.218
119599,682,111.998
119599,683,114.3234
119599,684,112.0467
119599,685,111.5291
119599,686,110.2766
119599,689,111.0339
119599,690,113.3049
119599,691,112.3427
119599,692,108.2868
119599,693,107.6801
119599,696,109.3358
119599,697,110.3617
119599,698,111.2055
119599,699,110.8129
119599,700,108.698
119599,703,109.6794
119599,704,108.3423
119599,705,112.2317
119599,706,113.3435
119599,707,112.4099
119599,710,111.43
119599,711,111.3642
119599,712,111.0418
119599,713,113.1108
119599,714,113.5425
119599,717,112.3398
119599,718,115.8357
119599,719,116.0269
119599,720,117.5429
119599,721,116.524
119599,724,117.2946
119599,725,117.9737
119599,726,114.6146
119599,727,118.4139
119599,728,120.9509
119599,731,120.3017
119599,732,118.3346
119599,733,119.088
119599,734,119.3549
119599,735,120.1302
119599,738,120.5984
119599,739,121.6699
119599,740,124.5836
119599,741,125.8131
119599,742,123.8585
119599,745,126.6555
119599,746,130.0841
119599,747,136.8239
119599,748,134.5417
119599,749,135.1753
119599,752,130.929
119599,753,132.1899
119599,754,131.168
119599,755,135.3202
119599,756,133.7962
119599,759,130.3976
119599,760,129.5465
119599,761,125.6879
119599,762,127.2945
119599,763,123.3289
119599,766,123.4919
119599,767,119.6207
119599,768,119.1228
119599,769,122.3528
119599,770,123.1572
119599,773,121.5999
119599,774,121.6463
119599,775,121.7871
119599,776,122.8041
119599,777,120.2938
119599,780,121.5277
119599,781,116.5622
119599,782,115.5125
119599,783,114.7278
119599,784,115.979
119599,787,116.1217
119599,788,113.6787
119599,789,112.0266
119599,790,112.4759
119599,791,112.434
119599,794,111.5106
119599,795,110.766
119599,796,112.0849
119599,797,111.2719
119599,798,111.2147
119599,801,115.1814
119599,802,112.7261
119599,803,109.5816
119599,804,111.0392
119599,805,109.9547
119599,808,109.5006
119599,809,108.2562
119599,810,107.9084
119599,811,110.7561
119599,812,112.262
119599,815,113.8962
119599,816,111.4813
119599,817,109.5741
119599,818,104.8743
119599,819,103.6364
119599,822,105.3016
119599,823,106.2551
119599,824,105.9776
119599,825,106.0329
119599,826,104.9804
119599,829,105.4114
119599,830,106.7837
119599,831,104.1915
119599,832,104.7758
119599,833,106.4186
119599,836,105.8175
119599,837,107.0851
119599,838,112.0364
119599,839,111.9501
119599,840,112.7441
119599,843,111.5385
119599,844,111.9551
119599,845,112.868
119599,846,113.3138
119599,847,111.606
119599,850,112.0671
119599,851,114.7778
119599,852,115.6926
119599,853,117.5613
119599,854,117.2256
119599,857,118.7218
119599,858,119.3492
119599,859,117.6779
119599,860,118.373
119599,861,116.6404
119599,864,115.5845
119599,865,116.0309
119599,866,116.6772
119599,867,114.6123
119599,868,116.6324
119599,871,117.7906
119599,872,116.5923
119599,873,113.9023
119599,874,113.7419
119599,875,113.0446
119599,878,113.3451
119599,879,112.7972
119599,880,109.3824
119599,881,108.8104
119599,882,108.3826
119599,885,109.5651
119599,886,108.4617
119599,887,111.4645
119599,888,108.2533
119599,889,110.6084
119599,892,110.3146
119599,893,111.9158
119599,894,112.1544
119599,895,114.285
119599,896,113.6892
119599,899,111.8367
119599,900,114.4666
119599,901,114.362
119599,902,114.862
119599,903,117.2197
119599,906,115.4308
119599,907,116.6202
119599,908,115.6427
119599,909,115.5031
119599,910,115.7356
119599,913,113.132
119599,914,111.8504
119599,915,114.3556
119599,916,116.064
119599,917,116.0509
119599,920,116.5978
119599,921,116.1601
119599,922,118.7721
119599,923,118.5014
119599,924,119.0387
119599,927,121.3125
119599,928,119.9411
119599,929,123.0293
119599,930,120.2043
119599,931,123.4369
119599,934,122.8218
119599,935,122.4601
119599,936,118.9726
119599,937,118.2267
119599,938,116.408
119599,941,115.4001
119599,942,115.2514
119599,943,117.1052
119599,944,117.5913
119599,945,118.2656
119599,948,116.3443
119599,949,114.8418
119599,950,118.2447
119599,951,116.9856
119599,952,120.1819
119599,955,119.8273
119599,956,119.9363
119599,957,122.0817
119599,958,124.6605
119599,959,124.5518
119599,962,123.9007
119599,963,123.8998
119599,964,124.6698
119599,965,126.5425
119599,966,126.6614
119599,969,128.0137
119599,970,131.4744
119599,971,132.3818
119599,972,133.1493
119599,973,130.1156
119599,976,124.9441
119599,977,125.8205
119599,978,125.7424
119599,979,124.8361
119599,980,125.4252
119599,983,125.4154
119599,984,127.7743
119599,985,128.0594
119599,986,126.6725
119599,987,128.7756
119599,990,128.4481
119599,991,129.6308
119599,992,128.7721
119599,993,127.5724
119599,994,127.8531
119599,997,127.9907
119599,998,129.0741
119599,999,128.6415
119599,1000,125.0836
119599,1001,124.3425
119599,1004,126.0167
119599,1005,125.5374
119599,1006,125.1605
119599,1007,127.2309
119599,1008,125.9222
119599,1011,123.0069
119599,1012,122.8033
119599,1013,121.9769
119599,1014,120.2398
119599,1015,120.0129
119599,1018,121.0511
119599,1019,121.1391
119599,1020,121.8324
119599,1021,125.4714
119599,1022,124.9047
119599,1025,125.563
119599,1026,124.6689
119599,1027,123.1257
119599,1028,122.1033
119599,1029,121.292
119599,1032,122.0871
119599,1033,126.7989
119599,1034,125.4866
119599,1035,124.7748
119599,1036,124.7597
119599,1039,125.6494
119599,1040,126.2822
119599,1041,128.9745
119599,1042,124.2475
119599,1043,119.7682
119599,1046,118.9403
119599,1047,121.1193
119599,1048,118.2726
119599,1049,112.8996
119599,1050,114.0193
119599,1053,114.5576
119599,1054,112.7059
119599,1055,111.067
119599,1056,109.4792
119599,1057,109.7658
119599,1060,108.7833
119599,1061,109.7288
119599,1062,104.9967
119599,1063,103.6798
119599,1064,101.9464
119599,1067,101.6243
119599,1068,100.8549
119599,1069,102.2193
119599,1070,99.3562
119599,1071,99.5143
119599,1074,100.4808
119599,1075,103.5526
119599,1076,102.8597
119599,1077,103.4769
119599,1078,100.6665
119599,1081,97.0296
119599,1082,98.415
119599,1083,98.4923
119599,1084,100.425
119599,1085,98.3621
119599,1088,99.2574
119599,1089,102.3113
119599,1090,103.0798
119599,1091,103.6202
119599,1092,103.7246
119599,1095,101.2784
119599,1096,103.5542
119599,1097,102.6523
119599,1098,103.5615
119599,1099,101.1317
119599,1102,99.3572
119599,1103,101.7171
119599,1104,101.2506
119599,1105,103.6851
119599,1106,103.6479
119599,1109,100.7725
119599,1110,102.2875
119599,1111,101.4301
119599,1112,102.6419
119599,1113,102.7724
119599,1116,100.3925
119599,1117,100.7405
119599,1118,104.3769
119599,1119,105.2823
119599,1120,105.2788
119599,1123,107.1704
119599,1124,107.6205
119599,1125,108.0705
119599,1126,106.3213
119599,1127,106.8068
119599,1130,108.6575
119599,1131,107.3299
119599,1132,109.8608
119599,1133,109.7981
119599,1134,108.3682
119599,1137,110.1804
119599,1138,109.7797
119599,1139,111.1977
119599,1140,110.7846
119599,1141,110.777
119599,1144,111.7389
119599,1145,112.35
119599,1146,108.9692
119599,1147,107.1554
119599,1148,108.8304
119599,1151,108.699
119599,1152,107.9003
119599,1153,105.7085
119599,1154,104.0169
119599,1155,100.8452
119599,1158,100.7724
119599,1159,99.9143
119599,1160,98.4908
119599,1161,98.4712
119599,1162,99.1237
119599,1165,102.5352
119599,1166,100.2102
119599,1167,102.1458
119599,1168,103.8138
119599,1169,102.6374
119599,1172,103.0564
119599,1173,102.4057
119599,1174,102.7953
119599,1175,105.3596
119599,1176,106.4621
119599,1179,107.412
119599,1180,106.7798
119599,1181,104.4042
119599,1182,104.1529
119599,1183,106.2437
119599,1186,103.8095
119599,1187,102.188
119599,1188,102.4809
119599,1189,100.9921
119599,1190,99.8265
119599,1193,99.2494
119599,1194,97.2225
119599,1195,95.8261
119599,1196,96.9781
119599,1197,95.0848
119599,1200,92.803
119599,1201,91.967
119599,1202,93.1145
119599,1203,92.9072
119599,1204,92.3105
119599,1207,92.4557
119599,1208,90.0271
119599,1209,90.8104
119599,1210,91.4403
119599,1211,90.9321
119599,1214,92.4648
119599,1215,90.9168
119599,1216,92.627
119599,1217,92.9337
119599,1218,92.5232
119599,1221,92.575
119599,1222,92.4995
119599,1223,94.3766
119599,1224,92.8709
119599,1225,91.8425
119599,1228,93.4352
119599,1229,92.6438
119599,1230,94.0491
119599,1231,96.6846
119599,1232,96.1586
119599,1235,97.2809
119599,1236,95.6128
119599,1237,96.8406
119599,1238,97.23
119599,1239,98.0426
119599,1242,97.1356
119599,1243,94.7102
119599,1244,95.5472
119599,1245,92.573
119599,1246,92.192
119599,1249,93.6504
119599,1250,94.0158
119599,1251,97.03
119599,1252,98.6953
119599,1253,97.7694
119599,1256,97.8969
119599,1257,97.9094
119599,1258,95.5833
119599,1259,94.2604
119599,1260,93.5133
119599,1263,90.6412
119599,1264,90.7882
119599,1265,90.5118
119599,1266,88.2353
119599,1267,88.8764
119599,1270,89.9625
119599,1271,90.3636
119599,1272,89.9821
119599,1273,90.9035
119599,1274,91.9628
119599,1277,92.4898
119599,1278,91.3762
119599,1279,91.8552
119599,1280,93.6827
119599,1281,92.8877
119599,1284,96.0917
119599,1285,95.3828
119599,1286,95.5149
119599,1287,94.5912
119599,1288,95.0073
119599,1291,92.5167
119599,1292,91.8046
119599,1293,90.318
119599,1294,90.5897
119599,1295,92.1
119599,1298,93.123
119599,1299,89.7874
119599,1300,92.8028
119599,1301,93.3168
119599,1302,92.2631
119599,1305,92.5725
119599,1306,92.9108
119599,1307,92.0205
119599,1308,92.3884
119599,1309,91.5886
119599,1312,91.0867
119599,1313,90.1863
119599,1314,88.2512
119599,1315,88.5314
119599,1316,89.4293
119599,1319,90.2361
119599,1320,91.4887
119599,1321,92.0375
119599,1322,91.3483
119599,1323,92.6451
119599,1326,90.7647
119599,1327,89.5645
119599,1328,88.2918
119599,1329,89.8849
119599,1330,91.3091
119599,1333,92.0929
119599,1334,93.7425
119599,1335,92.5341
119599,1336,93.1248
119599,1337,93.0226
119599,1340,94.3539
119599,1341,94.2651
119599,1342,93.7772
119599,1343,94.662
119599,1344,96.0611
119599,1347,95.1383
119599,1348,95.1299
119599,1349,93.639
119599,1350,90.1053
119599,1351,90.4692
119599,1354,91.4207
119599,1355,91.8789
119599,1356,89.1787
119599,1357,88.7648
119599,1358,85.7921
119599,1361,87.7394
119599,1362,86.3268
119599,1363,88.1274
119599,1364,89.5281
119599,1365,88.3444
119599,1368,86.8582
119599,1369,87.415
119599,1370,86.3357
119599,1371,86.5507
119599,1372,85.9701
119599,1375,83.6651
119599,1376,80.8478
119599,1377,81.2078
119599,1378,80.5631
119599,1379,79.9342
119599,1382,80.8856
119599,1383,82.4662
119599,1384,82.1847
119599,1385,81.8164
119599,1386,82.5354
119599,1389,80.861
119599,1390,81.2165
119599,1391,81.997
119599,1392,82.9525
119599,1393,80.5309
119599,1396,79.6405
119599,1397,78.6152
119599,1398,78.8077
119599,1399,79.476
119599,1400,81.4426
119599,1403,80.8808
119599,1404,80.3196
119599,1405,81.8585
119599,1406,82.3136
119599,1407,84.0467
119599,1410,84.5035
119599,1411,83.05
119599,1412,81.3956
119599,1413,79.5003
119599,1414,80.4037
119599,1417,81.9944
119599,1418,84.4913
119599,1419,85.6955
119599,1420,87.3555
119599,1421,86.6368
119599,1424,85.1475
119599,1425,86.3705
119599,1426,87.0164
119599,1427,87.2399
119599,1428,87.8504
119599,1431,88.3758
119599,1432,90.2596
119599,1433,92.1997
119599,1434,93.0745
119599,1435,94.405
119599,1438,95.2555
119599,1439,94.6487
119599,1440,95.8669
119599,1441,93.8664
119599,1442,95.5206
119599,1445,93.8224
119599,1446,94.3279
119599,1447,93.1621
119599,1448,94.0596
119599,1449,94.0915
119599,1452,91.8379
119599,1453,92.5291
119599,1454,91.7709
119599,1455,93.1345
119599,1456,93.2178
119599,1459,93.8821
119599,1460,92.5577
119599,1461,91.7827
119599,1462,91.2017
119599,1463,92.5213
119599,1466,95.0809
119599,1467,93.9649
119599,1468,95.6554
119599,1469,92.5229
119599,1470,90.8784
119599,1473,89.5947
119599,1474,87.7831
119599,1475,85.6958
119599,1476,86.3303
119599,1477,86.1149
119599,1480,86.7066
119599,1481,87.7312
119599,1482,88.1759
119599,1483,89.1718
119599,1484,89.152
119599,1487,87.5774
119599,1488,89.1263
119599,1489,88.3804
119599,1490,87.1638
119599,1491,86.9958
119599,1494,85.8291
119599,1495,85.3411
119599,1496,85.8797
119599,1497,86.4276
119599,1498,85.2886
119599,1501,84.7099
119599,1502,86.2306
119599,1503,86.9832
119599,1504,89.9512
119599,1505,91.7187
119599,1508,93.4681
119599,1509,91.5272
119599,1510,92.7158
119599,1511,92.7192
119599,1512,91.9984
119599,1515,92.3227
119599,1516,93.7891
119599,1517,94.6144
119599,1518,93.3959
119599,1519,94.5769
119599,1522,93.7138
119599,1523,94.1163
119599,1524,93.7495
119599,1525,93.5085
119599,1526,94.7264
119599,1529,93.2687
119599,1530,96.2541
119599,1531,93.6145
119599,1532,92.8185
119599,1533,93.4427
119599,1536,94.389
119599,1537,94.322
119599,1538,94.3191
119599,1539,95.0138
119599,1540,94.7514
119599,1543,96.9379
119599,1544,98.3135
119599,1545,99.7613
119599,1546,98.3407
119599,1547,98.3036
119599,1550,97.925
119599,1551,96.4706
119599,1552,97.104
119599,1553,96.3694
119599,1554,97.4543
119599,1557,95.9093
119599,1558,98.6273
119599,1559,97.3298
119599,1560,97.7518
119599,1561,99.0649
119599,1564,98.2644
119599,1565,99.6795
119599,1566,97.8538
119599,1567,100.2049
119599,1568,100.3147
119599,1571,99.4637
119599,1572,99.0827
119599,1573,100.4406
119599,1574,99.6073
119599,1575,98.5247
119599,1578,98.2673
119599,1579,96.5469
119599,1580,99.4418
119599,1581,98.6448
119599,1582,100.0326
119599,1585,100.4507
119599,1586,98.9917
119599,1587,99.0688
119599,1588,100.3872
119599,1589,100.1774
119599,1592,102.1667
119599,1593,103.9142
119599,1594,105.5211
119599,1595,104.8515
119599,1596,103.1735
119599,1599,102.2705
119599,1600,102.6767
119599,1601,103.6535
119599,1602,100.2561
119599,1603,100.3308
119599,1606,100.6688
119599,1607,100.3172
119599,1608,102.4676
119599,1609,103.2405
119599,1610,105.4849
119120,3,42.1391
119120,4,42.2508
119120,5,42.4374
119120,6,42.5901
119120,7,42.4851
119120,10,42.4701
119120,11,42.4453
119120,12,42.5098
119120,13,42.5956
119120,14,42.5178
119120,17,42.5372
119120,18,42.3334
119120,19,42.4996
119120,20,42.4569
119120,21,42.475
119120,24,42.454
119120,25,42.5889
119120,26,42.2976
119120,27,42.3079
119120,28,42.3087
119120,31,42.2725
119120,32,42.4689
119120,33,42.3861
119120,34,42.4808
119120,35,42.5311
119120,38,42.6787
119120,39,42.6192
119120,40,42.5527
119120,41,42.6826
119120,42,42.7405
119120,45,42.5866
119120,46,42.541
119120,47,42.5946
119120,48,42.6968
119120,49,42.6359
119120,52,42.3361
119120,53,42.4041
119120,54,42.286
119120,55,42.0836
119120,56,41.7962
119120,59,41.894
119120,60,41.9196
119120,61,41.9077
119120,62,42.0667
119120,63,42.1463
119120,66,42.3304
119120,67,42.1942
119120,68,42.2026
119120,69,42.043
119120,70,42.0307
119120,73,42.0164
119120,74,42.0948
119120,75,42.1117
119120,76,42.1899
119120,77,42.2768
119120,80,42.5192
119120,81,42.4976
119120,82,42.409
119120,83,42.4474
119120,84,42.3738
119120,87,42.5445
119120,88,42.5263
119120,89,42.4779
119120,90,42.4396
119120,91,42.5286
119120,94,42.5239
119120,95,42.4673
119120,96,42.6581
119120,97,42.5783
119120,98,42.5943
119120,101,42.6766
119120,102,42.5136
119120,103,42.5773
119120,104,42.4764
119120,105,42.5767
119120,108,42.4857
119120,109,42.5721
119120,110,42.7031
119120,111,42.8081
119120,112,42.8474
119120,115,42.8347
119120,116,42.7848
119120,117,42.9559
119120,118,42.8925
119120,119,42.7928
119120,122,42.8769
119120,123,42.8032
119120,124,42.713
119120,125,42.5701
119120,126,42.5305
119120,129,42.5338
119120,130,42.572
119120,131,42.6863
119120,132,42.7553
119120,133,42.7469
119120,136,42.7378
119120,137,42.805
119120,138,42.9547
119120,139,42.9807
119120,140,42.9422
119120,143,42.8471
119120,144,42.7036
119120,145,42.7875
119120,146,42.8622
119120,147,42.9368
119120,150,42.9352
119120,151,43.1
119120,152,43.0597
119120,153,43.1758
119120,154,43.1839
119120,157,43.1301
119120,158,43.2069
119120,159,43.2639
119120,160,43.3152
119120,161,43.3364
119120,164,43.3447
119120,165,43.6188
119120,166,43.7617
119120,167,43.854
119120,168,43.8788
119120,171,44.0029
119120,172,44.073
119120,173,44.0885
119120,174,44.0674
119120,175,44.071
119120,178,43.7328
119120,179,43.7685
119120,180,43.7272
119120,181,43.9155
119120,182,43.9302
119120,185,43.8113
119120,186,43.8183
119120,187,43.7155
119120,188,43.7802
119120,189,43.8248
119120,192,43.9432
119120,193,43.8683
119120,194,43.8846
119120,195,43.7464
119120,196,43.8363
119120,199,43.9062
119120,200,43.9737
119120,201,43.9864
119120,202,44.045
119120,203,44.236
119120,206,44.2169
119120,207,44.245
119120,208,44.1367
119120,209,44.0528
119120,210,44.0763
119120,213,44.2117
119120,214,44.1957
119120,215,44.1821
119120,216,44.1494
119120,217,44.1026
119120,220,44.148
119120,221,43.9943
119120,222,44.1492
119120,223,44.0878
119120,224,44.1807
119120,227,44.0521
119120,228,44.139
119120,229,44.2265
119120,230,44.2819
119120,231,44.1837
119120,234,44.2242
119120,235,44.1051
119120,236,44.0896
119120,237,44.2168
119120,238,44.3183
119120,241,44.3327
119120,242,44.2365
119120,243,44.3212
119120,244,44.3361
119120,245,44.0902
119120,248,44.1898
119120,249,44.1998
119120,250,44.3466
119120,251,44.237
119120,252,43.8968
119120,255,43.9403
119120,256,43.9851
119120,257,43.8107
119120,258,43.7153
119120,259,44.0324
119120,262,44.0111
119120,263,44.1048
119120,264,44.0451
119120,265,43.8263
119120,266,43.82
119120,269,43.8032
119120,270,43.7716
119120,271,43.7715
119120,272,43.8131
119120,273,43.8091
119120,276,43.6822
119120,277,43.7483
119120,278,43.5464
119120,279,43.3343
119120,280,43.4275
119120,283,43.4955
119120,284,43.5016
119120,285,43.3613
119120,286,43.2964
119120,287,43.2801
119120,290,43.1187
119120,291,43.0508
119120,292,43.134
119120,293,43.3017
119120,294,43.2684
119120,297,43.3633
119120,298,43.167
119120,299,43.2511
119120,300,43.1759
119120,301,43.2217
119120,304,43.2071
119120,305,43.3635
119120,306,43.2804
119120,307,43.3613
119120,308,43.3432
119120,311,43.3383
119120,312,43.3306
119120,313,43.2507
119120,314,43.2615
119120,315,43.267
119120,318,43.3057
119120,319,43.3273
119120,320,43.4269
119120,321,43.5405
119120,322,43.4378
119120,325,43.5455
119120,326,43.4279
119120,327,43.5047
119120,328,43.5851
119120,329,43.3881
119120,332,43.4107
119120,333,43.3719
119120,334,43.3014
119120,335,43.4615
119120,336,43.4023
119120,339,43.3266
119120,340,43.3473
119120,341,43.4346
119120,342,43.4315
119120,343,43.5718
119120,346,43.6426
119120,347,43.4161
119120,348,43.3706
119120,349,43.3217
119120,350,43.3864
119120,353,43.1127
119120,354,43.4029
119120,355,43.4734
119120,356,43.5022
119120,357,43.6444
119120,360,43.9154
119120,361,44.0244
119120,362,44.1424
119120,363,44.1696
119120,364,44.1665
119120,367,44.1262
119120,368,44.047
119120,369,43.9834
119120,370,43.8465
119120,371,43.8506
119120,374,43.6773
119120,375,43.7108
119120,376,43.7193
119120,377,43.748
119120,378,43.703
119120,381,44.0557
119120,382,44.2196
119120,383,44.0937
119120,384,44.1322
119120,385,44.0772
119120,388,43.9773
119120,389,43.8416
119120,390,43.9019
119120,391,43.8391
119120,392,43.9587
119120,395,44.0815
119120,396,44.247
119120,397,44.1647
119120,398,44.2303
119120,399,44.3135
119120,402,44.2732
119120,403,44.1998
119120,404,44.3921
119120,405,44.4303
119120,406,44.5142
119120,409,44.4348
119120,410,44.3112
119120,411,44.2603
119120,412,44.2591
119120,413,44.1532
119120,416,44.1647
119120,417,43.9898
119120,418,43.8783
119120,419,43.9651
119120,420,44.0446
119120,423,44.0137
119120,424,43.9136
119120,425,43.8125
119120,426,43.7839
119120,427,43.8675
119120,430,43.9828
119120,431,43.9404
119120,432,43.8254
119120,433,43.8675
119120,434,43.7891
119120,437,43.7444
119120,438,43.9033
119120,439,44.0075
119120,440,44.0376
119120,441,43.9092
119120,444,43.9451
119120,445,44.0756
119120,446,44.0464
119120,447,44.2093
119120,448,44.3662
119120,451,44.5653
119120,452,44.6124
119120,453,44.6912
119120,454,44.8636
119120,455,44.927
119120,458,44.8831
119120,459,44.8452
119120,460,44.885
119120,461,44.7521
119120,462,44.7487
119120,465,44.8853
119120,466,44.6509
119120,467,44.8367
119120,468,44.9766
119120,469,44.9373
119120,472,45.0118
119120,473,45.025
119120,474,45.1776
119120,475,45.3026
119120,476,45.1559
119120,479,45.2357
119120,480,45.2252
119120,481,45.2476
119120,482,45.1776
119120,483,45.39
119120,486,45.5221
119120,487,45.4503
119120,488,45.3106
119120,489,45.2796
119120,490,45.3421
119120,493,45.3825
119120,494,45.5391
119120,495,45.6428
119120,496,45.7676
119120,497,45.8184
119120,500,45.6713
119120,501,45.6618
119120,502,45.797
119120,503,45.8042
119120,504,45.8754
119120,507,45.8517
119120,508,45.7459
119120,509,45.7447
119120,510,45.7935
119120,511,45.7309
119120,514,45.7168
119120,515,45.6218
119120,516,45.7637
119120,517,45.7428
119120,518,45.9237
119120,521,46.1141
119120,522,46.1179
119120,523,46.014
119120,524,45.7858
119120,525,45.6294
119120,528,45.4847
119120,529,45.656
119120,530,45.6824
119120,531,45.7403
119120,532,45.4981
119120,535,45.3739
119120,536,45.4884
119120,537,45.5343
119120,538,45.5305
119120,539,45.6083
119120,542,45.8098
119120,543,45.7974
119120,544,45.8185
119120,545,45.8538
119120,546,46.1442
119120,549,45.9139
119120,550,46.0061
119120,551,46.006
119120,552,46.0849
119120,553,46.0218
119120,556,46.0292
119120,557,46.125
119120,558,46.5015
119120,559,46.6096
119120,560,46.5234
119120,563,46.487
119120,564,46.4472
119120,565,46.2507
119120,566,46.2255
119120,567,46.3242
119120,570,46.1888
119120,571,46.3243
119120,572,46.3945
119120,573,46.322
119120,574,46.3187
119120,577,46.5189
119120,578,46.6183
119120,579,46.6326
119120,580,46.618
119120,581,46.6404
119120,584,46.5936
119120,585,46.3604
119120,586,46.6128
119120,587,46.6444
119120,588,46.7046
119120,591,46.7111
119120,592,46.638
119120,593,46.6295
119120,594,46.4552
119120,595,46.7359
119120,598,46.604
119120,599,46.4963
119120,600,46.458
119120,601,46.6223
119120,602,46.6374
119120,605,46.5056
119120,606,46.6662
119120,607,46.7656
119120,608,46.8424
119120,609,46.9404
119120,612,47.238
119120,613,47.5123
119120,614,47.4437
119120,615,47.6519
119120,616,47.7115
119120,619,47.7852
119120,620,47.5955
119120,621,47.5887
119120,622,47.5049
119120,623,47.6177
119120,626,47.76
119120,627,47.5246
119120,628,47.5355
119120,629,47.6837
119120,630,47.6749
119120,633,47.7762
119120,634,47.8322
119120,635,47.8871
119120,636,47.868
119120,637,47.7351
119120,640,47.614
119120,641,47.7128
119120,642,47.7288
119120,643,47.7258
119120,644,47.6885
119120,647,47.6654
119120,648,47.805
119120,649,47.7783
119120,650,47.6307
119120,651,47.7337
119120,654,47.7227
119120,655,47.7401
119120,656,47.9476
119120,657,47.9588
119120,658,48.0074
119120,661,47.8787
119120,662,47.8659
119120,663,47.9532
119120,664,47.7793
119120,665,47.8171
119120,668,47.8429
119120,669,47.8616
119120,670,48.0005
119120,671,48.0547
119120,672,48.2478
119120,675,48.1409
119120,676,48.1712
119120,677,48.1952
119120,678,48.0793
119120,679,48.209
119120,682,48.5061
119120,683,48.5179
119120,684,48.5935
119120,685,48.6178
119120,686,48.5443
119120,689,48.3359
119120,690,48.2638
119120,691,48.1086
119120,692,48.3294
119120,693,48.3292
119120,696,48.3009
119120,697,48.4231
119120,698,48.3002
119120,699,48.2207
119120,700,48.2428
119120,703,48.3818
119120,704,48.4568
119120,705,48.501
119120,706,48.5244
119120,707,48.5873
119120,710,48.6259
119120,711,48.5137
119120,712,48.5332
119120,713,48.4159
119120,714,48.4396
119120,717,48.3948
119120,718,48.7194
119120,719,48.7284
119120,720,48.5702
119120,721,48.5676
119120,724,48.6451
119120,725,48.8646
119120,726,48.8061
119120,727,48.6257
119120,728,48.7398
119120,731,48.5845
119120,732,48.545
119120,733,48.5273
119120,734,48.5327
119120,735,48.6309
119120,738,48.5611
119120,739,48.5415
119120,740,48.5536
119120,741,48.5858
119120,742,48.6116
119120,745,48.679
119120,746,48.7965
119120,747,48.8588
119120,748,48.9286
119120,749,48.7479
119120,752,48.768
119120,753,48.8409
119120,754,48.9447
119120,755,48.8733
119120,756,48.8062
119120,759,48.7496
119120,760,48.8294
119120,761,48.9708
119120,762,48.9345
119120,763,49.0606
119120,766,49.0899
119120,767,49.0886
119120,768,49.0765
119120,769,49.1829
119120,770,49.2373
119120,773,49.5347
119120,774,49.4425
119120,775,49.5213
119120,776,49.4694
119120,777,49.3753
119120,780,49.388
119120,781,49.4192
119120,782,49.7982
119120,783,49.7893
119120,784,49.6619
119120,787,49.7103
119120,788,49.4652
119120,789,49.4679
119120,790,49.484
119120,791,49.5974
119120,794,49.7334
119120,795,49.6845
119120,796,49.6799
119120,797,49.5982
119120,798,49.4716
119120,801,49.5244
119120,802,49.3798
119120,803,49.3424
119120,804,49.2328
119120,805,49.3152
119120,808,49.5537
119120,809,49.4055
119120,810,49.1894
119120,811,49.188
119120,812,49.204
119120,815,49.2452
119120,816,49.2039
119120,817,49.1931
119120,818,49.2527
119120,819,49.3962
119120,822,49.1675
119120,823,49.1358
119120,824,49.1763
119120,825,49.0767
119120,826,49.3054
119120,829,49.2406
119120,830,49.2495
119120,831,49.3326
119120,832,49.2733
119120,833,49.0586
119120,836,49.0196
119120,837,49.161
119120,838,49.1333
119120,839,49.0426
119120,840,49.1712
119120,843,49.1443
119120,844,49.0952
119120,845,49.1277
119120,846,49.2372
119120,847,49.5478
119120,850,49.6654
119120,851,49.8249
119120,852,49.7757
119120,853,49.6614
119120,854,49.6834
119120,857,49.711
119120,858,49.5902
119120,859,49.5825
119120,860,49.6466
119120,861,49.7059
119120,864,49.7833
119120,865,49.8341
119120,866,49.7847
119120,867,49.7345
119120,868,49.5986
119120,871,49.8364
119120,872,49.8523
119120,873,49.8383
119120,874,49.736
119120,875,50.1196
119120,878,49.9985
119120,879,49.9588
119120,880,50.0255
119120,881,50.1155
119120,882,50.251
119120,885,50.4948
119120,886,50.5737
119120,887,50.4537
119120,888,50.4355
119120,889,50.489
119120,892,50.7673
119120,893,50.6033
119120,894,50.7714
119120,895,50.8089
119120,896,50.9308
119120,899,50.9323
119120,900,50.8388
119120,901,50.9497
119120,902,51.0483
119120,903,51.1881
119120,906,51.201
119120,907,51.1383
119120,908,50.9524
119120,909,51.0723
119120,910,51.1415
119120,913,51.0318
119120,914,50.9771
119120,915,50.9318
119120,916,50.7563
119120,917,50.6663
119120,920,50.5362
119120,921,50.4981
119120,922,50.4186
119120,923,50.2267
119120,924,50.4977
119120,927,50.6719
119120,928,50.5869
119120,929,50.6361
119120,930,50.7039
119120,931,50.8709
119120,934,50.7805
119120,935,50.935
119120,936,50.8793
119120,937,50.7228
119120,938,50.83
119120,941,51.0101
119120,942,51.3585
119120,943,51.2181
119120,944,51.3231
119120,945,51.2847
119120,948,51.4008
119120,949,51.2253
119120,950,51.0771
119120,951,50.9919
119120,952,51.0167
119120,955,50.9489
119120,956,51.0481
119120,957,51.195
119120,958,51.2871
119120,959,51.5114
119120,962,51.5802
119120,963,51.4369
119120,964,51.6287
119120,965,51.5648
119120,966,51.698
119120,969,51.9182
119120,970,51.9928
119120,971,51.812
119120,972,51.707
119120,973,51.8945
119120,976,51.8872
119120,977,51.9124
119120,978,52.0266
119120,979,52.1329
119120,980,52.1844
119120,983,52.1719
119120,984,52.1457
119120,985,52.2735
119120,986,52.3614
119120,987,52.3424
119120,990,52.5004
119120,991,52.4983
119120,992,52.4007
119120,993,52.3155
119120,994,52.2016
119120,997,52.1807
119120,998,52.3581
119120,999,52.2669
119120,1000,52.3067
119120,1001,52.2351
119120,1004,52.2158
119120,1005,52.0324
119120,1006,52.0183
119120,1007,52.0078
119120,1008,52.0935
119120,1011,52.1377
119120,1012,51.9954
119120,1013,52.1525
119120,1014,52.1951
119120,1015,52.2361
119120,1018,52.2498
119120,1019,52.1966
119120,1020,52.2402
119120,1021,52.3178
119120,1022,52.1029
119120,1025,52.0471
119120,1026,52.0285
119120,1027,52.077
119120,1028,52.2487
119120,1029,52.1621
119120,1032,52.1116
119120,1033,52.0592
119120,1034,51.969
119120,1035,51.9384
119120,1036,52.0543
119120,1039,51.9311
119120,1040,52.0019
119120,1041,51.7942
119120,1042,51.7358
119120,1043,51.7076
119120,1046,51.9411
119120,1047,51.92
119120,1048,51.6476
119120,1049,51.4028
119120,1050,51.4219
119120,1053,51.5162
119120,1054,51.5797
119120,1055,51.6162
119120,1056,51.7824
119120,1057,51.7268
119120,1060,51.8584
119120,1061,51.6603
119120,1062,51.5574
119120,1063,51.3378
119120,1064,51.317
119120,1067,51.3256
119120,1068,51.3551
119120,1069,51.3777
119120,1070,51.2725
119120,1071,51.2625
119120,1074,51.0841
119120,1075,51.2745
119120,1076,51.2499
119120,1077,51.2014
119120,1078,51.4215
119120,1081,51.2755
119120,1082,51.1449
119120,1083,51.0184
119120,1084,51.0242
119120,1085,51.0943
119120,1088,51.2043
119120,1089,51.5519
119120,1090,51.2752
119120,1091,51.3686
119120,1092,51.3112
119120,1095,51.2501
119120,1096,51.1847
119120,1097,51.0822
119120,1098,51.3142
119120,1099,51.4379
119120,1102,51.4556
119120,1103,51.6458
119120,1104,51.4641
119120,1105,51.3065
119120,1106,51.0402
119120,1109,50.9649
119120,1110,51.0003
119120,1111,51.0281
119120,1112,51.0619
119120,1113,50.8952
119120,1116,51.0128
119120,1117,51.0582
119120,1118,51.1673
119120,1119,50.9384
119120,1120,50.9929
119120,1123,50.8551
119120,1124,50.8187
119120,1125,50.9017
119120,1126,50.9279
119120,1127,50.8333
119120,1130,50.8486
119120,1131,50.6673
119120,1132,50.8288
119120,1133,50.8171
119120,1134,50.9751
119120,1137,50.922
119120,1138,50.8694
119120,1139,50.7861
119120,1140,50.9129
119120,1141,50.8365
119120,1144,50.9336
119120,1145,50.8991
119120,1146,50.6608
119120,1147,50.6025
119120,1148,50.4668
119120,1151,50.4855
119120,1152,50.3487
119120,1153,50.4807
119120,1154,50.4836
119120,1155,50.4754
119120,1158,50.5734
119120,1159,50.7108
119120,1160,50.7227
119120,1161,50.6387
119120,1162,50.4273
119120,1165,50.3546
119120,1166,50.2907
119120,1167,50.3186
119120,1168,50.2893
119120,1169,50.3909
119120,1172,50.3275
119120,1173,50.3347
119120,1174,50.4995
119120,1175,50.5574
119120,1176,50.5642
119120,1179,50.502
119120,1180,50.4359
119120,1181,50.3423
119120,1182,50.2881
119120,1183,50.3983
119120,1186,50.3846
119120,1187,50.2278
119120,1188,50.4665
119120,1189,50.5217
119120,1190,50.3573
119120,1193,50.3156
119120,1194,50.3441
119120,1195,50.5752
119120,1196,50.4486
119120,1197,50.5873
119120,1200,50.7805
119120,1201,50.7146
119120,1202,50.6936
119120,1203,50.5759
119120,1204,50.5644
119120,1207,50.5742
119120,1208,50.6728
119120,1209,50.8267
119120,1210,50.7455
119120,1211,50.509
119120,1214,50.5207
119120,1215,50.5725
119120,1216,50.6188
119120,1217,50.5916
119120,1218,50.622
119120,1221,50.8301
119120,1222,50.8936
119120,1223,50.8603
119120,1224,50.8107
119120,1225,50.8035
119120,1228,51.028
119120,1229,51.019
119120,1230,51.0311
119120,1231,50.9837
119120,1232,51.1396
119120,1235,51.4075
119120,1236,51.4806
119120,1237,51.5061
119120,1238,51.5256
119120,1239,51.2316
119120,1242,51.3425
119120,1243,51.3746
119120,1244,51.4447
119120,1245,51.3673
119120,1246,51.3322
119120,1249,51.2937
119120,1250,51.4406
119120,1251,51.4062
119120,1252,51.6915
119120,1253,51.7624
119120,1256,51.611
119120,1257,51.6091
119120,1258,51.5391
119120,1259,51.2696
119120,1260,51.4913
119120,1263,51.5974
119120,1264,51.6815
119120,1265,51.7178
119120,1266,51.5528
119120,1267,51.5047
119120,1270,51.6288
119120,1271,51.5069
119120,1272,51.194
119120,1273,51.1794
119120,1274,51.1757
119120,1277,51.2078
119120,1278,51.3166
119120,1279,51.4138
119120,1280,51.462
119120,1281,51.632
119120,1284,51.4495
119120,1285,51.5296
119120,1286,51.6258
119120,1287,51.4795
119120,1288,51.2996
119120,1291,51.2179
119120,1292,51.1472
119120,1293,51.259
119120,1294,51.1943
119120,1295,51.0986
119120,1298,51.0345
119120,1299,51.1932
119120,1300,51.2095
119120,1301,51.201
119120,1302,51.2014
119120,1305,51.3831
119120,1306,51.3008
119120,1307,51.4859
119120,1308,51.5279
119120,1309,51.5218
119120,1312,51.8623
119120,1313,51.7393
119120,1314,51.708
119120,1315,51.5624
119120,1316,51.7011
119120,1319,51.9364
119120,1320,52.1703
119120,1321,52.3464
119120,1322,52.3353
119120,1323,52.3021
119120,1326,52.0972
119120,1327,52.3801
119120,1328,52.457
119120,1329,52.407
119120,1330,52.5977
119120,1333,52.484
119120,1334,52.5528
119120,1335,52.5449
119120,1336,52.6446
119120,1337,52.6512
119120,1340,52.474
119120,1341,52.499
119120,1342,52.653
119120,1343,52.6642
119120,1344,52.7822
119120,1347,52.6584
119120,1348,52.67
119120,1349,52.6022
119120,1350,52.7163
119120,1351,52.7356
119120,1354,52.8424
119120,1355,53.0026
119120,1356,53.1102
119120,1357,53.162
119120,1358,53.0436
119120,1361,53.0584
119120,1362,53.0023
119120,1363,52.9715
119120,1364,52.9367
119120,1365,52.8212
119120,1368,52.5763
119120,1369,52.5029
119120,1370,52.5435
119120,1371,52.3803
119120,1372,52.3973
119120,1375,52.6638
119120,1376,52.8149
119120,1377,53.0492
119120,1378,53.1167
119120,1379,53.2884
119120,1382,53.2065
119120,1383,53.1353
119120,1384,52.7849
119120,1385,52.9581
119120,1386,53.1792
119120,1389,53.1203
119120,1390,53.1015
119120,1391,53.0159
119120,1392,53.0822
119120,1393,53.2481
119120,1396,53.0299
119120,1397,53.0998
119120,1398,53.078
119120,1399,53.1083
119120,1400,53.1849
119120,1403,53.1749
119120,1404,53.1762
119120,1405,53.1628
119120,1406,53.3081
119120,1407,53.3797
119120,1410,53.4246
119120,1411,53.269
119120,1412,53.2334
119120,1413,53.3694
119120,1414,53.3897
119120,1417,53.4938
119120,1418,53.7478
119120,1419,53.904
119120,1420,53.9321
119120,1421,53.8781
119120,1424,53.5478
119120,1425,53.5404
119120,1426,53.5117
119120,1427,53.5797
119120,1428,53.5742
119120,1431,53.5463
119120,1432,53.3219
119120,1433,53.211
119120,1434,53.2902
119120,1435,53.5364
119120,1438,53.5385
119120,1439,53.5981
119120,1440,53.7422
119120,1441,53.6478
119120,1442,53.7128
119120,1445,53.628
119120,1446,53.7603
119120,1447,53.7962
119120,1448,53.8521
119120,1449,53.7613
119120,1452,53.8726
119120,1453,54.1718
119120,1454,54.0498
119120,1455,54.019
119120,1456,54.066
119120,1459,54.1887
119120,1460,54.1278
119120,1461,53.7582
119120,1462,53.958
119120,1463,54.077
119120,1466,53.8554
119120,1467,53.7884
119120,1468,54.0167
119120,1469,54.2297
119120,1470,54.3736
119120,1473,54.365
119120,1474,54.3919
119120,1475,54.3895
119120,1476,54.5599
119120,1477,54.4552
119120,1480,54.3603
119120,1481,54.5144
119120,1482,54.5239
119120,1483,54.7293
119120,1484,54.6523
119120,1487,54.6604
119120,1488,54.5491
119120,1489,54.5657
119120,1490,54.3783
119120,1491,54.3271
119120,1494,54.1463
119120,1495,54.2565
119120,1496,54.3701
119120,1497,54.1491
119120,1498,54.3469
119120,1501,54.7056
119120,1502,54.7276
119120,1503,54.6549
119120,1504,55.0609
119120,1505,54.8939
119120,1508,54.9124
119120,1509,54.953
119120,1510,55.1553
119120,1511,55.2211
119120,1512,55.1675
119120,1515,55.0512
119120,1516,55.0195
119120,1517,54.8957
119120,1518,54.9181
119120,1519,54.8557
119120,1522,54.6652
119120,1523,54.854
119120,1524,54.8009
119120,1525,54.6417
119120,1526,54.6342
119120,1529,54.6592
119120,1530,54.4347
119120,1531,54.4958
119120,1532,54.3677
119120,1533,54.6183
119120,1536,54.706
119120,1537,54.6666
119120,1538,54.5796
119120,1539,54.5808
119120,1540,54.6807
119120,1543,54.6928
119120,1544,54.6785
119120,1545,54.7022
119120,1546,54.6346
119120,1547,54.603
119120,1550,54.3323
119120,1551,54.4813
119120,1552,54.538
119120,1553,54.4473
119120,1554,54.7241
119120,1557,54.7517
119120,1558,54.6246
119120,1559,54.7583
119120,1560,54.8289
119120,1561,54.8991
119120,1564,54.8559
119120,1565,54.9339
119120,1566,54.9134
119120,1567,55.0061
119120,1568,54.7583
119120,1571,54.7141
119120,1572,54.9677
119120,1573,54.8773
119120,1574,54.8095
119120,1575,54.7633
119120,1578,54.6115
119120,1579,54.324
119120,1580,54.308
119120,1581,54.3421
119120,1582,54.3504
119120,1585,54.3461
119120,1586,54.3676
119120,1587,54.5234
119120,1588,54.5129
119120,1589,54.4496
119120,1592,54.4266
119120,1593,54.5217
119120,1594,54.7317
119120,1595,54.6607
119120,1596,54.69
119120,1599,54.7523
119120,1600,54.6311
119120,1601,54.6495
119120,1602,54.4636
119120,1603,54.2369
119120,1606,54.3025
119120,1607,54.2655
119120,1608,54.3087
119120,1609,54.3218
119120,1610,54.2038
100016,3,520.4608
100016,4,515.0971
100016,5,521.7239
100016,6,515.788
100016,7,515.1639
100016,10,510.7136
100016,11,513.5542
100016,12,512.3195
100016,13,510.2445
100016,14,514.3636
100016,17,514.7627
100016,18,517.3803
100016,19,513.1866
100016,20,507.1294
100016,21,507.871
100016,24,506.7062
100016,25,509.7762
100016,26,509.68
100016,27,510.8661
100016,28,503.8641
100016,31,512.5903
100016,32,512.1124
100016,33,515.5386
100016,34,512.0153
100016,35,513.6729
100016,38,508.0666
100016,39,510.3595
100016,40,509.0223
100016,41,509.4161
100016,42,512.826
100016,45,507.5435
100016,46,504.7492
100016,47,507.0506
100016,48,516.7872
100016,49,516.4246
100016,52,519.3918
100016,53,519.1698
100016,54,528.4118
100016,55,520.6004
100016,56,521.3038
100016,59,514.1489
100016,60,503.1674
100016,61,504.7495
100016,62,505.6316
100016,63,504.6233
100016,66,504.411
100016,67,518.6513
100016,68,517.7387
100016,69,520.3416
100016,70,517.6372
100016,73,519.2545
100016,74,518.432
100016,75,516.825
100016,76,525.4534
100016,77,531.2109
100016,80,532.1264
100016,81,521.6911
100016,82,520.3011
100016,83,533.1283
100016,84,532.3194
100016,87,537.8012
100016,88,544.965
100016,89,546.3002
100016,90,542.5392
100016,91,531.285
100016,94,534.7762
100016,95,531.2213
100016,96,532.3217
100016,97,526.7582
100016,98,525.7986
100016,101,526.2264
100016,102,527.7466
100016,103,522.8529
100016,104,528.6739
100016,105,526.1696
100016,108,518.7241
100016,109,518.493
100016,110,518.9178
100016,111,519.9214
100016,112,526.4763
100016,115,525.6507
100016,116,525.3674
100016,117,520.5493
100016,118,524.6005
100016,119,525.7251
100016,122,524.0515
100016,123,515.5881
100016,124,522.4674
100016,125,517.1078
100016,126,514.6837
100016,129,516.5793
100016,130,511.4204
100016,131,504.9889
100016,132,495.8735
100016,133,499.2941
100016,136,497.1556
100016,137,510.4206
100016,138,506.2251
100016,139,502.3871
100016,140,500.1462
100016,143,501.4785
100016,144,499.6609
100016,145,502.6257
100016,146,498.5637
100016,147,492.78
100016,150,485.277
100016,151,476.0989
100016,152,474.1732
100016,153,473.1602
100016,154,470.7754
100016,157,476.2119
100016,158,481.6458
100016,159,480.4735
100016,160,473.1759
100016,161,471.0598
100016,164,468.8163
100016,165,466.3477
100016,166,463.7261
100016,167,461.2993
100016,168,459.9666
100016,171,457.6317
100016,172,458.7099
100016,173,460.4075
100016,174,456.9604
100016,175,462.3501
100016,178,458.6076
100016,179,452.344
100016,180,454.0998
100016,181,451.0707
100016,182,452.584
100016,185,443.3196
100016,186,449.0289
100016,187,451.9322
100016,188,446.2213
100016,189,440.6669
100016,192,447.4448
100016,193,444.7739
100016,194,441.7416
100016,195,433.2246
100016,196,432.1093
100016,199,431.4649
100016,200,434.4201
100016,201,429.3142
100016,202,423.8151
100016,203,425.7236
100016,206,429.7419
100016,207,424.047
100016,208,428.3319
100016,209,428.6948
100016,210,433.0659
100016,213,433.0211
100016,214,423.7137
100016,215,423.3646
100016,216,427.5619
100016,217,424.424
100016,220,423.1925
100016,221,422.7537
100016,222,412.293
100016,223,418.6311
100016,224,415.5307
100016,227,417.6036
100016,228,417.4997
100016,229,422.3739
100016,230,424.1079
100016,231,423.4485
100016,234,420.3416
100016,235,423.5281
100016,236,416.803
100016,237,419.4003
100016,238,415.5691
100016,241,420.401
100016,242,421.2166
100016,243,423.8348
100016,244,424.3603
100016,245,418.068
100016,248,415.1206
100016,249,417.805
100016,250,418.6355
100016,251,423.2368
100016,252,424.9639
100016,255,421.5737
100016,256,418.8403
100016,257,419.437
100016,258,411.1759
100016,259,417.5046
100016,262,419.3505
100016,263,424.1319
100016,264,418.4765
100016,265,423.3133
100016,266,431.9494
100016,269,427.1671
100016,270,430.305
100016,271,430.5313
100016,272,424.9261
100016,273,426.9974
100016,276,430.3701
100016,277,428.3154
100016,278,432.9656
100016,279,426.8679
100016,280,421.495
100016,283,422.2208
100016,284,422.5333
100016,285,420.0881
100016,286,423.3166
100016,287,425.5227
100016,290,428.9765
100016,291,428.7321
100016,292,431.2389
100016,293,429.769
100016,294,437.8501
100016,297,434.9481
100016,298,443.3278
100016,299,443.6931
100016,300,438.5694
100016,301,444.122
100016,304,444.8448
100016,305,448.4277
100016,306,453.5279
100016,307,455.1164
100016,308,452.9791
100016,311,457.1295
100016,312,457.3685
100016,313,460.3808
100016,314,451.9519
100016,315,453.9711
100016,318,451.6546
100016,319,458.5248
100016,320,461.2893
100016,321,462.5046
100016,322,464.7322
100016,325,460.8957
100016,326,467.7825
100016,327,476.316
100016,328,478.216
100016,329,485.221
100016,332,483.0407
100016,333,479.9044
100016,334,480.3253
100016,335,482.4201
100016,336,480.9949
100016,339,483.5309
100016,340,485.0894
100016,341,481.0854
100016,342,483.5409
100016,343,487.4889
100016,346,488.4785
100016,347,493.7241
100016,348,488.7036
100016,349,490.9778
100016,350,486.1873
100016,353,481.6822
100016,354,479.2566
100016,355,475.5366
100016,356,473.4881
100016,357,472.8386
100016,360,476.5883
100016,361,475.4855
100016,362,469.1246
100016,363,474.1097
100016,364,470.8654
100016,367,470.8644
100016,368,472.9663
100016,369,474.0441
100016,370,478.8877
100016,371,481.1631
100016,374,477.7684
100016,375,487.2879
100016,376,488.3757
100016,377,487.9931
100016,378,492.4132
100016,381,493.7523
100016,382,495.7495
100016,383,507.0277
100016,384,506.06
100016,385,504.9042
100016,388,505.6844
100016,389,510.7491
100016,390,504.268
100016,391,495.8578
100016,392,493.5515
100016,395,486.7415
100016,396,485.1715
100016,397,487.5779
100016,398,484.0122
100016,399,478.2065
100016,402,478.7459
100016,403,482.6505
100016,404,475.7347
100016,405,479.4358
100016,406,483.1532
100016,409,487.4872
100016,410,493.0082
100016,411,502.9354
100016,412,501.6171
100016,413,502.3612
100016,416,500.7778
100016,417,501.045
100016,418,508.1265
100016,419,502.3938
100016,420,498.8505
100016,423,505.2068
100016,424,510.0352
100016,425,508.6667
100016,426,512.7785
100016,427,514.5893
100016,430,521.7123
100016,431,522.3246
100016,432,527.3425
100016,433,540.0526
100016,434,543.1889
100016,437,543.7057
100016,438,547.4632
100016,439,545.984
100016,440,557.892
100016,441,559.067
100016,444,558.0108
100016,445,554.1991
100016,446,559.8766
100016,447,564.466
100016,448,562.2856
100016,451,565.443
100016,452,558.258
100016,453,559.4579
100016,454,561.9861
100016,455,570.8065
100016,458,567.2319
100016,459,561.1622
100016,460,557.0355
100016,461,550.7921
100016,462,557.6109
100016,465,565.5706
100016,466,567.4627
100016,467,573.9037
100016,468,574.8786
100016,469,574.693
100016,472,573.3032
100016,473,572.031
100016,474,564.5669
100016,475,566.1761
100016,476,566.2668
100016,479,570.2955
100016,480,571.0606
100016,481,570.536
100016,482,566.4614
100016,483,567.1145
100016,486,571.1134
100016,487,565.6753
100016,488,566.404
100016,489,567.8622
100016,490,564.5686
100016,493,561.939
100016,494,563.3736
100016,495,558.0581
100016,496,560.0718
100016,497,555.9534
100016,500,561.4787
100016,501,573.4711
100016,502,569.4279
100016,503,572.4122
100016,504,569.0487
100016,507,574.5931
100016,508,568.5103
100016,509,571.2196
100016,510,567.1312
100016,511,566.3889
100016,514,561.5519
100016,515,565.9312
100016,516,562.059
100016,517,565.0931
100016,518,563.6716
100016,521,563.3934
100016,522,564.4191
100016,523,560.929
100016,524,562.2606
100016,525,570.1945
100016,528,566.5874
100016,529,572.7685
100016,530,580.6856
100016,531,576.8184
100016,532,569.7576
100016,535,571.5717
100016,536,569.1125
100016,537,578.8674
100016,538,579.3439
100016,539,575.5565
100016,542,570.057
100016,543,575.8598
100016,544,573.262
100016,545,573.7795
100016,546,578.9351
100016,549,576.7654
100016,550,576.8293
100016,551,577.0426
100016,552,580.8301
100016,553,584.1654
100016,556,583.3333
100016,557,583.962
100016,558,582.3508
100016,559,575.1079
100016,560,576.7133
100016,563,586.7206
100016,564,582.4661
100016,565,578.8072
100016,566,574.6758
100016,567,578.6584
100016,570,581.2514
100016,571,580.7388
100016,572,576.3533
100016,573,577.1207
100016,574,569.5056
100016,577,570.5207
100016,578,575.2193
100016,579,569.2005
100016,580,561.849
100016,581,570.0239
100016,584,567.2493
100016,585,573.2563
100016,586,572.7737
100016,587,572.2513
100016,588,574.7646
100016,591,570.5953
100016,592,571.5572
100016,593,569.9315
100016,594,563.6234
100016,595,565.5951
100016,598,564.5744
100016,599,564.0841
100016,600,558.3838
100016,601,566.5681
100016,602,571.2603
100016,605,576.4358
100016,606,575.1817
100016,607,566.7691
100016,608,576.9127
100016,609,576.8994
100016,612,573.398
100016,613,575.8066
100016,614,582.0642
100016,615,582.2461
100016,616,589.1525
100016,619,595.1135
100016,620,589.7951
100016,621,586.6033
100016,622,591.8832
100016,623,578.1898
100016,626,577.7262
100016,627,570.7762
100016,628,568.6757
100016,629,567.4716
100016,630,565.9735
100016,633,563.5143
100016,634,558.376
100016,635,570.0712
100016,636,579.8367
100016,637,574.2208
100016,640,582.5895
100016,641,580.8402
100016,642,581.8024
100016,643,581.7779
100016,644,578.7012
100016,647,584.0455
100016,648,584.996
100016,649,582.8431
100016,650,576.473
100016,651,572.2429
100016,654,564.3101
100016,655,564.6621
100016,656,559.0226
100016,657,558.0026
100016,658,565.0774
100016,661,571.3805
100016,662,571.5127
100016,663,571.3686
100016,664,581.22
100016,665,584.1967
100016,668,582.8108
100016,669,575.8241
100016,670,578.126
100016,671,582.6704
100016,672,579.7325
100016,675,581.5232
100016,676,579.9607
100016,677,579.3189
100016,678,567.0393
100016,679,566.2233
100016,682,571.3794
100016,683,568.4997
100016,684,569.0566
100016,685,565.5671
100016,686,567.6605
100016,689,566.87
100016,690,562.4839
100016,691,569.4269
100016,692,574.4072
100016,693,571.6459
100016,696,574.4572
100016,697,577.4842
100016,698,581.0643
100016,699,572.7421
100016,700,578.1473
100016,703,575.5467
100016,704,574.0293
100016,705,587.8432
100016,706,589.7144
100016,707,588.0119
100016,710,576.9838
100016,711,584.4006
100016,712,577.8064
100016,713,573.0112
100016,714,571.634
100016,717,579.1181
100016,718,583.3816
100016,719,582.8708
100016,720,584.7593
100016,721,581.9713
100016,724,582.9892
100016,725,583.6674
100016,726,588.9793
100016,727,594.3311
100016,728,597.2339
100016,731,595.6357
100016,732,599.8546
100016,733,599.6775
100016,734,594.2894
100016,735,592.485
100016,738,593.2328
100016,739,598.3226
100016,740,597.6632
100016,741,591.6287
100016,742,592.2302
100016,745,593.129
100016,746,594.4085
100016,747,599.5594
100016,748,605.2836
100016,749,602.4306
100016,752,599.4751
100016,753,594.3074
100016,754,598.2899
100016,755,606.2963
100016,756,604.9258
100016,759,603.9507
100016,760,612.1297
100016,761,615.1823
100016,762,617.8723
100016,763,611.7323
100016,766,615.7225
100016,767,611.0129
100016,768,605.2447
100016,769,603.7079
100016,770,600.907
100016,773,600.0432
100016,774,592.7717
100016,775,598.1139
100016,776,604.4037
100016,777,594.4189
100016,780,599.8798
100016,781,595.9144
100016,782,600.7451
100016,783,600.6923
100016,784,601.1548
100016,787,600.484
100016,788,607.2508
100016,789,600.9583
100016,790,604.5003
100016,791,610.7152
100016,794,614.9028
100016,795,627.9635
100016,796,625.3634
100016,797,630.9909
100016,798,630.7261
100016,801,637.9534
100016,802,638.2393
100016,803,636.388
100016,804,644.0928
100016,805,641.6375
100016,808,634.0199
100016,809,631.4621
100016,810,635.2466
100016,811,643.4252
100016,812,644.3884
100016,815,652.2598
100016,816,644.8262
100016,817,642.6418
100016,818,641.3391
100016,819,641.0221
100016,822,641.8287
100016,823,646.0847
100016,824,643.8872
100016,825,645.0099
100016,826,645.0859
100016,829,640.17
100016,830,639.8586
100016,831,639.3782
100016,832,638.7775
100016,833,639.2861
100016,836,640.043
100016,837,637.9365
100016,838,645.4701
100016,839,639.1767
100016,840,635.4532
100016,843,651.5612
100016,844,645.957
100016,845,638.6202
100016,846,643.1019
100016,847,631.7543
100016,850,630.7702
100016,851,643.1525
100016,852,634.7763
100016,853,624.0991
100016,854,616.2197
100016,857,621.4418
100016,858,627.9608
100016,859,625.451
100016,860,629.5556
100016,861,637.6509
100016,864,648.116
100016,865,647.0433
100016,866,634.3697
100016,867,630.1188
100016,868,628.0754
100016,871,626.9661
100016,872,626.2512
100016,873,632.7878
100016,874,640.2703
100016,875,639.6315
100016,878,646.1915
100016,879,648.5674
100016,880,649.2714
100016,881,654.8208
100016,882,655.5763
100016,885,667.9269
100016,886,659.8477
100016,887,657.1955
100016,888,656.8013
100016,889,659.692
100016,892,667.4546
100016,893,667.6553
100016,894,659.6735
100016,895,664.9362
100016,896,669.7236
100016,899,658.6916
100016,900,659.0094
100016,901,650.1674
100016,902,646.701
100016,903,641.9035
100016,906,646.8347
100016,907,647.8357
100016,908,640.8626
100016,909,646.1893
100016,910,638.3989
100016,913,640.5906
100016,914,636.3365
100016,915,634.6149
100016,916,637.7724
100016,917,641.0427
100016,920,648.9807
100016,921,648.8447
100016,922,650.9364
100016,923,648.7629
100016,924,650.1403
100016,927,653.0019
100016,928,652.7726
100016,929,642.8023
100016,930,645.0168
100016,931,647.4278
100016,934,643.8879
100016,935,636.9641
100016,936,645.642
100016,937,648.781
100016,938,647.8057
100016,941,641.6731
100016,942,637.3679
100016,943,645.0648
100016,944,646.1817
100016,945,643.3834
100016,948,646.6154
100016,949,642.3191
100016,950,651.2134
100016,951,659.3693
100016,952,657.0006
100016,955,653.7051
100016,956,639.1138
100016,957,631.1428
100016,958,624.0528
100016,959,625.1196
100016,962,623.6453
100016,963,616.6077
100016,964,615.398
100016,965,618.4657
100016,966,621.6721
100016,969,611.6591
100016,970,611.2828
100016,971,604.1821
100016,972,609.3203
100016,973,613.8653
100016,976,609.337
100016,977,605.5466
100016,978,603.3994
100016,979,591.8348
100016,980,593.8972
100016,983,592.7756
100016,984,598.1777
100016,985,592.7168
100016,986,589.7935
100016,987,582.3095
100016,990,577.4725
100016,991,571.7791
100016,992,577.1211
100016,993,573.8741
100016,994,574.7993
100016,997,573.168
100016,998,567.0793
100016,999,566.5304
100016,1000,569.8255
100016,1001,564.0792
100016,1004,568.4118
100016,1005,564.4593
100016,1006,562.3501
100016,1007,565.2797
100016,1008,562.2719
100016,1011,562.7485
100016,1012,561.4784
100016,1013,562.4094
100016,1014,551.0083
100016,1015,542.4682
100016,1018,545.7045
100016,1019,551.0032
100016,1020,546.8785
100016,1021,545.9844
100016,1022,547.6879
100016,1025,551.3308
100016,1026,541.8388
100016,1027,537.8987
100016,1028,536.6
100016,1029,540.2165
100016,1032,552.5367
100016,1033,551.7113
100016,1034,545.189
100016,1035,547.4089
100016,1036,554.1093
100016,1039,554.9236
100016,1040,550.7883
100016,1041,555.748
100016,1042,559.2982
100016,1043,554.5459
100016,1046,556.7015
100016,1047,561.9091
100016,1048,568.0897
100016,1049,568.0499
100016,1050,566.551
100016,1053,573.0119
100016,1054,567.2214
100016,1055,569.7135
100016,1056,563.1618
100016,1057,568.7714
100016,1060,567.7713
100016,1061,574.4553
100016,1062,577.2481
100016,1063,571.349
100016,1064,578.8713
100016,1067,587.1478
100016,1068,592.0396
100016,1069,588.3799
100016,1070,587.0969
100016,1071,588.1537
100016,1074,584.8165
100016,1075,593.9167
100016,1076,594.98
100016,1077,581.2624
100016,1078,583.3055
100016,1081,581.8173
100016,1082,581.733
100016,1083,580.1441
100016,1084,584.5895
100016,1085,590.6954
100016,1088,592.4773
100016,1089,591.0119
100016,1090,591.1013
100016,1091,591.5085
100016,1092,587.6404
100016,1095,590.9532
100016,1096,593.6618
100016,1097,602.0925
100016,1098,609.1095
100016,1099,605.7497
100016,1102,610.4627
100016,1103,605.6767
100016,1104,609.72
100016,1105,607.2615
100016,1106,602.1167
100016,1109,603.917
100016,1110,590.1432
100016,1111,581.4
100016,1112,580.7902
100016,1113,581.5125
100016,1116,579.9206
100016,1117,572.1938
100016,1118,568.3745
100016,1119,570.6332
100016,1120,573.8645
100016,1123,574.0785
100016,1124,580.2646
100016,1125,582.6023
100016,1126,579.0731
100016,1127,577.9405
100016,1130,571.1287
100016,1131,570.8787
100016,1132,576.8028
100016,1133,580.5988
100016,1134,588.1256
100016,1137,586.8593
100016,1138,594.1742
100016,1139,593.4682
100016,1140,601.5307
100016,1141,601.7251
100016,1144,605.8024
100016,1145,614.0516
100016,1146,613.3213
100016,1147,614.8208
100016,1148,622.17
100016,1151,621.7613
100016,1152,614.8775
100016,1153,626.9322
100016,1154,624.6624
100016,1155,625.8604
100016,1158,632.5999
100016,1159,629.5389
100016,1160,624.29
100016,1161,626.0114
100016,1162,616.5078
100016,1165,615.2618
100016,1166,616.911
100016,1167,615.7616
100016,1168,607.7501
100016,1169,616.673
100016,1172,617.5549
100016,1173,625.7215
100016,1174,624.6103
100016,1175,620.1013
100016,1176,621.8959
100016,1179,621.0338
100016,1180,614.9337
100016,1181,623.278
100016,1182,620.1867
100016,1183,610.5174
100016,1186,618.0294
100016,1187,615.6043
100016,1188,612.6292
100016,1189,603.4761
100016,1190,613.1294
100016,1193,606.5091
100016,1194,607.1349
100016,1195,612.357
100016,1196,614.9559
100016,1197,614.9496
100016,1200,606.1024
100016,1201,602.1001
100016,1202,603.4093
100016,1203,599.544
100016,1204,600.9302
100016,1207,604.8661
100016,1208,610.3371
100016,1209,604.0841
100016,1210,616.2187
100016,1211,620.7238
100016,1214,621.0347
100016,1215,627.3545
100016,1216,640.9097
100016,1217,633.1555
100016,1218,632.225
100016,1221,619.4211
100016,1222,620.7946
100016,1223,623.1197
100016,1224,623.226
100016,1225,619.9585
100016,1228,609.1676
100016,1229,611.493
100016,1230,619.7122
100016,1231,616.8086
100016,1232,619.5266
100016,1235,611.3329
100016,1236,614.1197
100016,1237,612.3086
100016,1238,608.5191
100016,1239,604.7641
100016,1242,602.9794
100016,1243,605.3287
100016,1244,598.6729
100016,1245,596.8877
100016,1246,596.9773
100016,1249,591.524
100016,1250,601.2816
100016,1251,597.0806
100016,1252,593.8721
100016,1253,589.0741
100016,1256,598.8008
100016,1257,602.0383
100016,1258,597.3941
100016,1259,603.5621
100016,1260,604.9433
100016,1263,606.6302
100016,1264,605.1021
100016,1265,601.4263
100016,1266,603.5317
100016,1267,600.9473
100016,1270,610.9685
100016,1271,604.4792
100016,1272,613.0403
100016,1273,612.7548
100016,1274,614.6902
100016,1277,619.5429
100016,1278,616.4268
100016,1279,621.4637
100016,1280,607.1131
100016,1281,603.5816
100016,1284,598.9916
100016,1285,592.712
100016,1286,591.8947
100016,1287,594.2182
100016,1288,598.2205
100016,1291,599.802
100016,1292,596.5986
100016,1293,598.8522
100016,1294,599.8183
100016,1295,605.1025
100016,1298,609.5773
100016,1299,610.0558
100016,1300,605.5598
100016,1301,602.3934
100016,1302,599.7889
100016,1305,598.4322
100016,1306,600.1581
100016,1307,604.2671
100016,1308,604.3064
100016,1309,604.7042
100016,1312,605.7814
100016,1313,603.3426
100016,1314,598.7474
100016,1315,589.8535
100016,1316,586.5509
100016,1319,589.3075
100016,1320,585.9678
100016,1321,585.0419
100016,1322,587.7566
100016,1323,590.7665
100016,1326,585.4707
100016,1327,590.9463
100016,1328,597.159
100016,1329,591.5433
100016,1330,587.564
100016,1333,594.075
100016,1334,593.6122
100016,1335,582.4047
100016,1336,575.5565
100016,1337,574.5884
100016,1340,569.0184
100016,1341,567.2401
100016,1342,567.6949
100016,1343,575.36
100016,1344,574.1842
100016,1347,579.9402
100016,1348,587.597
100016,1349,595.3841
100016,1350,597.1891
100016,1351,587.2409
100016,1354,589.9366
100016,1355,595.7237
100016,1356,595.6052
100016,1357,605.152
100016,1358,610.0729
100016,1361,613.4545
100016,1362,619.6798
100016,1363,621.8251
100016,1364,608.6176
100016,1365,606.2571
100016,1368,613.008
100016,1369,608.9716
100016,1370,608.0862
100016,1371,602.8195
100016,1372,612.6945
100016,1375,622.169
100016,1376,617.6566
100016,1377,618.7786
100016,1378,615.3936
100016,1379,619.0594
100016,1382,622.1692
100016,1383,626.9623
100016,1384,629.1248
100016,1385,645.9572
100016,1386,640.4581
100016,1389,631.1942
100016,1390,629.3343
100016,1391,621.0119
100016,1392,613.2077
100016,1393,608.1301
100016,1396,603.5155
100016,1397,598.7647
100016,1398,601.8179
100016,1399,599.4464
100016,1400,598.807
100016,1403,603.8595
100016,1404,600.1017
100016,1405,599.0122
100016,1406,601.2576
100016,1407,591.3549
100016,1410,579.3457
100016,1411,581.4167
100016,1412,584.2463
100016,1413,595.2868
100016,1414,596.4249
100016,1417,601.0624
100016,1418,600.3367
100016,1419,602.223
100016,1420,611.4588
100016,1421,600.4213
100016,1424,602.9264
100016,1425,614.7066
100016,1426,616.5555
100016,1427,625.9189
100016,1428,622.7764
100016,1431,622.9217
100016,1432,623.4274
100016,1433,611.6688
100016,1434,605.7119
100016,1435,600.1903
100016,1438,604.8694
100016,1439,609.8544
100016,1440,611.9152
100016,1441,616.6968
100016,1442,616.1225
100016,1445,623.0094
100016,1446,623.3792
100016,1447,624.0193
100016,1448,622.8806
100016,1449,626.9752
100016,1452,624.9729
100016,1453,630.7032
100016,1454,624.7594
100016,1455,619.0531
100016,1456,623.1389
100016,1459,622.9738
100016,1460,620.8052
100016,1461,626.0203
100016,1462,622.9979
100016,1463,622.2198
100016,1466,630.2706
100016,1467,639.2139
100016,1468,648.4742
100016,1469,647.1965
100016,1470,654.5969
100016,1473,649.4764
100016,1474,644.635
100016,1475,631.7357
100016,1476,641.4558
100016,1477,636.9152
100016,1480,636.5332
100016,1481,631.7692
100016,1482,635.9823
100016,1483,634.206
100016,1484,627.2733
100016,1487,630.0463
100016,1488,622.4509
100016,1489,618.1898
100016,1490,607.1223
100016,1491,599.8551
100016,1494,601.1103
100016,1495,591.0903
100016,1496,583.7204
100016,1497,584.0094
100016,1498,581.5162
100016,1501,592.128
100016,1502,602.0931
100016,1503,597.8104
100016,1504,601.0649
100016,1505,605.3622
100016,1508,602.4915
100016,1509,594.9039
100016,1510,595.1464
100016,1511,594.5465
100016,1512,592.5716
100016,1515,595.1946
100016,1516,591.572
100016,1517,585.8945
100016,1518,586.761
100016,1519,589.0655
100016,1522,583.2852
100016,1523,588.3824
100016,1524,579.5656
100016,1525,576.9157
100016,1526,575.9015
100016,1529,572.9747
100016,1530,570.4206
100016,1531,580.2107
100016,1532,576.1702
100016,1533,589.0131
100016,1536,591.5933
100016,1537,592.3793
100016,1538,595.1795
100016,1539,608.9224
100016,1540,603.9214
100016,1543,598.2919
100016,1544,594.6288
100016,1545,595.1043
100016,1546,586.4179
100016,1547,586.8361
100016,1550,595.974
100016,1551,597.0783
100016,1552,595.8464
100016,1553,592.9127
100016,1554,597.938
100016,1557,593.9053
100016,1558,603.9669
100016,1559,614.6702
100016,1560,616.3815
100016,1561,616.6369
100016,1564,622.5885
100016,1565,628.9532
100016,1566,624.8206
100016,1567,622.2467
100016,1568,615.3496
100016,1571,617.8922
100016,1572,621.8563
100016,1573,614.8139
100016,1574,612.6667
100016,1575,605.7427
100016,1578,601.2702
100016,1579,604.511
100016,1580,600.9231
100016,1581,599.6402
100016,1582,591.401
100016,1585,592.6827
100016,1586,592.757
100016,1587,589.2624
100016,1588,588.5845
100016,1589,589.8254
100016,1592,585.904
100016,1593,578.6237
100016,1594,588.2146
100016,1595,585.2405
100016,1596,585.043
100016,1599,590.5865
100016,1600,609.5709
100016,1601,603.2283
100016,1602,605.9387
100016,1603,602.4801
100016,1606,599.9335
100016,1607,596.4426
100016,1608,590.8555
100016,1609,590.9452
100016,1610,583.6113
125497,3,560.1443
125497,4,560.7052
125497,5,563.0884
125497,6,561.0675
125497,7,559.542
125497,10,561.2523
125497,11,555.8066
125497,12,554.3405
125497,13,550.4378
125497,14,546.4134
125497,17,536.617
125497,18,543.2731
125497,19,540.2724
125497,20,546.1258
125497,21,551.5823
125497,24,545.6433
125497,25,540.7096
125497,26,553.344
125497,27,562.2448
125497,28,562.3786
125497,31,563.9474
125497,32,561.108
125497,33,563.5422
125497,34,560.278
125497,35,550.6092
125497,38,544.5099
125497,39,544.8922
125497,40,539.7623
125497,41,539.7205
125497,42,534.9053
125497,45,531.5014
125497,46,535.7919
125497,47,537.2397
125497,48,537.4711
125497,49,541.9331
125497,52,544.5158
125497,53,551.7916
125497,54,549.8418
125497,55,548.0451
125497,56,542.0719
125497,59,540.3037
125497,60,545.2016
125497,61,551.7728
125497,62,556.7528
125497,63,548.2952
125497,66,553.8435
125497,67,545.217
125497,68,549.8362
125497,69,548.3385
125497,70,552.0311
125497,73,545.8636
125497,74,551.8155
125497,75,545.0131
125497,76,542.0891
125497,77,537.6157
125497,80,529.6352
125497,81,530.3504
125497,82,539.1437
125497,83,552.2594
125497,84,553.018
125497,87,558.7793
125497,88,560.2132
125497,89,562.9737
125497,90,561.5672
125497,91,562.8244
125497,94,565.7904
125497,95,563.2018
125497,96,563.1074
125497,97,563.1078
125497,98,567.5195
125497,101,562.499
125497,102,562.5335
125497,103,572.3948
125497,104,578.5997
125497,105,585.8275
125497,108,586.2561
125497,109,588.2214
125497,110,593.7499
125497,111,602.2871
125497,112,592.315
125497,115,585.7853
125497,116,592.8951
125497,117,591.7542
125497,118,588.5626
125497,119,582.3889
125497,122,579.8443
125497,123,573.0126
125497,124,583.9792
125497,125,584.1649
125497,126,584.1677
125497,129,587.5083
125497,130,592.8215
125497,131,598.0959
125497,132,604.0974
125497,133,601.0558
125497,136,599.7883
125497,137,604.1816
125497,138,601.6883
125497,139,601.9717
125497,140,604.4041
125497,143,608.918
125497,144,599.7553
125497,145,603.8592
125497,146,602.9268
125497,147,607.0134
125497,150,611.5022
125497,151,620.5554
125497,152,628.331
125497,153,636.1654
125497,154,644.6493
125497,157,646.6415
125497,158,647.1589
125497,159,652.4961
125497,160,657.0614
125497,161,655.611
125497,164,658.2953
125497,165,658.4312
125497,166,653.8284
125497,167,661.6532
125497,168,662.317
125497,171,674.7404
125497,172,665.4799
125497,173,662.5619
125497,174,663.0946
125497,175,670.125
125497,178,672.8371
125497,179,675.03
125497,180,668.6973
125497,181,662.2507
125497,182,664.4796
125497,185,656.8724
125497,186,654.1358
125497,187,657.371
125497,188,652.0369
125497,189,661.6753
125497,192,669.2013
125497,193,660.3316
125497,194,655.2621
125497,195,642.5165
125497,196,638.4265
125497,199,643.0878
125497,200,641.0753
125497,201,644.018
125497,202,635.7573
125497,203,640.5775
125497,206,637.7781
125497,207,638.1757
125497,208,637.9822
125497,209,631.1934
125497,210,625.1296
125497,213,630.8133
125497,214,633.3636
125497,215,639.586
125497,216,641.7508
125497,217,642.8922
125497,220,633.5069
125497,221,632.3243
125497,222,632.4978
125497,223,643.8189
125497,224,648.0655
125497,227,657.2434
125497,228,661.057
125497,229,657.2621
125497,230,658.2808
125497,231,659.994
125497,234,654.8879
125497,235,653.0084
125497,236,652.1608
125497,237,661.8026
125497,238,650.1042
125497,241,657.3936
125497,242,652.3212
125497,243,644.8078
125497,244,651.889
125497,245,656.4489
125497,248,664.0946
125497,249,669.1458
125497,250,681.7643
125497,251,685.4855
125497,252,684.8934
125497,255,687.3224
125497,256,695.2598
125497,257,690.8537
125497,258,687.2477
125497,259,685.7314
125497,262,673.4684
125497,263,674.637
125497,264,663.8502
125497,265,664.5036
125497,266,669.9395
125497,269,667.4721
125497,270,677.7674
125497,271,669.4388
125497,272,676.858
125497,273,681.2515
125497,276,671.3653
125497,277,687.9638
125497,278,687.9319
125497,279,682.981
125497,280,674.9061
125497,283,673.9454
125497,284,673.536
125497,285,674.4938
125497,286,673.0718
125497,287,677.1904
125497,290,675.2276
125497,291,664.1452
125497,292,663.6132
125497,293,650.2365
125497,294,652.605
125497,297,647.3268
125497,298,648.5946
125497,299,656.4935
125497,300,651.3593
125497,301,657.8235
125497,304,655.6522
125497,305,666.2121
125497,306,664.4128
125497,307,659.8464
125497,308,664.2003
125497,311,661.9939
125497,312,657.4386
125497,313,655.0117
125497,314,655.0919
125497,315,663.2343
125497,318,652.3538
125497,319,652.8233
125497,320,656.7698
125497,321,658.2307
125497,322,666.2222
125497,325,666.1291
125497,326,665.389
125497,327,669.2191
125497,328,670.1511
125497,329,668.1923
125497,332,671.5872
125497,333,668.078
125497,334,664.8296
125497,335,662.0825
125497,336,670.3762
125497,339,651.9372
125497,340,654.5532
125497,341,655.089
125497,342,645.7827
125497,343,647.8832
125497,346,650.943
125497,347,654.6744
125497,348,639.8713
125497,349,647.9628
125497,350,644.0929
125497,353,648.339
125497,354,652.927
125497,355,648.2325
125497,356,652.3557
125497,357,650.4771
125497,360,639.0318
125497,361,645.98
125497,362,641.9107
125497,363,637.4202
125497,364,635.4862
125497,367,637.3424
125497,368,637.3493
125497,369,640.7679
125497,370,633.5697
125497,371,629.7599
125497,374,629.4406
125497,375,640.395
125497,376,640.0826
125497,377,646.5716
125497,378,647.1252
125497,381,644.7033
125497,382,643.634
125497,383,643.0103
125497,384,646.7761
125497,385,655.0025
125497,388,657.4226
125497,389,664.6841
125497,390,659.3926
125497,391,657.3248
125497,392,653.4764
125497,395,655.6293
125497,396,653.8942
125497,397,658.4559
125497,398,653.4086
125497,399,653.9939
125497,402,658.307
125497,403,646.7586
125497,404,659.3141
125497,405,658.0091
125497,406,646.6954
125497,409,647.9318
125497,410,648.4574
125497,411,648.3236
125497,412,654.3532
125497,413,659.0208
125497,416,661.0953
125497,417,664.0675
125497,418,663.799
125497,419,674.6227
125497,420,666.2228
125497,423,667.388
125497,424,668.1154
125497,425,673.2719
125497,426,668.6248
125497,427,658.7613
125497,430,660.0134
125497,431,661.9938
125497,432,671.0939
125497,433,663.9597
125497,434,671.1018
125497,437,685.6143
125497,438,683.6866
125497,439,676.2957
125497,440,674.2204
125497,441,674.6517
125497,444,678.3643
125497,445,675.1837
125497,446,684.8612
125497,447,678.5124
125497,448,668.5294
125497,451,675.4347
125497,452,662.3619
125497,453,661.5117
125497,454,680.3035
125497,455,680.5822
125497,458,674.236
125497,459,674.2426
125497,460,674.2883
125497,461,675.5927
125497,462,679.9008
125497,465,674.0462
125497,466,684.506
125497,467,686.3412
125497,468,691.111
125497,469,687.6477
125497,472,695.8522
125497,473,694.6348
125497,474,696.6965
125497,475,691.3433
125497,476,685.6452
125497,479,690.1753
125497,480,687.8351
125497,481,683.0274
125497,482,679.5145
125497,483,684.0689
125497,486,680.6355
125497,487,680.2805
125497,488,680.7217
125497,489,669.6532
125497,490,661.3623
125497,493,663.6689
125497,494,659.7093
125497,495,666.2297
125497,496,672.2813
125497,497,676.9079
125497,500,688.2141
125497,501,688.0648
125497,502,692.3707
125497,503,689.1669
125497,504,704.5978
125497,507,717.4025
125497,508,717.8479
125497,509,720.6712
125497,510,729.7388
125497,511,729.1686
125497,514,725.3323
125497,515,731.3219
125497,516,732.2056
125497,517,733.7666
125497,518,728.7636
125497,521,718.1775
125497,522,720.0461
125497,523,726.1903
125497,524,725.1196
125497,525,734.7428
125497,528,730.5725
125497,529,724.182
125497,530,724.1262
125497,531,723.9723
125497,532,729.2813
125497,535,724.6877
125497,536,733.8629
125497,537,747.0892
125497,538,747.2167
125497,539,755.8875
125497,542,749.2637
125497,543,756.7928
125497,544,764.2091
125497,545,770.448
125497,546,770.7397
125497,549,751.3057
125497,550,747.4511
125497,551,743.7201
125497,552,737.7118
125497,553,738.8886
125497,556,736.5434
125497,557,731.5837
125497,558,725.1581
125497,559,720.9685
125497,560,728.5104
125497,563,724.6495
125497,564,721.7384
125497,565,719.2082
125497,566,721.7338
125497,567,725.0176
125497,570,706.1732
125497,571,712.9322
125497,572,722.3934
125497,573,716.1029
125497,574,710.3551
125497,577,707.905
125497,578,703.5637
125497,579,705.3183
125497,580,693.6714
125497,581,687.2204
125497,584,696.9721
125497,585,691.6466
125497,586,699.6337
125497,587,702.1918
125497,588,691.433
125497,591,695.6768
125497,592,695.3139
125497,593,692.8838
125497,594,694.7406
125497,595,698.0148
125497,598,702.7467
125497,599,710.4536
125497,600,713.3834
125497,601,705.1446
125497,602,702.5676
125497,605,721.4137
125497,606,726.4125
125497,607,742.1334
125497,608,751.7106
125497,609,753.7041
125497,612,756.1002
125497,613,756.2463
125497,614,745.1287
125497,615,745.6319
125497,616,754.0246
125497,619,750.4347
125497,620,753.5546
125497,621,759.6272
125497,622,753.9462
125497,623,751.3388
125497,626,745.0084
125497,627,740.0077
125497,628,732.0295
125497,629,726.6141
125497,630,736.1469
125497,633,730.6042
125497,634,731.7969
125497,635,728.9346
125497,636,736.9326
125497,637,745.8882
125497,640,751.9817
125497,641,754.4038
125497,642,753.2565
125497,643,745.7649
125497,644,759.0492
125497,647,754.3698
125497,648,759.1895
125497,649,766.7124
125497,650,763.3606
125497,651,770.7783
125497,654,776.3911
125497,655,788.7201
125497,656,785.8674
125497,657,777.4068
125497,658,774.3482
125497,661,776.1761
125497,662,776.9754
125497,663,774.6836
125497,664,762.1421
125497,665,765.706
125497,668,779.5435
125497,669,783.1457
125497,670,787.7704
125497,671,792.1661
125497,672,795.355
125497,675,802.3307
125497,676,805.5487
125497,677,803.7449
125497,678,798.5343
125497,679,797.194
125497,682,799.8181
125497,683,798.0032
125497,684,800.6314
125497,685,804.1529
125497,686,810.5016
125497,689,820.146
125497,690,821.1339
125497,691,812.1366
125497,692,810.0864
125497,693,810.8194
125497,696,798.2096
125497,697,808.4623
125497,698,809.8957
125497,699,813.0435
125497,700,823.3186
125497,703,819.1784
125497,704,823.7609
125497,705,823.3878
125497,706,822.4763
125497,707,817.3157
125497,710,829.838
125497,711,827.5212
125497,712,833.0714
125497,713,819.8318
125497,714,828.8354
125497,717,836.9942
125497,718,838.146
125497,719,836.9018
125497,720,840.2927
125497,721,857.869
125497,724,845.0679
125497,725,851.3554
125497,726,844.974
125497,727,845.2615
125497,728,843.8509
125497,731,841.1031
125497,732,841.4595
125497,733,833.5146
125497,734,841.5485
125497,735,828.765
125497,738,833.1493
125497,739,831.1821
125497,740,823.0675
125497,741,824.9633
125497,742,814.133
125497,745,814.8385
125497,746,805.0925
125497,747,808.7914
125497,748,802.6389
125497,749,799.8653
125497,752,802.3554
125497,753,797.3186
125497,754,797.3223
125497,755,787.1542
125497,756,791.9544
125497,759,804.7927
125497,760,825.2824
125497,761,826.3724
125497,762,832.5662
125497,763,820.0169
125497,766,831.3856
125497,767,837.5284
125497,768,834.3919
125497,769,843.981
125497,770,842.5235
125497,773,839.5601
125497,774,843.522
125497,775,836.0797
125497,776,844.0821
125497,777,836.6892
125497,780,829.4044
125497,781,823.2016
125497,782,829.1616
125497,783,825.0892
125497,784,815.7592
125497,787,811.832
125497,788,812.0215
125497,789,804.0226
125497,790,796.3083
125497,791,811.693
125497,794,805.9717
125497,795,804.0935
125497,796,801.907
125497,797,799.3449
125497,798,804.1519
125497,801,811.3227
125497,802,809.554
125497,803,801.1872
125497,804,810.661
125497,805,810.3976
125497,808,823.2837
125497,809,807.5561
125497,810,809.3664
125497,811,823.6026
125497,812,821.4643
125497,815,820.2554
125497,816,822.8202
125497,817,819.1978
125497,818,817.3678
125497,819,815.3568
125497,822,811.276
125497,823,820.5392
125497,824,824.3077
125497,825,826.558
125497,826,832.9028
125497,829,831.392
125497,830,826.1608
125497,831,822.2057
125497,832,822.6429
125497,833,815.4146
125497,836,812.244
125497,837,808.9725
125497,838,824.6983
125497,839,805.1839
125497,840,804.3243
125497,843,817.0804
125497,844,818.381
125497,845,824.262
125497,846,825.4136
125497,847,820.9935
125497,850,805.3357
125497,851,807.2126
125497,852,802.1236
125497,853,796.8929
125497,854,793.8031
125497,857,806.5288
125497,858,824.242
125497,859,826.2485
125497,860,823.2934
125497,861,815.2105
125497,864,819.0084
125497,865,832.4174
125497,866,831.0322
125497,867,814.198
125497,868,819.4462
125497,871,827.0251
125497,872,815.9598
125497,873,817.6525
125497,874,821.3363
125497,875,821.2305
125497,878,815.944
125497,879,823.7123
125497,880,821.2107
125497,881,810.9428
125497,882,796.8279
125497,885,806.1536
125497,886,810.968
125497,887,812.0162
125497,888,809.2868
125497,889,805.9356
125497,892,798.7377
125497,893,796.1148
125497,894,781.771
125497,895,777.1134
125497,896,775.3852
125497,899,779.9692
125497,900,780.097
125497,901,785.9905
125497,902,795.8087
125497,903,803.6846
125497,906,807.4428
125497,907,807.944
125497,908,801.3989
125497,909,807.0619
125497,910,819.5294
125497,913,822.4299
125497,914,836.8859
125497,915,826.1277
125497,916,818.1833
125497,917,824.8029
125497,920,827.1542
125497,921,837.2256
125497,922,837.5433
125497,923,831.5854
125497,924,830.4487
125497,927,819.7218
125497,928,812.0222
125497,929,819.4388
125497,930,826.1967
125497,931,829.2736
125497,934,817.203
125497,935,815.0444
125497,936,806.7025
125497,937,815.537
125497,938,811.7682
125497,941,804.4471
125497,942,805.0738
125497,943,800.9545
125497,944,811.9229
125497,945,807.0946
125497,948,797.6076
125497,949,783.0102
125497,950,783.2015
125497,951,779.7319
125497,952,770.3649
125497,955,778.8887
125497,956,783.8899
125497,957,784.0992
125497,958,794.0002
125497,959,799.0652
125497,962,793.6968
125497,963,786.8616
125497,964,792.9674
125497,965,796.1548
125497,966,797.759
125497,969,792.2342
125497,970,796.9042
125497,971,792.0206
125497,972,791.7169
125497,973,802.2984
125497,976,798.0478
125497,977,787.4595
125497,978,780.5862
125497,979,787.8675
125497,980,790.0469
125497,983,789.5567
125497,984,786.4253
125497,985,790.2063
125497,986,784.7157
125497,987,787.24
125497,990,782.5829
125497,991,776.8126
125497,992,772.8562
125497,993,770.6991
125497,994,770.7648
125497,997,772.7655
125497,998,748.4192
125497,999,743.4907
125497,1000,741.31
125497,1001,751.6029
125497,1004,744.8622
125497,1005,746.3173
125497,1006,756.6128
125497,1007,748.2882
125497,1008,751.2802
125497,1011,746.3683
125497,1012,743.4374
125497,1013,738.5713
125497,1014,734.1983
125497,1015,752.424
125497,1018,758.4397
125497,1019,766.2401
125497,1020,769.9692
125497,1021,759.5305
125497,1022,762.574
125497,1025,770.2212
125497,1026,764.8405
125497,1027,771.7777
125497,1028,776.9874
125497,1029,790.19
125497,1032,787.6902
125497,1033,780.5047
125497,1034,778.4209
125497,1035,788.7455
125497,1036,776.5295
125497,1039,762.8864
125497,1040,763.882
125497,1041,761.2988
125497,1042,761.7436
125497,1043,768.517
125497,1046,765.1756
125497,1047,753.0284
125497,1048,767.1247
125497,1049,760.8
125497,1050,754.1163
125497,1053,761.8856
125497,1054,759.6983
125497,1055,759.6655
125497,1056,763.3006
125497,1057,771.0275
125497,1060,769.1601
125497,1061,779.9421
125497,1062,765.7836
125497,1063,771.3299
125497,1064,766.0352
125497,1067,775.7624
125497,1068,777.1356
125497,1069,772.936
125497,1070,777.8688
125497,1071,784.4249
125497,1074,789.2852
125497,1075,782.5537
125497,1076,779.6225
125497,1077,779.9967
125497,1078,780.1153
125497,1081,785.6958
125497,1082,772.2558
125497,1083,774.9358
125497,1084,773.3554
125497,1085,768.0537
125497,1088,763.4346
125497,1089,762.3847
125497,1090,738.934
125497,1091,734.7568
125497,1092,729.4797
125497,1095,733.2936
125497,1096,728.4784
125497,1097,727.4728
125497,1098,737.8158
125497,1099,744.6984
125497,1102,751.0352
125497,1103,748.1174
125497,1104,752.0967
125497,1105,750.9342
125497,1106,750.0235
125497,1109,753.1267
125497,1110,749.5585
125497,1111,759.8851
125497,1112,759.2043
125497,1113,763.7498
125497,1116,774.0166
125497,1117,781.494
125497,1118,772.2419
125497,1119,775.6779
125497,1120,781.9227
125497,1123,788.5038
125497,1124,781.2028
125497,1125,777.09
125497,1126,784.3404
125497,1127,779.4908
125497,1130,777.8345
125497,1131,789.1272
125497,1132,789.2016
125497,1133,784.564
125497,1134,778.9168
125497,1137,781.6088
125497,1138,772.8717
125497,1139,771.5856
125497,1140,774.2558
125497,1141,783.5819
125497,1144,788.6153
125497,1145,784.069
125497,1146,792.6689
125497,1147,790.9858
125497,1148,782.8163
125497,1151,782.0328
125497,1152,792.4235
125497,1153,793.9886
125497,1154,794.486
125497,1155,806.4566
125497,1158,796.7514
125497,1159,788.1754
125497,1160,777.4241
125497,1161,780.3858
125497,1162,781.9358
125497,1165,793.0562
125497,1166,795.171
125497,1167,792.7507
125497,1168,793.1723
125497,1169,794.4058
125497,1172,783.1833
125497,1173,802.5431
125497,1174,806.647
125497,1175,808.5594
125497,1176,813.3775
125497,1179,818.9046
125497,1180,818.3122
125497,1181,814.1892
125497,1182,818.9273
125497,1183,822.1417
125497,1186,816.7117
125497,1187,827.4235
125497,1188,829.995
125497,1189,835.7855
125497,1190,846.5451
125497,1193,847.1454
125497,1194,849.9551
125497,1195,856.4904
125497,1196,851.4717
125497,1197,852.3173
125497,1200,853.7018
125497,1201,846.9708
125497,1202,864.9068
125497,1203,854.6794
125497,1204,845.3867
125497,1207,855.6833
125497,1208,861.5272
125497,1209,854.2077
125497,1210,859.2381
125497,1211,870.8826
125497,1214,871.0994
125497,1215,891.755
125497,1216,878.7518
125497,1217,884.6016
125497,1218,894.2103
125497,1221,901.7324
125497,1222,900.5732
125497,1223,898.7329
125497,1224,902.7257
125497,1225,909.7127
125497,1228,915.0311
125497,1229,923.9393
125497,1230,916.1468
125497,1231,914.7802
125497,1232,907.696
125497,1235,905.0771
125497,1236,913.6883
125497,1237,915.0307
125497,1238,936.7944
125497,1239,938.8779
125497,1242,939.857
125497,1243,941.223
125497,1244,936.4264
125497,1245,936.4319
125497,1246,946.2803
125497,1249,947.7207
125497,1250,941.5976
125497,1251,934.4288
125497,1252,931.2063
125497,1253,932.294
125497,1256,942.6457
125497,1257,932.048
125497,1258,929.9024
125497,1259,931.5671
125497,1260,917.0961
125497,1263,910.8485
125497,1264,905.8705
125497,1265,899.9979
125497,1266,901.9875
125497,1267,901.1759
125497,1270,897.2362
125497,1271,901.0938
125497,1272,915.3635
125497,1273,929.1722
125497,1274,914.0202
125497,1277,919.1578
125497,1278,918.1894
125497,1279,919.9211
125497,1280,917.1686
125497,1281,918.5939
125497,1284,920.296
125497,1285,916.0815
125497,1286,909.3372
125497,1287,906.2133
125497,1288,908.5561
125497,1291,913.8396
125497,1292,921.2181
125497,1293,917.6851
125497,1294,920.4599
125497,1295,928.7855
125497,1298,938.8665
125497,1299,938.8637
125497,1300,937.5197
125497,1301,939.5858
125497,1302,930.587
125497,1305,929.4788
125497,1306,936.0852
125497,1307,941.8856
125497,1308,940.1281
125497,1309,942.421
125497,1312,936.0747
125497,1313,942.3864
125497,1314,942.2257
125497,1315,940.4205
125497,1316,937.9089
125497,1319,937.8725
125497,1320,934.6574
125497,1321,940.5833
125497,1322,937.7937
125497,1323,951.5521
125497,1326,964.4252
125497,1327,957.3657
125497,1328,958.4488
125497,1329,953.4564
125497,1330,951.2043
125497,1333,968.6511
125497,1334,966.5256
125497,1335,970.1014
125497,1336,975.2467
125497,1337,967.1771
125497,1340,960.4061
125497,1341,950.7356
125497,1342,943.8227
125497,1343,920.8704
125497,1344,925.7812
125497,1347,943.1922
125497,1348,944.91
125497,1349,933.6627
125497,1350,928.864
125497,1351,925.5899
125497,1354,917.7939
125497,1355,925.2601
125497,1356,932.3764
125497,1357,923.3998
125497,1358,929.803
125497,1361,942.894
125497,1362,959.3431
125497,1363,984.4011
125497,1364,977.1053
125497,1365,1002.2649
125497,1368,999.6545
125497,1369,994.958
125497,1370,998.347
125497,1371,993.7478
125497,1372,997.7658
125497,1375,986.7261
125497,1376,985.1587
125497,1377,996.9059
125497,1378,996.9185
125497,1379,998.6792
125497,1382,1003.3914
125497,1383,1014.3274
125497,1384,1000.1439
125497,1385,1005.8317
125497,1386,1003.9738
125497,1389,1005.9691
125497,1390,1015.9409
125497,1391,1005.8161
125497,1392,997.3879
125497,1393,981.014
125497,1396,976.7781
125497,1397,988.8164
125497,1398,988.2751
125497,1399,977.1676
125497,1400,973.4931
125497,1403,961.2984
125497,1404,952.2976
125497,1405,956.0617
125497,1406,946.7033
125497,1407,956.5319
125497,1410,956.4254
125497,1411,957.6416
125497,1412,955.7864
125497,1413,962.8197
125497,1414,969.993
125497,1417,973.3655
125497,1418,978.7307
125497,1419,977.4058
125497,1420,982.5975
125497,1421,980.1794
125497,1424,980.7045
125497,1425,978.8368
125497,1426,975.4008
125497,1427,969.9912
125497,1428,974.5029
125497,1431,986.3407
125497,1432,997.0948
125497,1433,986.615
125497,1434,998.4114
125497,1435,996.1276
125497,1438,1001.9358
125497,1439,994.4731
125497,1440,996.2329
125497,1441,999.5086
125497,1442,987.0164
125497,1445,992.8374
125497,1446,1005.2111
125497,1447,1004.1819
125497,1448,1016.8245
125497,1449,1015.6487
125497,1452,1023.8152
125497,1453,1004.496
125497,1454,1026.6832
125497,1455,1040.8503
125497,1456,1038.7766
125497,1459,1021.393
125497,1460,1024.5192
125497,1461,1012.0774
125497,1462,1016.5802
125497,1463,1020.8032
125497,1466,1012.8855
125497,1467,1023.4764
125497,1468,1031.3055
125497,1469,1040.7559
125497,1470,1041.3743
125497,1473,1028.9855
125497,1474,1038.4335
125497,1475,1036.4949
125497,1476,1024.3967
125497,1477,1037.2196
125497,1480,1057.1478
125497,1481,1057.3086
125497,1482,1078.1905
125497,1483,1079.6159
125497,1484,1076.5548
125497,1487,1071.138
125497,1488,1087.2758
125497,1489,1080.3779
125497,1490,1087.9675
125497,1491,1083.1742
125497,1494,1079.3426
125497,1495,1089.7561
125497,1496,1086.6702
125497,1497,1083.3565
125497,1498,1094.7986
125497,1501,1110.9039
125497,1502,1117.8145
125497,1503,1111.9518
125497,1504,1107.5269
125497,1505,1108.8797
125497,1508,1112.5964
125497,1509,1103.5146
125497,1510,1111.1468
125497,1511,1112.5589
125497,1512,1096.4168
125497,1515,1088.0324
125497,1516,1083.7647
125497,1517,1083.6274
125497,1518,1102.4025
125497,1519,1105.2905
125497,1522,1097.6913
125497,1523,1100.3968
125497,1524,1097.5512
125497,1525,1101.2672
125497,1526,1107.4915
125497,1529,1119.943
125497,1530,1120.2809
125497,1531,1137.1779
125497,1532,1146.9125
125497,1533,1140.3673
125497,1536,1163.41
125497,1537,1167.372
125497,1538,1159.4037
125497,1539,1177.0355
125497,1540,1199.4212
125497,1543,1199.6907
125497,1544,1194.99
125497,1545,1193.7905
125497,1546,1201.959
125497,1547,1216.2085
125497,1550,1222.9737
125497,1551,1224.703
125497,1552,1241.6305
125497,1553,1238.8485
125497,1554,1250.8084
125497,1557,1248.2786
125497,1558,1253.6792
125497,1559,1253.0705
125497,1560,1253.0997
125497,1561,1249.5805
125497,1564,1265.1419
125497,1565,1257.6392
125497,1566,1250.1005
125497,1567,1274.3615
125497,1568,1286.0621
125497,1571,1259.9425
125497,1572,1254.3241
125497,1573,1235.0759
125497,1574,1225.396
125497,1575,1192.5583
125497,1578,1191.733
125497,1579,1180.4001
125497,1580,1181.6333
125497,1581,1165.4197
125497,1582,1166.874
125497,1585,1163.2119
125497,1586,1179.3305
125497,1587,1194.7175
125497,1588,1203.6417
125497,1589,1200.7989
125497,1592,1222.6399
125497,1593,1206.6305
125497,1594,1192.4016
125497,1595,1192.1357
125497,1596,1216.6985
125497,1599,1215.156
125497,1600,1213.8198
125497,1601,1199.1005
125497,1602,1209.7695
125497,1603,1220.6115
125497,1606,1229.7696
125497,1607,1223.5953
125497,1608,1216.6203
125497,1609,1203.4452
125497,1610,1204.9571
100033,3,107.3758
100033,4,105.9447
100033,5,105.48
100033,6,104.935
100033,7,104.3318
100033,10,104.9867
100033,11,105.157
100033,12,104.8657
100033,13,105.1666
100033,14,103.996
100033,17,104.1974
100033,18,104.4558
100033,19,102.6627
100033,20,103.9636
100033,21,102.942
100033,24,103.1229
100033,25,104.6407
100033,26,105.8779
100033,27,105.9929
100033,28,105.6052
100033,31,106.8818
100033,32,107.8211
100033,33,107.0983
100033,34,106.1557
100033,35,103.625
100033,38,103.8862
100033,39,103.8535
100033,40,105.3465
100033,41,105.8716
100033,42,107.6484
100033,45,106.8257
100033,46,108.364
100033,47,107.7528
100033,48,108.8337
100033,49,107.0222
100033,52,107.3962
100033,53,104.9459
100033,54,104.6815
100033,55,105.3057
100033,56,104.7217
100033,59,103.4831
100033,60,104.607
100033,61,104.548
100033,62,104.0074
100033,63,104.1298
100033,66,107.5408
100033,67,109.1094
100033,68,110.7129
100033,69,111.3667
100033,70,111.6641
100033,73,108.5805
100033,74,107.7743
100033,75,107.2285
100033,76,104.9198
100033,77,103.5462
100033,80,101.1884
100033,81,101.2103
100033,82,102.2759
100033,83,103.7097
100033,84,104.2962
100033,87,103.1701
100033,88,100.8797
100033,89,98.8472
100033,90,97.423
100033,91,96.4571
100033,94,96.3378
100033,95,95.2397
100033,96,95.6914
100033,97,95.4901
100033,98,95.5666
100033,101,96.9452
100033,102,95.6499
100033,103,96.1953
100033,104,96.2441
100033,105,95.9254
100033,108,97.0126
100033,109,98.1048
100033,110,97.0652
100033,111,96.9191
100033,112,97.3115
100033,115,97.0595
100033,116,97.8075
100033,117,98.2034
100033,118,100.4489
100033,119,98.6925
100033,122,98.6144
100033,123,97.6138
100033,124,98.3885
100033,125,96.5675
100033,126,97.0341
100033,129,96.3701
100033,130,95.5914
100033,131,94.0141
100033,132,93.5553
100033,133,94.8416
100033,136,94.877
100033,137,95.6569
100033,138,97.6478
100033,139,98.0226
100033,140,97.4349
100033,143,98.0475
100033,144,97.4765
100033,145,96.9552
100033,146,95.2716
100033,147,96.3987
100033,150,96.0191
100033,151,96.2936
100033,152,95.1712
100033,153,95.7336
100033,154,94.9285
100033,157,94.8316
100033,158,95.8979
100033,159,96.8752
100033,160,96.915
100033,161,94.9496
100033,164,98.4788
100033,165,100.6261
100033,166,101.5688
100033,167,100.7252
100033,168,100.6562
100033,171,100.0711
100033,172,101.665
100033,173,102.0537
100033,174,101.1686
100033,175,100.668
100033,178,102.0969
100033,179,104.1413
100033,180,106.1354
100033,181,107.1737
100033,182,106.9222
100033,185,102.9228
100033,186,103.3592
100033,187,103.4267
100033,188,103.67
100033,189,103.8069
100033,192,102.2411
100033,193,102.9949
100033,194,103.8473
100033,195,104.7695
100033,196,106.0347
100033,199,106.8762
100033,200,106.4248
100033,201,106.4063
100033,202,106.5943
100033,203,106.8038
100033,206,108.1605
100033,207,109.0705
100033,208,111.8918
100033,209,114.9637
100033,210,115.151
100033,213,110.057
100033,214,111.7737
100033,215,111.1281
100033,216,110.1414
100033,217,109.6914
100033,220,109.1802
100033,221,110.0574
100033,222,108.0952
100033,223,106.7818
100033,224,107.2937
100033,227,108.1696
100033,228,109.0769
100033,229,108.1271
100033,230,106.9406
100033,231,106.3658
100033,234,106.7436
100033,235,108.7318
100033,236,106.1712
100033,237,105.9626
100033,238,104.3562
100033,241,102.3818
100033,242,103.6435
100033,243,104.3917
100033,244,105.0256
100033,245,106.2614
100033,248,105.7243
100033,249,105.2493
100033,250,108.1119
100033,251,107.8661
100033,252,108.8928
100033,255,108.9746
100033,256,106.6623
100033,257,104.154
100033,258,103.5045
100033,259,104.8919
100033,262,105.9577
100033,263,107.1956
100033,264,106.0081
100033,265,108.1512
100033,266,106.9815
100033,269,107.3268
100033,270,107.3859
100033,271,107.235
100033,272,109.0404
100033,273,108.197
100033,276,106.5351
100033,277,106.6326
100033,278,106.1951
100033,279,110.6504
100033,280,111.6253
100033,283,111.1547
100033,284,109.8326
100033,285,107.4609
100033,286,106.2219
100033,287,106.4399
100033,290,108.347
100033,291,109.8855
100033,292,110.2616
100033,293,109.9101
100033,294,110.3387
100033,297,109.7298
100033,298,112.0856
100033,299,111.9075
100033,300,111.8674
100033,301,109.0131
100033,304,108.8318
100033,305,110.001
100033,306,108.6775
100033,307,107.7781
100033,308,108.879
100033,311,107.0437
100033,312,108.4808
100033,313,107.8648
100033,314,107.4367
100033,315,106.0727
100033,318,106.6257
100033,319,109.8857
100033,320,110.9932
100033,321,109.9251
100033,322,111.5046
100033,325,111.1578
100033,326,113.0778
100033,327,114.2519
100033,328,110.3717
100033,329,109.1269
100033,332,110.4418
100033,333,110.7171
100033,334,109.4426
100033,335,108.6891
100033,336,106.309
100033,339,106.2683
100033,340,109.1913
100033,341,110.3227
100033,342,113.3297
100033,343,114.6103
100033,346,116.1067
100033,347,118.9629
100033,348,119.582
100033,349,119.3948
100033,350,120.9612
100033,353,123.1675
100033,354,122.5446
100033,355,121.5728
100033,356,121.8572
100033,357,123.1591
100033,360,124.4251
100033,361,122.4047
100033,362,125.3221
100033,363,124.448
100033,364,124.1375
100033,367,122.8864
100033,368,127.0056
100033,369,127.4601
100033,370,126.2536
100033,371,127.6519
100033,374,128.9194
100033,375,128.7169
100033,376,130.1062
100033,377,128.9143
100033,378,128.2425
100033,381,125.2782
100033,382,123.3919
100033,383,126.1757
100033,384,128.7659
100033,385,128.9543
100033,388,131.6354
100033,389,131.4721
100033,390,131.1781
100033,391,131.3555
100033,392,131.2477
100033,395,130.9985
100033,396,132.8931
100033,397,133.222
100033,398,134.4536
100033,399,136.2155
100033,402,136.9422
100033,403,135.4524
100033,404,133.3667
100033,405,133.6946
100033,406,133.5109
100033,409,133.7408
100033,410,133.8053
100033,411,138.1007
100033,412,136.0111
100033,413,132.8995
100033,416,133.5193
100033,417,133.0088
100033,418,133.6031
100033,419,134.6308
100033,420,136.8082
100033,423,134.453
100033,424,133.6502
100033,425,134.4285
100033,426,135.7654
100033,427,139.471
100033,430,141.1707
100033,431,141.17
100033,432,139.7677
100033,433,138.9206
100033,434,138.0317
100033,437,139.2123
100033,438,139.7354
100033,439,137.6319
100033,440,137.0081
100033,441,138.5481
100033,444,139.2264
100033,445,140.2718
100033,446,141.0113
100033,447,143.8802
100033,448,144.3846
100033,451,143.8161
100033,452,142.3444
100033,453,142.8666
100033,454,138.8471
100033,455,138.6347
100033,458,138.3869
100033,459,136.2371
100033,460,134.8228
100033,461,136.2275
100033,462,136.6964
100033,465,136.9554
100033,466,137.5512
100033,467,137.7967
100033,468,139.9563
100033,469,140.2578
100033,472,137.9241
100033,473,140.7364
100033,474,141.457
100033,475,140.5577
100033,476,138.5582
100033,479,139.3103
100033,480,139.2089
100033,481,141.9523
100033,482,141.4612
100033,483,140.145
100033,486,141.7513
100033,487,143.4266
100033,488,143.8134
100033,489,145.0802
100033,490,145.1126
100033,493,145.6175
100033,494,147.7619
100033,495,148.9724
100033,496,148.7712
100033,497,151.3009
100033,500,147.1776
100033,501,150.939
100033,502,147.9881
100033,503,146.9807
100033,504,147.0078
100033,507,146.8494
100033,508,148.7292
100033,509,146.9571
100033,510,147.516
100033,511,146.5975
100033,514,147.2155
100033,515,147.2007
100033,516,147.464
100033,517,146.5954
100033,518,145.8015
100033,521,146.4025
100033,522,148.1654
100033,523,147.2075
100033,524,145.783
100033,525,146.9565
100033,528,146.9985
100033,529,148.5671
100033,530,147.0643
100033,531,144.0624
100033,532,143.2429
100033,535,142.0308
100033,536,141.9927
100033,537,141.0096
100033,538,142.3618
100033,539,141.9674
100033,542,142.3193
100033,543,142.6843
100033,544,143.1141
100033,545,143.1694
100033,546,144.1442
100033,549,142.8744
100033,550,145.3856
100033,551,145.0724
100033,552,142.9093
100033,553,143.328
100033,556,141.971
100033,557,143.2026
100033,558,147.1396
100033,559,145.8592
100033,560,146.5394
100033,563,143.5894
100033,564,144.469
100033,565,143.0421
100033,566,142.0721
100033,567,140.3063
100033,570,141.6368
100033,571,143.4515
100033,572,143.5885
100033,573,142.2064
100033,574,145.0356
100033,577,143.8358
100033,578,140.256
100033,579,141.1228
100033,580,139.363
100033,581,141.117
100033,584,140.5695
100033,585,141.6845
100033,586,144.1784
100033,587,142.2033
100033,588,141.3386
100033,591,141.3059
100033,592,144.0276
100033,593,142.9935
100033,594,142.0755
100033,595,142.9873
100033,598,142.0987
100033,599,142.4544
100033,600,139.9277
100033,601,143.7828
100033,602,141.5776
100033,605,141.1286
100033,606,141.1689
100033,607,144.5354
100033,608,142.3576
100033,609,145.8764
100033,612,147.3037
100033,613,148.1409
100033,614,146.5041
100033,615,147.6085
100033,616,146.4346
100033,619,148.7719
100033,620,147.152
100033,621,147.052
100033,622,146.1765
100033,623,144.5564
100033,626,145.9432
100033,627,146.9806
100033,628,149.2236
100033,629,146.1769
100033,630,148.1506
100033,633,152.7635
100033,634,152.0425
100033,635,155.6356
100033,636,155.2509
100033,637,152.8246
100033,640,152.3693
100033,641,154.3971
100033,642,152.959
100033,643,151.9664
100033,644,153.1531
100033,647,153.2621
100033,648,154.4424
100033,649,154.9872
100033,650,155.9846
100033,651,155.2843
100033,654,155.8207
100033,655,154.2047
100033,656,156.7068
100033,657,155.6266
100033,658,157.85
100033,661,157.5155
100033,662,158.0034
100033,663,157.1761
100033,664,155.3811
100033,665,152.2727
100033,668,150.4629
100033,669,149.9818
100033,670,150.4641
100033,671,152.3975
100033,672,151.6889
100033,675,150.1974
100033,676,147.7257
100033,677,148.6772
100033,678,151.2611
100033,679,153.6748
100033,682,155.0908
100033,683,156.3861
100033,684,159.7038
100033,685,160.448
100033,686,161.8028
100033,689,161.2915
100033,690,158.7905
100033,691,157.6024
100033,692,157.6915
100033,693,157.9128
100033,696,161.7049
100033,697,161.9715
100033,698,164.3838
100033,699,163.6404
100033,700,163.1411
100033,703,160.675
100033,704,159.3612
100033,705,160.4777
100033,706,160.6006
100033,707,162.533
100033,710,162.9959
100033,711,162.4193
100033,712,166.7621
100033,713,166.6872
100033,714,169.1377
100033,717,168.4411
100033,718,169.9924
100033,719,172.0071
100033,720,172.5532
100033,721,167.8716
100033,724,168.0216
100033,725,170.6295
100033,726,171.826
100033,727,172.862
100033,728,169.4494
100033,731,168.1079
100033,732,169.0516
100033,733,169.9987
100033,734,172.6046
100033,735,172.4218
100033,738,173.3783
100033,739,173.5293
100033,740,171.6073
100033,741,167.1487
100033,742,168.1266
100033,745,168.5907
100033,746,167.4608
100033,747,164.3576
100033,748,165.7128
100033,749,165.2977
100033,752,166.5154
100033,753,170.3871
100033,754,166.1876
100033,755,164.913
100033,756,164.6113
100033,759,167.6157
100033,760,164.4757
100033,761,168.4447
100033,762,168.8327
100033,763,168.7526
100033,766,168.4666
100033,767,167.7024
100033,768,169.934
100033,769,167.8878
100033,770,168.6971
100033,773,168.0365
100033,774,166.623
100033,775,171.9768
100033,776,172.9582
100033,777,174.3499
100033,780,176.8597
100033,781,173.9938
100033,782,177.8014
100033,783,172.6579
100033,784,171.192
100033,787,170.3689
100033,788,171.675
100033,789,172.2412
100033,790,172.0136
100033,791,172.105
100033,794,170.2169
100033,795,167.3066
100033,796,168.8816
100033,797,170.4046
100033,798,173.7843
100033,801,172.265
100033,802,173.8166
100033,803,173.3443
100033,804,175.9505
100033,805,178.2361
100033,808,178.8078
100033,809,178.2029
100033,810,180.3859
100033,811,181.9107
100033,812,180.5483
100033,815,177.8216
100033,816,177.3281
100033,817,180.6957
100033,818,183.3159
100033,819,181.0136
100033,822,178.6217
100033,823,181.4901
100033,824,179.1608
100033,825,180.3779
100033,826,179.1735
100033,829,182.7984
100033,830,181.2427
100033,831,183.864
100033,832,184.3956
100033,833,185.0779
100033,836,180.8864
100033,837,176.2983
100033,838,175.9521
100033,839,176.5919
100033,840,174.3472
100033,843,172.2063
100033,844,173.4844
100033,845,174.775
100033,846,174.6048
100033,847,176.3619
100033,850,174.018
100033,851,173.3952
100033,852,176.9684
100033,853,177.2327
100033,854,177.6206
100033,857,182.7143
100033,858,179.8009
100033,859,181.6455
100033,860,185.4245
100033,861,184.8295
100033,864,186.8671
100033,865,184.8082
100033,866,183.4191
100033,867,184.3905
100033,868,186.287
100033,871,188.9305
100033,872,192.6434
100033,873,192.6178
100033,874,195.5212
100033,875,194.8532
100033,878,197.1013
100033,879,197.7248
100033,880,198.9164
100033,881,200.0622
100033,882,196.3888
100033,885,193.895
100033,886,194.2641
100033,887,190.5088
100033,888,192.5434
100033,889,194.6937
100033,892,195.5895
100033,893,193.1127
100033,894,196.4617
100033,895,201.4467
100033,896,201.9379
100033,899,203.3127
100033,900,203.9417
100033,901,205.379
100033,902,205.2237
100033,903,205.2772
100033,906,207.6547
100033,907,213.7112
100033,908,210.3016
100033,909,210.1822
100033,910,207.3733
100033,913,211.5053
100033,914,210.1644
100033,915,206.7047
100033,916,208.4302
100033,917,212.9711
100033,920,214.8142
100033,921,215.4867
100033,922,216.6906
100033,923,220.5401
100033,924,218.3918
100033,927,218.2468
100033,928,217.214
100033,929,214.3435
100033,930,213.6468
100033,931,216.6443
100033,934,218.2657
100033,935,220.1038
100033,936,220.6388
100033,937,222.175
100033,938,220.2047
100033,941,219.5385
100033,942,220.1921
100033,943,221.0738
100033,944,222.0724
100033,945,221.8546
100033,948,221.0037
100033,949,229.6713
100033,950,232.3342
100033,951,233.6435
100033,952,233.1495
100033,955,232.0503
100033,956,231.8436
100033,957,232.8146
100033,958,227.7869
100033,959,223.6989
100033,962,222.15
100033,963,222.8518
100033,964,222.3644
100033,965,226.4861
100033,966,222.6532
100033,969,220.8089
100033,970,225.0147
100033,971,225.5202
100033,972,228.0751
100033,973,233.9016
100033,976,232.1239
100033,977,232.0046
100033,978,231.4054
100033,979,226.2072
100033,980,225.5205
100033,983,228.065
100033,984,229.7004
100033,985,231.5649
100033,986,230.682
100033,987,229.0321
100033,990,232.6949
100033,991,231.4701
100033,992,232.443
100033,993,233.055
100033,994,237.3283
100033,997,240.2657
100033,998,236.7293
100033,999,233.5458
100033,1000,235.3284
100033,1001,235.3059
100033,1004,234.1854
100033,1005,237.2095
100033,1006,237.9027
100033,1007,238.2128
100033,1008,240.6089
100033,1011,239.6927
100033,1012,244.3998
100033,1013,242.2689
100033,1014,244.346
100033,1015,248.7433
100033,1018,244.8416
100033,1019,244.002
100033,1020,247.5276
100033,1021,251.1493
100033,1022,250.8035
100033,1025,248.7755
100033,1026,251.8081
100033,1027,255.5729
100033,1028,252.205
100033,1029,248.7647
100033,1032,249.6046
100033,1033,251.6616
100033,1034,250.9317
100033,1035,253.1509
100033,1036,251.1777
100033,1039,245.0653
100033,1040,243.9896
100033,1041,244.3391
100033,1042,243.6981
100033,1043,240.5042
100033,1046,235.493
100033,1047,234.2063
100033,1048,236.896
100033,1049,240.647
100033,1050,244.2571
100033,1053,242.0466
100033,1054,238.8883
100033,1055,240.4747
100033,1056,242.4732
100033,1057,243.8017
100033,1060,238.1555
100033,1061,235.8563
100033,1062,235.9316
100033,1063,237.4716
100033,1064,239.8243
100033,1067,240.4008
100033,1068,241.5174
100033,1069,241.926
100033,1070,244.084
100033,1071,245.1651
100033,1074,245.5236
100033,1075,244.9014
100033,1076,245.3052
100033,1077,246.8986
100033,1078,247.8574
100033,1081,249.1578
100033,1082,253.3652
100033,1083,254.3421
100033,1084,252.5444
100033,1085,255.4017
100033,1088,251.4289
100033,1089,248.363
100033,1090,249.5317
100033,1091,251.2481
100033,1092,247.6989
100033,1095,246.7329
100033,1096,245.1149
100033,1097,243.8557
100033,1098,246.7918
100033,1099,249.0555
100033,1102,249.1665
100033,1103,247.7107
100033,1104,243.9059
100033,1105,248.2546
100033,1106,250.189
100033,1109,248.2492
100033,1110,250.5655
100033,1111,250.524
100033,1112,249.833
100033,1113,251.3073
100033,1116,249.2549
100033,1117,248.399
100033,1118,248.9282
100033,1119,247.6116
100033,1120,249.7709
100033,1123,255.5938
100033,1124,253.4676
100033,1125,248.6337
100033,1126,242.9114
100033,1127,242.638
100033,1130,240.8821
100033,1131,241.6451
100033,1132,242.1923
100033,1133,237.7496
100033,1134,232.7978
100033,1137,233.7815
100033,1138,234.3188
100033,1139,233.2849
100033,1140,228.8578
100033,1141,230.308
100033,1144,233.9987
100033,1145,234.9369
100033,1146,232.7229
100033,1147,233.0041
100033,1148,229.38
100033,1151,232.4598
100033,1152,232.8446
100033,1153,228.1226
100033,1154,227.4565
100033,1155,228.8756
100033,1158,228.119
100033,1159,227.5203
100033,1160,224.3617
100033,1161,226.0407
100033,1162,224.4444
100033,1165,218.8732
100033,1166,218.0498
100033,1167,220.7744
100033,1168,219.9027
100033,1169,224.6764
100033,1172,225.9853
100033,1173,227.0566
100033,1174,226.8609
100033,1175,226.8285
100033,1176,226.2671
100033,1179,225.6021
100033,1180,227.1933
100033,1181,224.8144
100033,1182,222.0877
100033,1183,219.27
100033,1186,224.8565
100033,1187,226.4411
100033,1188,227.4212
100033,1189,224.7123
100033,1190,226.5479
100033,1193,226.3847
100033,1194,227.1189
100033,1195,224.6311
100033,1196,225.2142
100033,1197,224.2259
100033,1200,222.3305
100033,1201,224.444
100033,1202,220.4996
100033,1203,222.145
100033,1204,224.1236
100033,1207,221.926
100033,1208,219.906
100033,1209,219.4677
100033,1210,220.3584
100033,1211,220.1041
100033,1214,221.3985
100033,1215,226.2725
100033,1216,225.0534
100033,1217,220.6292
100033,1218,222.9714
100033,1221,227.6628
100033,1222,228.8899
100033,1223,226.0817
100033,1224,225.8991
100033,1225,223.0454
100033,1228,224.9199
100033,1229,221.4608
100033,1230,220.8156
100033,1231,218.3243
100033,1232,218.8035
100033,1235,217.9933
100033,1236,218.6024
100033,1237,218.8084
100033,1238,216.3856
100033,1239,218.1624
100033,1242,218.1822
100033,1243,215.7615
100033,1244,221.7764
100033,1245,223.1951
100033,1246,222.9364
100033,1249,226.8978
100033,1250,232.1117
100033,1251,231.8646
100033,1252,232.9878
100033,1253,230.4043
100033,1256,230.154
100033,1257,229.7612
100033,1258,230.4254
100033,1259,231.5011
100033,1260,233.2148
100033,1263,234.0369
100033,1264,230.8255
100033,1265,228.4013
100033,1266,227.0656
100033,1267,226.4526
100033,1270,229.4733
100033,1271,226.4541
100033,1272,225.6396
100033,1273,228.3821
100033,1274,227.7174
100033,1277,229.1303
100033,1278,228.9023
100033,1279,229.7618
100033,1280,229.289
100033,1281,231.2829
100033,1284,227.1984
100033,1285,226.3653
100033,1286,227.3235
100033,1287,228.9346
100033,1288,233.2195
100033,1291,232.2872
100033,1292,236.5967
100033,1293,234.8962
100033,1294,238.8225
100033,1295,241.3334
100033,1298,238.8704
100033,1299,239.9116
100033,1300,239.9263
100033,1301,241.8927
100033,1302,241.4099
100033,1305,240.6861
100033,1306,244.8277
100033,1307,244.7036
100033,1308,247.3029
100033,1309,246.8032
100033,1312,251.9457
100033,1313,250.0772
100033,1314,248.4132
100033,1315,253.1583
100033,1316,251.9836
100033,1319,257.0323
100033,1320,259.9659
100033,1321,259.6603
100033,1322,254.257
100033,1323,254.3698
100033,1326,254.8513
100033,1327,258.611
100033,1328,263.7526
100033,1329,261.7756
100033,1330,264.4762
100033,1333,267.0904
100033,1334,270.7265
100033,1335,272.531
100033,1336,266.4476
100033,1337,266.1319
100033,1340,262.6531
100033,1341,262.1937
100033,1342,265.4663
100033,1343,266.6174
100033,1344,270.4888
100033,1347,271.7808
100033,1348,267.7707
100033,1349,259.9875
100033,1350,260.6268
100033,1351,260.1357
100033,1354,257.2852
100033,1355,252.2713
100033,1356,250.2313
100033,1357,249.818
100033,1358,251.9869
100033,1361,252.7268
100033,1362,257.812
100033,1363,254.808
100033,1364,257.683
100033,1365,258.0029
100033,1368,260.3325
100033,1369,259.1507
100033,1370,262.6733
100033,1371,263.781
100033,1372,261.8212
100033,1375,261.9602
100033,1376,261.3864
100033,1377,263.0987
100033,1378,259.5848
100033,1379,259.6687
100033,1382,261.0763
100033,1383,261.3557
100033,1384,265.7825
100033,1385,268.4373
100033,1386,268.5944
100033,1389,269.4736
100033,1390,270.6114
100033,1391,272.1043
100033,1392,266.4027
100033,1393,265.6221
100033,1396,261.1206
100033,1397,265.3252
100033,1398,265.311
100033,1399,264.8764
100033,1400,267.9155
100033,1403,269.4549
100033,1404,266.0188
100033,1405,265.9725
100033,1406,265.0864
100033,1407,259.784
100033,1410,257.8204
100033,1411,257.4283
100033,1412,257.2478
100033,1413,252.8949
100033,1414,256.578
100033,1417,256.4375
100033,1418,256.7259
100033,1419,258.134
100033,1420,255.8832
100033,1421,257.4583
100033,1424,256.5027
100033,1425,253.9361
100033,1426,255.8575
100033,1427,260.6423
100033,1428,263.0907
100033,1431,266.1927
100033,1432,264.7176
100033,1433,259.8791
100033,1434,264.7342
100033,1435,271.5079
100033,1438,276.7547
100033,1439,275.8307
100033,1440,272.2286
100033,1441,268.9597
100033,1442,263.7717
100033,1445,263.6107
100033,1446,268.9071
100033,1447,268.6327
100033,1448,269.7885
100033,1449,274.4522
100033,1452,273.3123
100033,1453,280.2418
100033,1454,287.1976
100033,1455,286.9408
100033,1456,285.1565
100033,1459,287.7402
100033,1460,286.7392
100033,1461,282.9881
100033,1462,287.5551
100033,1463,291.9693
100033,1466,292.7106
100033,1467,288.5141
100033,1468,284.4913
100033,1469,285.0489
100033,1470,283.5398
100033,1473,282.5751
100033,1474,286.2458
100033,1475,288.9636
100033,1476,293.9678
100033,1477,290.6989
100033,1480,289.7027
100033,1481,292.5436
100033,1482,294.3152
100033,1483,299.9653
100033,1484,301.6824
100033,1487,308.6381
100033,1488,310.849
100033,1489,315.0385
100033,1490,314.0328
100033,1491,314.2984
100033,1494,317.9584
100033,1495,324.3751
100033,1496,327.4395
100033,1497,327.3345
100033,1498,332.9999
100033,1501,324.596
100033,1502,319.3327
100033,1503,322.1658
100033,1504,322.4377
100033,1505,325.0021
100033,1508,325.4723
100033,1509,327.9252
100033,1510,324.9634
100033,1511,327.4107
100033,1512,331.5544
100033,1515,336.6605
100033,1516,345.1053
100033,1517,346.3486
100033,1518,347.7205
100033,1519,341.6691
100033,1522,339.732
100033,1523,339.1765
100033,1524,343.699
100033,1525,341.425
100033,1526,344.9274
100033,1529,345.1535
100033,1530,344.6548
100033,1531,345.9163
100033,1532,344.5329
100033,1533,342.9996
100033,1536,336.2986
100033,1537,335.5283
100033,1538,333.8315
100033,1539,332.0001
100033,1540,333.8859
100033,1543,336.7554
100033,1544,337.9205
100033,1545,342.2013
100033,1546,344.7994
100033,1547,343.8157
100033,1550,342.147
100033,1551,343.6622
100033,1552,346.2639
100033,1553,352.3435
100033,1554,357.644
100033,1557,355.5734
100033,1558,355.3792
100033,1559,358.4867
100033,1560,363.3435
100033,1561,367.6979
100033,1564,367.6649
100033,1565,362.4321
100033,1566,358.3663
100033,1567,359.7802
100033,1568,361.5007
100033,1571,357.0189
100033,1572,357.4504
100033,1573,360.4043
100033,1574,355.7122
100033,1575,360.6912
100033,1578,359.3074
100033,1579,365.0028
100033,1580,362.9245
100033,1581,358.7343
100033,1582,357.0133
100033,1585,356.8476
100033,1586,355.432
100033,1587,354.7535
100033,1588,356.4147
100033,1589,355.9252
100033,1592,355.8837
100033,1593,348.9125
100033,1594,350.7887
100033,1595,350.6508
100033,1596,357.7158
100033,1599,353.9543
100033,1600,346.6097
100033,1601,349.4189
100033,1602,351.1079
100033,1603,347.1297
100033,1606,341.0618
100033,1607,347.6301
100033,1608,353.8026
100033,1609,343.6561
100033,1610,342.0072
125498,3,117.5969
125498,4,117.0077
125498,5,116.4011
125498,6,116.0861
125498,7,114.6164
125498,10,112.3772
125498,11,113.8787
125498,12,111.4694
125498,13,111.8753
125498,14,113.1451
125498,17,111.2718
125498,18,110.1219
125498,19,111.808
125498,20,112.5993
125498,21,111.8459
125498,24,113.5435
125498,25,115.2728
125498,26,115.7227
125498,27,114.5598
125498,28,114.0713
125498,31,114.5402
125498,32,114.359
125498,33,115.7295
125498,34,113.7065
125498,35,111.7664
125498,38,112.0842
125498,39,111.5019
125498,40,110.7429
125498,41,108.4972
125498,42,108.5958
125498,45,108.6005
125498,46,109.5271
125498,47,109.6914
125498,48,109.5914
125498,49,111.2211
125498,52,109.5615
125498,53,110.3416
125498,54,108.2295
125498,55,107.2212
125498,56,105.7475
125498,59,106.8139
125498,60,106.8023
125498,61,106.8571
125498,62,105.5222
125498,63,105.2153
125498,66,104.3286
125498,67,104.8792
125498,68,103.7124
125498,69,105.4475
125498,70,103.4235
125498,73,102.4991
125498,74,104.6481
125498,75,104.1747
125498,76,102.6173
125498,77,102.9561
125498,80,102.4411
125498,81,101.4897
125498,82,100.2349
125498,83,103.6816
125498,84,103.4397
125498,87,101.1512
125498,88,103.0453
125498,89,103.8718
125498,90,102.9927
125498,91,101.9176
125498,94,102.8118
125498,95,102.5776
125498,96,100.3077
125498,97,102.5456
125498,98,102.0832
125498,101,103.9971
125498,102,105.6719
125498,103,104.4839
125498,104,105.8553
125498,105,105.1041
125498,108,102.8512
125498,109,102.3989
125498,110,102.9568
125498,111,102.4573
125498,112,102.1503
125498,115,103.628
125498,116,103.8302
125498,117,102.8568
125498,118,103.7947
125498,119,104.1108
125498,122,101.0838
125498,123,101.6719
125498,124,102.2188
125498,125,102.3124
125498,126,103.48
125498,129,102.7198
125498,130,103.2039
125498,131,101.3547
125498,132,101.9185
125498,133,104.3994
125498,136,103.2333
125498,137,102.3678
125498,138,101.5701
125498,139,101.7969
125498,140,100.5777
125498,143,101.1543
125498,144,102.2537
125498,145,102.9792
125498,146,100.8905
125498,147,102.1683
125498,150,103.3908
125498,151,104.4936
125498,152,105.0318
125498,153,105.3801
125498,154,106.7623
125498,157,109.3224
125498,158,108.1554
125498,159,109.634
125498,160,109.5949
125498,161,109.4987
125498,164,107.5759
125498,165,107.2822
125498,166,106.0808
125498,167,105.5647
125498,168,104.2566
125498,171,103.7679
125498,172,103.3344
125498,173,103.524
125498,174,101.6109
125498,175,99.9354
125498,178,100.437
125498,179,99.5501
125498,180,100.9067
125498,181,101.2474
125498,182,102.0542
125498,185,103.862
125498,186,103.5475
125498,187,102.9074
125498,188,104.0568
125498,189,104.764
125498,192,104.5999
125498,193,106.4283
125498,194,106.2299
125498,195,106.3433
125498,196,106.4421
125498,199,105.3291
125498,200,105.4981
125498,201,107.349
125498,202,107.9951
125498,203,108.1081
125498,206,107.9718
125498,207,108.4734
125498,208,109.5251
125498,209,110.4011
125498,210,110.0377
125498,213,110.5408
125498,214,111.2526
125498,215,109.9937
125498,216,110.2898
125498,217,107.5459
125498,220,108.2418
125498,221,109.1743
125498,222,110.2298
125498,223,109.7839
125498,224,110.2651
125498,227,112.2361
125498,228,114.2285
125498,229,114.2657
125498,230,114.5336
125498,231,116.145
125498,234,114.1543
125498,235,113.7905
125498,236,115.7021
125498,237,117.1395
125498,238,117.7378
125498,241,115.7128
125498,242,115.7217
125498,243,114.9851
125498,244,115.5195
125498,245,114.4831
125498,248,113.1625
125498,249,110.4745
125498,250,112.1776
125498,251,111.7175
125498,252,112.0033
125498,255,112.0759
125498,256,110.7278
125498,257,109.1453
125498,258,107.9127
125498,259,107.0548
125498,262,107.5982
125498,263,106.6502
125498,264,108.9765
125498,265,110.399
125498,266,111.5475
125498,269,111.4631
125498,270,113.5783
125498,271,113.3587
125498,272,113.3928
125498,273,113.7004
125498,276,114.7369
125498,277,115.6929
125498,278,115.1145
125498,279,114.4596
125498,280,115.4175
125498,283,116.4883
125498,284,116.0194
125498,285,113.913
125498,286,113.7074
125498,287,114.6365
125498,290,117.2197
125498,291,115.6289
125498,292,115.1177
125498,293,114.6597
125498,294,116.6142
125498,297,116.6441
125498,298,115.4621
125498,299,116.3152
125498,300,115.8314
125498,301,114.2233
125498,304,113.0855
125498,305,115.535
125498,306,116.1459
125498,307,116.3742
125498,308,116.105
125498,311,116.5903
125498,312,117.061
125498,313,117.5503
125498,314,117.7914
125498,315,119.103
125498,318,119.2163
125498,319,117.9086
125498,320,117.1265
125498,321,114.4619
125498,322,117.3517
125498,325,118.6498
125498,326,117.5561
125498,327,117.2393
125498,328,116.4275
125498,329,118.6771
125498,332,116.756
125498,333,116.995
125498,334,116.922
125498,335,118.1645
125498,336,118.0971
125498,339,115.7159
125498,340,115.4465
125498,341,114.188
125498,342,114.374
125498,343,116.4327
125498,346,114.1107
125498,347,113.0993
125498,348,112.4294
125498,349,111.9926
125498,350,113.0653
125498,353,112.9068
125498,354,113.5467
125498,355,112.7755
125498,356,113.1626
125498,357,114.298
125498,360,113.3771
125498,361,114.5196
125498,362,114.6687
125498,363,116.1909
125498,364,115.9894
125498,367,116.5985
125498,368,116.6205
125498,369,116.5649
125498,370,117.0056
125498,371,117.8392
125498,374,116.1683
125498,375,118.2586
125498,376,115.7335
125498,377,114.8662
125498,378,114.8141
125498,381,115.4601
125498,382,117.7383
125498,383,115.2262
125498,384,114.6054
125498,385,111.8003
125498,388,111.9181
125498,389,112.3584
125498,390,114.5955
125498,391,114.8385
125498,392,116.361
125498,395,117.256
125498,396,116.7255
125498,397,114.851
125498,398,115.3074
125498,399,113.3429
125498,402,115.1913
125498,403,115.0457
125498,404,116.782
125498,405,116.191
125498,406,116.6442
125498,409,117.0157
125498,410,117.0316
125498,411,116.5057
125498,412,117.1332
125498,413,115.9201
125498,416,114.3313
125498,417,116.123
125498,418,117.2172
125498,419,117.3888
125498,420,119.8326
125498,423,119.5298
125498,424,121.5191
125498,425,121.8569
125498,426,120.4527
125498,427,123.2298
125498,430,124.7838
125498,431,124.6873
125498,432,125.8621
125498,433,125.34
125498,434,126.6755
125498,437,123.1847
125498,438,121.7723
125498,439,123.2911
125498,440,123.0062
125498,441,123.3954
125498,444,121.5042
125498,445,124.3053
125498,446,126.1743
125498,447,125.9565
125498,448,125.4325
125498,451,127.0735
125498,452,130.2125
125498,453,131.7964
125498,454,135.3585
125498,455,133.9628
125498,458,132.7449
125498,459,130.9576
125498,460,131.7407
125498,461,132.107
125498,462,131.9559
125498,465,133.3301
125498,466,135.4026
125498,467,133.0422
125498,468,132.1842
125498,469,133.5782
125498,472,132.9221
125498,473,131.7471
125498,474,133.453
125498,475,131.4978
125498,476,131.1125
125498,479,131.718
125498,480,130.9048
125498,481,132.2267
125498,482,131.4181
125498,483,133.7428
125498,486,133.6317
125498,487,134.8006
125498,488,136.1014
125498,489,135.1742
125498,490,131.9814
125498,493,132.6419
125498,494,132.8463
125498,495,133.8233
125498,496,133.551
125498,497,132.9544
125498,500,136.2812
125498,501,133.991
125498,502,135.2644
125498,503,134.428
125498,504,133.9792
125498,507,133.5617
125498,508,132.3728
125498,509,133.3709
125498,510,135.7008
125498,511,136.5585
125498,514,136.8198
125498,515,135.3052
125498,516,136.2366
125498,517,139.8929
125498,518,139.3509
125498,521,138.8188
125498,522,137.9827
125498,523,137.2694
125498,524,132.9219
125498,525,133.658
125498,528,132.4014
125498,529,129.9617
125498,530,131.2271
125498,531,129.626
125498,532,129.1888
125498,535,131.565
125498,536,129.4518
125498,537,127.1847
125498,538,127.6814
125498,539,129.5375
125498,542,127.2053
125498,543,127.9138
125498,544,128.8933
125498,545,125.8403
125498,546,127.1345
125498,549,128.5621
125498,550,128.1697
125498,551,130.1931
125498,552,132.0651
125498,553,132.3175
125498,556,131.6933
125498,557,130.2566
125498,558,130.2859
125498,559,131.2659
125498,560,130.8458
125498,563,127.5353
125498,564,129.5741
125498,565,129.957
125498,566,129.4552
125498,567,130.8784
125498,570,133.3786
125498,571,129.0668
125498,572,129.827
125498,573,127.7151
125498,574,128.567
125498,577,128.8509
125498,578,129.9227
125498,579,129.2358
125498,580,126.4558
125498,581,125.8608
125498,584,126.5606
125498,585,128.1945
125498,586,126.4944
125498,587,128.1454
125498,588,127.2413
125498,591,127.8808
125498,592,127.1885
125498,593,127.5521
125498,594,129.008
125498,595,127.213
125498,598,126.2671
125498,599,126.6324
125498,600,130.4131
125498,601,129.1598
125498,602,132.4418
125498,605,135.7491
125498,606,135.6826
125498,607,135.2905
125498,608,134.265
125498,609,134.246
125498,612,132.0937
125498,613,132.0623
125498,614,134.5404
125498,615,133.6501
125498,616,133.3555
125498,619,130.7559
125498,620,131.4313
125498,621,131.9369
125498,622,132.1267
125498,623,131.8732
125498,626,131.5006
125498,627,132.3822
125498,628,132.4258
125498,629,133.0157
125498,630,133.4484
125498,633,135.3462
125498,634,136.5394
125498,635,136.9473
125498,636,139.553
125498,637,140.3514
125498,640,142.6569
125498,641,143.794
125498,642,140.7536
125498,643,143.0655
125498,644,143.3939
125498,647,143.4014
125498,648,143.9822
125498,649,143.4857
125498,650,143.9732
125498,651,143.0534
125498,654,145.3499
125498,655,145.2504
125498,656,144.6844
125498,657,143.1881
125498,658,143.7464
125498,661,144.1659
125498,662,144.9354
125498,663,143.2609
125498,664,140.6364
125498,665,141.789
125498,668,144.4285
125498,669,142.7614
125498,670,145.6014
125498,671,146.1956
125498,672,146.2819
125498,675,145.6858
125498,676,143.3882
125498,677,145.1913
125498,678,143.9468
125498,679,142.7058
125498,682,144.5076
125498,683,141.3825
125498,684,138.9214
125498,685,138.9849
125498,686,139.5678
125498,689,140.4746
125498,690,140.0626
125498,691,144.4668
125498,692,144.1705
125498,693,143.8698
125498,696,142.6001
125498,697,142.9081
125498,698,144.061
125498,699,146.2499
125498,700,143.7631
125498,703,143.4372
125498,704,144.3034
125498,705,145.419
125498,706,145.5285
125498,707,146.5752
125498,710,145.2609
125498,711,148.0947
125498,712,149.9658
125498,713,147.6707
125498,714,145.881
125498,717,144.1617
125498,718,145.4344
125498,719,143.3118
125498,720,142.8414
125498,721,143.7179
125498,724,143.701
125498,725,144.2442
125498,726,142.512
125498,727,143.6271
125498,728,142.6731
125498,731,142.2157
125498,732,142.7172
125498,733,142.9898
125498,734,143.1274
125498,735,141.943
125498,738,141.5304
125498,739,141.6296
125498,740,139.4117
125498,741,138.7357
125498,742,139.475
125498,745,137.4514
125498,746,139.4614
125498,747,141.6924
125498,748,139.6906
125498,749,142.0748
125498,752,141.9265
125498,753,142.7355
125498,754,141.9853
125498,755,143.6595
125498,756,144.4569
125498,759,143.1526
125498,760,141.2653
125498,761,138.9114
125498,762,139.3182
125498,763,140.3707
125498,766,141.5641
125498,767,141.4597
125498,768,139.6084
125498,769,138.5668
125498,770,140.586
125498,773,139.8672
125498,774,140.2021
125498,775,138.5021
125498,776,139.155
125498,777,138.4882
125498,780,140.3287
125498,781,141.7296
125498,782,140.9862
125498,783,140.8677
125498,784,140.036
125498,787,137.7699
125498,788,136.4553
125498,789,136.8717
125498,790,137.4983
125498,791,137.8359
125498,794,137.4317
125498,795,139.0689
125498,796,139.2686
125498,797,140.5406
125498,798,137.6812
125498,801,131.4556
125498,802,131.9918
125498,803,129.8476
125498,804,129.6053
125498,805,129.2247
125498,808,131.7922
125498,809,132.514
125498,810,132.867
125498,811,134.2952
125498,812,134.9799
125498,815,134.3331
125498,816,136.1588
125498,817,134.4529
125498,818,135.0651
125498,819,132.6759
125498,822,133.0899
125498,823,133.4877
125498,824,136.2851
125498,825,133.8464
125498,826,132.9769
125498,829,134.3833
125498,830,135.0148
125498,831,135.3978
125498,832,133.9475
125498,833,133.0934
125498,836,135.1827
125498,837,135.1906
125498,838,135.8909
125498,839,135.7953
125498,840,133.9763
125498,843,135.5736
125498,844,136.4846
125498,845,140.3982
125498,846,138.7955
125498,847,140.2633
125498,850,138.1719
125498,851,138.5258
125498,852,140.2489
125498,853,136.9057
125498,854,136.6624
125498,857,135.8359
125498,858,134.7903
125498,859,135.5046
125498,860,137.4271
125498,861,137.3007
125498,864,137.7316
125498,865,138.0133
125498,866,138.1094
125498,867,136.4124
125498,868,138.3275
125498,871,138.9107
125498,872,139.663
125498,873,138.4147
125498,874,137.7489
125498,875,137.5516
125498,878,135.1401
125498,879,132.5265
125498,880,131.6658
125498,881,132.5812
125498,882,131.6376
125498,885,130.1299
125498,886,128.9542
125498,887,128.3398
125498,888,127.8837
125498,889,131.3302
125498,892,133.0881
125498,893,134.8215
125498,894,136.8127
125498,895,135.2781
125498,896,133.4033
125498,899,131.7365
125498,900,133.9479
125498,901,133.1633
125498,902,131.2722
125498,903,130.6849
125498,906,130.4002
125498,907,130.9081
125498,908,131.3905
125498,909,130.1823
125498,910,131.3436
125498,913,130.4306
125498,914,130.2747
125498,915,131.4386
125498,916,130.5208
125498,917,129.7219
125498,920,130.7319
125498,921,129.484
125498,922,128.976
125498,923,129.9244
125498,924,133.248
125498,927,134.3076
125498,928,135.1607
125498,929,136.1139
125498,930,134.4674
125498,931,134.7445
125498,934,134.7874
125498,935,135.3985
125498,936,135.6789
125498,937,136.3889
125498,938,135.9731
125498,941,136.1603
125498,942,134.2645
125498,943,133.8417
125498,944,136.1802
125498,945,136.7931
125498,948,136.8511
125498,949,140.0869
125498,950,137.9167
125498,951,136.1892
125498,952,139.1036
125498,955,139.2741
125498,956,138.964
125498,957,137.0761
125498,958,137.9056
125498,959,138.9009
125498,962,137.1857
125498,963,137.048
125498,964,136.5908
125498,965,137.1024
125498,966,135.3693
125498,969,137.5057
125498,970,139.1151
125498,971,138.6052
125498,972,138.3399
125498,973,138.2074
125498,976,137.0183
125498,977,136.385
125498,978,136.0363
125498,979,138.7815
125498,980,140.4575
125498,983,142.1335
125498,984,142.8605
125498,985,141.0579
125498,986,141.083
125498,987,142.8276
125498,990,140.7877
125498,991,141.9602
125498,992,146.0604
125498,993,148.0283
125498,994,150.6565
125498,997,151.1526
125498,998,153.0171
125498,999,151.8104
125498,1000,153.3668
125498,1001,154.6771
125498,1004,155.3195
125498,1005,157.8918
125498,1006,156.9827
125498,1007,156.7374
125498,1008,157.0224
125498,1011,155.204
125498,1012,155.7311
125498,1013,152.6628
125498,1014,154.6922
125498,1015,154.883
125498,1018,154.0243
125498,1019,152.5967
125498,1020,152.2715
125498,1021,153.6347
125498,1022,154.7495
125498,1025,153.5518
125498,1026,152.1073
125498,1027,153.4114
125498,1028,152.1934
125498,1029,152.4054
125498,1032,152.7343
125498,1033,153.4093
125498,1034,155.0979
125498,1035,152.8741
125498,1036,149.5177
125498,1039,148.6059
125498,1040,151.9475
125498,1041,155.775
125498,1042,159.3343
125498,1043,159.0739
125498,1046,155.8219
125498,1047,151.6151
125498,1048,150.6065
125498,1049,150.3512
125498,1050,152.8131
125498,1053,154.5128
125498,1054,155.0385
125498,1055,153.4995
125498,1056,151.8469
125498,1057,152.4122
125498,1060,153.7928
125498,1061,154.6201
125498,1062,152.8203
125498,1063,154.119
125498,1064,155.0112
125498,1067,153.1408
125498,1068,151.8123
125498,1069,153.1718
125498,1070,152.8455
125498,1071,155.8856
125498,1074,156.9293
125498,1075,156.1232
125498,1076,156.2095
125498,1077,156.4335
125498,1078,155.1803
125498,1081,153.5981
125498,1082,154.9975
125498,1083,156.6792
125498,1084,157.9221
125498,1085,160.9209
125498,1088,159.9887
125498,1089,163.3372
125498,1090,161.6945
125498,1091,159.8542
125498,1092,156.6278
125498,1095,155.8994
125498,1096,155.0669
125498,1097,156.1514
125498,1098,156.7136
125498,1099,154.5961
125498,1102,153.975
125498,1103,153.3954
125498,1104,150.2705
125498,1105,148.6167
125498,1106,147.3513
125498,1109,150.0027
125498,1110,150.4482
125498,1111,151.7477
125498,1112,149.1506
125498,1113,151.3999
125498,1116,153.8798
125498,1117,150.3444
125498,1118,149.1812
125498,1119,150.1703
125498,1120,151.4351
125498,1123,150.3116
125498,1124,149.8641
125498,1125,148.8968
125498,1126,149.1943
125498,1127,151.4496
125498,1130,150.1597
125498,1131,152.0718
125498,1132,150.7573
125498,1133,149.3363
125498,1134,150.9084
125498,1137,152.6858
125498,1138,154.3538
125498,1139,152.0445
125498,1140,151.301
125498,1141,152.9018
125498,1144,153.0811
125498,1145,151.2284
125498,1146,152.1629
125498,1147,150.9684
125498,1148,154.3502
125498,1151,157.3367
125498,1152,158.5854
125498,1153,161.2987
125498,1154,161.5327
125498,1155,163.1294
125498,1158,166.1523
125498,1159,166.7537
125498,1160,166.3574
125498,1161,163.1077
125498,1162,163.0554
125498,1165,164.7815
125498,1166,166.7695
125498,1167,167.8925
125498,1168,166.9209
125498,1169,163.1279
125498,1172,162.2733
125498,1173,161.7923
125498,1174,161.2963
125498,1175,162.6045
125498,1176,166.6277
125498,1179,166.9868
125498,1180,166.6666
125498,1181,166.2624
125498,1182,166.6225
125498,1183,165.0902
125498,1186,165.4394
125498,1187,166.4467
125498,1188,166.9776
125498,1189,168.0078
125498,1190,168.9962
125498,1193,165.5616
125498,1194,166.941
125498,1195,165.7174
125498,1196,163.6684
125498,1197,161.6281
125498,1200,162.5786
125498,1201,162.2555
125498,1202,159.1291
125498,1203,160.1502
125498,1204,157.5206
125498,1207,157.8909
125498,1208,158.4491
125498,1209,160.2456
125498,1210,163.8099
125498,1211,161.2648
125498,1214,161.2723
125498,1215,160.8483
125498,1216,161.7946
125498,1217,162.3222
125498,1218,161.7478
125498,1221,161.0051
125498,1222,158.9751
125498,1223,160.9745
125498,1224,161.9709
125498,1225,163.8704
125498,1228,163.3729
125498,1229,162.203
125498,1230,160.2311
125498,1231,161.0295
125498,1232,159.1452
125498,1235,162.8155
125498,1236,160.3953
125498,1237,161.0301
125498,1238,164.1892
125498,1239,165.4824
125498,1242,165.9426
125498,1243,164.1408
125498,1244,161.5575
125498,1245,163.1634
125498,1246,166.2436
125498,1249,165.4842
125498,1250,163.3536
125498,1251,158.7246
125498,1252,156.9781
125498,1253,156.8705
125498,1256,160.0098
125498,1257,161.413
125498,1258,162.1128
125498,1259,161.4472
125498,1260,160.4324
125498,1263,163.2645
125498,1264,163.7676
125498,1265,159.8055
125498,1266,158.6294
125498,1267,157.1142
125498,1270,156.1957
125498,1271,157.3577
125498,1272,157.2615
125498,1273,157.2229
125498,1274,159.8219
125498,1277,158.6022
125498,1278,162.2902
125498,1279,161.1001
125498,1280,161.381
125498,1281,160.9473
125498,1284,161.294
125498,1285,162.264
125498,1286,163.2188
125498,1287,161.8633
125498,1288,159.8102
125498,1291,164.7817
125498,1292,163.9405
125498,1293,165.4298
125498,1294,162.3866
125498,1295,161.9533
125498,1298,161.816
125498,1299,162.8442
125498,1300,157.7298
125498,1301,158.1504
125498,1302,156.0943
125498,1305,156.8072
125498,1306,154.9787
125498,1307,153.5035
125498,1308,153.1048
125498,1309,151.2905
125498,1312,150.5334
125498,1313,148.4987
125498,1314,145.374
125498,1315,147.2554
125498,1316,145.0866
125498,1319,144.8743
125498,1320,146.2844
125498,1321,145.3097
125498,1322,143.9787
125498,1323,144.4665
125498,1326,146.5113
125498,1327,144.5726
125498,1328,144.4104
125498,1329,141.5422
125498,1330,140.9727
125498,1333,141.1256
125498,1334,139.7837
125498,1335,139.115
125498,1336,136.8822
125498,1337,137.101
125498,1340,138.938
125498,1341,137.218
125498,1342,136.2911
125498,1343,137.2059
125498,1344,139.3048
125498,1347,136.9296
125498,1348,136.7455
125498,1349,137.3023
125498,1350,137.2272
125498,1351,133.3088
125498,1354,134.2012
125498,1355,136.7562
125498,1356,137.0397
125498,1357,135.4502
125498,1358,134.7117
125498,1361,137.6887
125498,1362,139.2905
125498,1363,140.4563
125498,1364,141.1519
125498,1365,140.1339
125498,1368,139.8922
125498,1369,139.8562
125498,1370,140.8741
125498,1371,143.5382
125498,1372,145.5706
125498,1375,143.2151
125498,1376,143.6964
125498,1377,145.067
125498,1378,146.2442
125498,1379,145.2448
125498,1382,150.5017
125498,1383,148.3187
125498,1384,146.507
125498,1385,147.0164
125498,1386,150.8905
125498,1389,149.4887
125498,1390,149.1144
125498,1391,151.1514
125498,1392,151.2211
125498,1393,150.7183
125498,1396,151.8446
125498,1397,152.4434
125498,1398,154.4394
125498,1399,156.951
125498,1400,157.6351
125498,1403,158.2932
125498,1404,158.8065
125498,1405,159.8467
125498,1406,160.0602
125498,1407,160.1671
125498,1410,162.5872
125498,1411,165.6762
125498,1412,162.8234
125498,1413,162.9528
125498,1414,161.7242
125498,1417,161.2321
125498,1418,162.1201
125498,1419,163.5345
125498,1420,163.4254
125498,1421,159.8332
125498,1424,158.1043
125498,1425,159.9177
125498,1426,154.862
125498,1427,157.1846
125498,1428,158.275
125498,1431,160.8966
125498,1432,160.623
125498,1433,156.8142
125498,1434,157.7304
125498,1435,160.2633
125498,1438,162.1563
125498,1439,160.9838
125498,1440,161.2598
125498,1441,160.3428
125498,1442,158.8853
125498,1445,160.8211
125498,1446,158.6394
125498,1447,157.0572
125498,1448,155.1001
125498,1449,152.461
125498,1452,152.8315
125498,1453,155.0756
125498,1454,154.8372
125498,1455,152.1743
125498,1456,153.8156
125498,1459,157.0564
125498,1460,155.9515
125498,1461,155.1654
125498,1462,156.2314
125498,1463,159.4013
125498,1466,158.5195
125498,1467,156.1168
125498,1468,157.4073
125498,1469,159.0272
125498,1470,159.1461
125498,1473,158.1932
125498,1474,160.1953
125498,1475,161.3197
125498,1476,159.9507
125498,1477,160.1527
125498,1480,157.6889
125498,1481,159.096
125498,1482,158.7045
125498,1483,157.9855
125498,1484,158.0299
125498,1487,158.2129
125498,1488,160.0246
125498,1489,161.2695
125498,1490,161.0765
125498,1491,162.6652
125498,1494,163.5576
125498,1495,162.8344
125498,1496,162.7012
125498,1497,162.5225
125498,1498,163.6186
125498,1501,163.0114
125498,1502,162.3609
125498,1503,166.3444
125498,1504,168.3394
125498,1505,166.9265
125498,1508,168.1845
125498,1509,168.5366
125498,1510,169.4425
125498,1511,169.8358
125498,1512,172.3876
125498,1515,173.219
125498,1516,173.2071
125498,1517,175.4996
125498,1518,176.1091
125498,1519,176.4843
125498,1522,177.2684
125498,1523,177.1894
125498,1524,177.3286
125498,1525,176.2065
125498,1526,174.7473
125498,1529,172.7877
125498,1530,170.0475
125498,1531,168.38
125498,1532,168.1425
125498,1533,168.4638
125498,1536,168.031
125498,1537,163.4697
125498,1538,166.6921
125498,1539,168.9879
125498,1540,170.0065
125498,1543,174.0499
125498,1544,172.1418
125498,1545,176.1941
125498,1546,174.2878
125498,1547,174.9045
125498,1550,172.3743
125498,1551,172.521
125498,1552,173.4372
125498,1553,173.2332
125498,1554,174.8376
125498,1557,175.163
125498,1558,174.1887
125498,1559,173.1277
125498,1560,174.9342
125498,1561,173.6879
125498,1564,175.7198
125498,1565,178.4306
125498,1566,175.0203
125498,1567,177.5294
125498,1568,182.0847
125498,1571,182.758
125498,1572,184.1973
125498,1573,186.6236
125498,1574,186.1348
125498,1575,186.6673
125498,1578,183.8781
125498,1579,184.3077
125498,1580,185.5349
125498,1581,186.8107
125498,1582,189.3358
125498,1585,187.7147
125498,1586,186.6478
125498,1587,191.0595
125498,1588,190.8447
125498,1589,191.4313
125498,1592,191.4069
125498,1593,189.6616
125498,1594,193.5136
125498,1595,192.425
125498,1596,189.9743
125498,1599,189.0797
125498,1600,184.7281
125498,1601,183.4174
125498,1602,181.4267
125498,1603,182.8957
125498,1606,181.5499
125498,1607,183.6132
125498,1608,186.8384
125498,1609,188.7208
125498,1610,188.3619
100025,3,26.3169
100025,4,26.2234
100025,5,26.2221
100025,6,26.1728
100025,7,26.2261
100025,10,26.4042
100025,11,26.445
100025,12,26.3202
100025,13,26.3038
100025,14,26.3194
100025,17,26.3327
100025,18,26.2918
100025,19,26.3156
100025,20,26.2408
100025,21,26.1859
100025,24,26.236
100025,25,26.1764
100025,26,26.2195
100025,27,26.1366
100025,28,26.2606
100025,31,26.2169
100025,32,26.2096
100025,33,26.239
100025,34,26.2091
100025,35,26.226
100025,38,26.2716
100025,39,26.3428
100025,40,26.4029
100025,41,26.399
100025,42,26.3968
100025,45,26.5611
100025,46,26.6324
100025,47,26.5782
100025,48,26.5925
100025,49,26.5776
100025,52,26.5762
100025,53,26.5015
100025,54,26.4816
100025,55,26.6104
100025,56,26.6568
100025,59,26.4976
100025,60,26.5866
100025,61,26.6673
100025,62,26.6507
100025,63,26.7066
100025,66,26.6564
100025,67,26.6325
100025,68,26.7409
100025,69,26.7302
100025,70,26.6122
100025,73,26.6155
100025,74,26.6179
100025,75,26.706
100025,76,26.7146
100025,77,26.6938
100025,80,26.7719
100025,81,26.7877
100025,82,26.7447
100025,83,26.8304
100025,84,26.8511
100025,87,26.859
100025,88,26.8787
100025,89,26.814
100025,90,26.786
100025,91,26.7939
100025,94,26.7884
100025,95,26.8821
100025,96,26.9045
100025,97,26.9702
100025,98,26.9786
100025,101,27.0582
100025,102,27.0931
100025,103,27.1017
100025,104,27.1086
100025,105,27.0512
100025,108,27.0935
100025,109,27.0985
100025,110,27.072
100025,111,27.1553
100025,112,27.0776
100025,115,27.0566
100025,116,27.1345
100025,117,27.1638
100025,118,27.1683
100025,119,27.1932
100025,122,27.2133
100025,123,27.1173
100025,124,27.1011
100025,125,27.2195
100025,126,27.1821
100025,129,27.1681
100025,130,27.1388
100025,131,27.1406
100025,132,27.1085
100025,133,27.1495
100025,136,27.1708
100025,137,27.2316
100025,138,27.1673
100025,139,27.1518
100025,140,27.1441
100025,143,27.183
100025,144,27.1365
100025,145,27.207
100025,146,27.2962
100025,147,27.2361
100025,150,27.2102
100025,151,27.1815
100025,152,27.3702
100025,153,27.3484
100025,154,27.4721
100025,157,27.3924
100025,158,27.332
100025,159,27.2925
100025,160,27.2422
100025,161,27.2316
100025,164,27.1908
100025,165,27.1425
100025,166,27.2296
100025,167,27.3215
100025,168,27.3947
100025,171,27.4388
100025,172,27.453
100025,173,27.4265
100025,174,27.3685
100025,175,27.4014
100025,178,27.3283
100025,179,27.2677
100025,180,27.3549
100025,181,27.494
100025,182,27.5292
100025,185,27.6139
100025,186,27.6047
100025,187,27.5197
100025,188,27.57
100025,189,27.6175
100025,192,27.6304
100025,193,27.6214
100025,194,27.6964
100025,195,27.6356
100025,196,27.5896
100025,199,27.5275
100025,200,27.5412
100025,201,27.4737
100025,202,27.4342
100025,203,27.3933
100025,206,27.3831
100025,207,27.2885
100025,208,27.3023
100025,209,27.396
100025,210,27.4132
100025,213,27.5278
100025,214,27.6284
100025,215,27.6905
100025,216,27.7036
100025,217,27.7131
100025,220,27.7744
100025,221,27.7549
100025,222,27.6315
100025,223,27.6737
100025,224,27.6028
100025,227,27.5438
100025,228,27.5517
100025,229,27.553
100025,230,27.463
100025,231,27.4823
100025,234,27.5571
100025,235,27.4867
100025,236,27.5829
100025,237,27.4825
100025,238,27.6374
100025,241,27.6167
100025,242,27.6347
100025,243,27.5111
100025,244,27.5147
100025,245,27.5384
100025,248,27.5403
100025,249,27.5091
100025,250,27.4514
100025,251,27.5376
100025,252,27.5476
100025,255,27.6627
100025,256,27.6339
100025,257,27.6115
100025,258,27.6762
100025,259,27.5711
100025,262,27.4948
100025,263,27.5788
100025,264,27.5054
100025,265,27.3874
100025,266,27.5245
100025,269,27.4359
100025,270,27.4564
100025,271,27.4691
100025,272,27.283
100025,273,27.2724
100025,276,27.3111
100025,277,27.3433
100025,278,27.4134
100025,279,27.3945
100025,280,27.4516
100025,283,27.4118
100025,284,27.3223
100025,285,27.2409
100025,286,27.1485
100025,287,27.2254
100025,290,27.1295
100025,291,27.156
100025,292,27.1455
100025,293,27.1463
100025,294,27.2475
100025,297,27.2252
100025,298,27.2749
100025,299,27.2853
100025,300,27.2827
100025,301,27.4491
100025,304,27.3574
100025,305,27.4542
100025,306,27.5075
100025,307,27.4822
100025,308,27.6031
100025,311,27.4827
100025,312,27.4545
100025,313,27.3788
100025,314,27.4151
100025,315,27.3461
100025,318,27.3838
100025,319,27.3788
100025,320,27.3535
100025,321,27.3881
100025,322,27.3774
100025,325,27.3102
100025,326,27.5116
100025,327,27.4857
100025,328,27.3403
100025,329,27.2902
100025,332,27.2109
100025,333,27.2754
100025,334,27.3053
100025,335,27.3406
100025,336,27.3229
100025,339,27.3115
100025,340,27.2938
100025,341,27.296
100025,342,27.3613
100025,343,27.3923
100025,346,27.4347
100025,347,27.4771
100025,348,27.5463
100025,349,27.5742
100025,350,27.607
100025,353,27.6977
100025,354,27.6593
100025,355,27.6076
100025,356,27.5331
100025,357,27.5536
100025,360,27.4331
100025,361,27.4729
100025,362,27.4732
100025,363,27.5597
100025,364,27.5209
100025,367,27.5147
100025,368,27.6005
100025,369,27.7048
100025,370,27.6652
100025,371,27.6858
100025,374,27.7143
100025,375,27.7483
100025,376,27.7379
100025,377,27.8355
100025,378,27.7112
100025,381,27.6898
100025,382,27.7289
100025,383,27.7688
100025,384,27.8716
100025,385,27.9639
100025,388,27.9518
100025,389,28.0515
100025,390,28.0091
100025,391,28.0829
100025,392,28.2193
100025,395,28.3139
100025,396,28.3296
100025,397,28.314
100025,398,28.2132
100025,399,28.2434
100025,402,28.1721
100025,403,28.1239
100025,404,28.0477
100025,405,28.0232
100025,406,28.0292
100025,409,28.0566
100025,410,28.0221
100025,411,28.1058
100025,412,28.0991
100025,413,28.0514
100025,416,28.0754
100025,417,28.2227
100025,418,28.2546
100025,419,28.2368
100025,420,28.1364
100025,423,28.1289
100025,424,28.1536
100025,425,28.1342
100025,426,28.0243
100025,427,27.9723
100025,430,28.0831
100025,431,28.1928
100025,432,28.1379
100025,433,28.1937
100025,434,28.1181
100025,437,28.2259
100025,438,28.2514
100025,439,28.3272
100025,440,28.2131
100025,441,28.2694
100025,444,28.2769
100025,445,28.3457
100025,446,28.4193
100025,447,28.4321
100025,448,28.3972
100025,451,28.4612
100025,452,28.465
100025,453,28.4106
100025,454,28.3529
100025,455,28.2556
100025,458,28.2274
100025,459,28.314
100025,460,28.3348
100025,461,28.3051
100025,462,28.3707
100025,465,28.3193
100025,466,28.3342
100025,467,28.3295
100025,468,28.3933
100025,469,28.2887
100025,472,28.2362
100025,473,28.128
100025,474,28.1176
100025,475,28.2116
100025,476,28.1838
100025,479,28.1556
100025,480,28.2255
100025,481,28.3097
100025,482,28.3115
100025,483,28.3685
100025,486,28.2997
100025,487,28.4062
100025,488,28.5686
100025,489,28.6143
100025,490,28.4726
100025,493,28.4407
100025,494,28.4928
100025,495,28.4707
100025,496,28.5702
100025,497,28.6208
100025,500,28.5781
100025,501,28.5885
100025,502,28.5324
100025,503,28.5274
100025,504,28.4957
100025,507,28.5883
100025,508,28.7494
100025,509,28.6541
100025,510,28.5237
100025,511,28.5142
100025,514,28.4135
100025,515,28.4249
100025,516,28.4867
100025,517,28.6024
100025,518,28.6251
100025,521,28.6193
100025,522,28.4851
100025,523,28.4951
100025,524,28.5084
100025,525,28.5625
100025,528,28.5197
100025,529,28.4966
100025,530,28.3988
100025,531,28.2434
100025,532,28.1726
100025,535,28.0694
100025,536,28.1012
100025,537,28.0726
100025,538,28.0426
100025,539,27.9811
100025,542,27.762
100025,543,27.8757
100025,544,27.8135
100025,545,27.7925
100025,546,27.6987
100025,549,27.7746
100025,550,27.7926
100025,551,27.7427
100025,552,27.7232
100025,553,27.8486
100025,556,27.8515
100025,557,27.8467
100025,558,27.7886
100025,559,27.6642
100025,560,27.661
100025,563,27.6916
100025,564,27.7763
100025,565,27.6273
100025,566,27.557
100025,567,27.5245
100025,570,27.5321
100025,571,27.5299
100025,572,27.5294
100025,573,27.5656
100025,574,27.5108
100025,577,27.5835
100025,578,27.6215
100025,579,27.6071
100025,580,27.7266
100025,581,27.8436
100025,584,27.9171
100025,585,27.7134
100025,586,27.8319
100025,587,27.8956
100025,588,28.045
100025,591,28.1407
100025,592,28.2609
100025,593,28.3316
100025,594,28.4362
100025,595,28.5876
100025,598,28.6114
100025,599,28.5064
100025,600,28.4924
100025,601,28.5286
100025,602,28.5421
100025,605,28.4608
100025,606,28.3521
100025,607,28.3073
100025,608,28.3731
100025,609,28.4944
100025,612,28.5685
100025,613,28.6529
100025,614,28.6552
100025,615,28.5379
100025,616,28.5133
100025,619,28.5029
100025,620,28.4753
100025,621,28.4874
100025,622,28.5272
100025,623,28.5968
100025,626,28.5849
100025,627,28.4563
100025,628,28.4298
100025,629,28.441
100025,630,28.537
100025,633,28.5043
100025,634,28.5493
100025,635,28.5783
100025,636,28.5897
100025,637,28.665
100025,640,28.6255
100025,641,28.5922
100025,642,28.5995
100025,643,28.5615
100025,644,28.6063
100025,647,28.5631
100025,648,28.5876
100025,649,28.5885
100025,650,28.6122
100025,651,28.5872
100025,654,28.571
100025,655,28.586
100025,656,28.6088
100025,657,28.6166
100025,658,28.7481
100025,661,28.6846
100025,662,28.6882
100025,663,28.5828
100025,664,28.6178
100025,665,28.5456
100025,668,28.5338
100025,669,28.5152
100025,670,28.5435
100025,671,28.5119
100025,672,28.4773
100025,675,28.5887
100025,676,28.6174
100025,677,28.5851
100025,678,28.5752
100025,679,28.7022
100025,682,28.6933
100025,683,28.6517
100025,684,28.6105
100025,685,28.5791
100025,686,28.5445
100025,689,28.4607
100025,690,28.3883
100025,691,28.3372
100025,692,28.3875
100025,693,28.3684
100025,696,28.3617
100025,697,28.4607
100025,698,28.5619
100025,699,28.5498
100025,700,28.5126
100025,703,28.4587
100025,704,28.5165
100025,705,28.51
100025,706,28.4904
100025,707,28.4401
100025,710,28.3931
100025,711,28.4242
100025,712,28.3382
100025,713,28.4174
100025,714,28.3874
100025,717,28.3848
100025,718,28.2974
100025,719,28.3046
100025,720,28.2893
100025,721,28.2938
100025,724,28.407
100025,725,28.4278
100025,726,28.3791
100025,727,28.3364
100025,728,28.387
100025,731,28.4882
100025,732,28.5166
100025,733,28.5743
100025,734,28.6264
100025,735,28.7371
100025,738,28.6045
100025,739,28.6608
100025,740,28.7401
100025,741,28.6515
100025,742,28.5958
100025,745,28.5428
100025,746,28.4985
100025,747,28.4721
100025,748,28.4976
100025,749,28.568
100025,752,28.6542
100025,753,28.6019
100025,754,28.5493
100025,755,28.6523
100025,756,28.7072
100025,759,28.7214
100025,760,28.7639
100025,761,28.7699
100025,762,28.8162
100025,763,28.8001
100025,766,28.8278
100025,767,28.7265
100025,768,28.6849
100025,769,28.6442
100025,770,28.6254
100025,773,28.5668
100025,774,28.5366
100025,775,28.436
100025,776,28.4835
100025,777,28.4857
100025,780,28.3717
100025,781,28.3202
100025,782,28.3523
100025,783,28.3216
100025,784,28.28
100025,787,28.2828
100025,788,28.3154
100025,789,28.2211
100025,790,28.2683
100025,791,28.2195
100025,794,28.2262
100025,795,28.2318
100025,796,28.2024
100025,797,28.1378
100025,798,28.1256
100025,801,28.249
100025,802,28.1603
100025,803,28.2888
100025,804,28.2783
100025,805,28.2889
100025,808,28.2196
100025,809,28.1729
100025,810,28.1453
100025,811,28.0792
100025,812,28.0725
100025,815,28.0517
100025,816,28.1909
100025,817,28.1162
100025,818,28.1315
100025,819,28.1571
100025,822,28.0893
100025,823,28.146
100025,824,28.1258
100025,825,27.9577
100025,826,28.0122
100025,829,27.9415
100025,830,27.8758
100025,831,27.9321
100025,832,27.9157
100025,833,27.9883
100025,836,28.0818
100025,837,28.0442
100025,838,28.1084
100025,839,28.0629
100025,840,28.2293
100025,843,28.1881
100025,844,28.2692
100025,845,28.3375
100025,846,28.3681
100025,847,28.3283
100025,850,28.3256
100025,851,28.1804
100025,852,28.2044
100025,853,28.2373
100025,854,28.2549
100025,857,28.052
100025,858,27.9707
100025,859,27.926
100025,860,27.9545
100025,861,27.9829
100025,864,27.9789
100025,865,28.0317
100025,866,27.9673
100025,867,28.0183
100025,868,28.0599
100025,871,28.0946
100025,872,28.0898
100025,873,28.2277
100025,874,28.2709
100025,875,28.21
100025,878,28.2358
100025,879,28.2974
100025,880,28.2636
100025,881,28.3494
100025,882,28.3848
100025,885,28.2258
100025,886,28.2552
100025,887,28.2344
100025,888,28.2807
100025,889,28.3562
100025,892,28.3782
100025,893,28.5057
100025,894,28.501
100025,895,28.5541
100025,896,28.6202
100025,899,28.6214
100025,900,28.6858
100025,901,28.651
100025,902,28.6287
100025,903,28.5423
100025,906,28.5679
100025,907,28.5995
100025,908,28.6928
100025,909,28.7582
100025,910,28.7458
100025,913,28.6688
100025,914,28.7083
100025,915,28.797
100025,916,28.8601
100025,917,28.9473
100025,920,28.9401
100025,921,28.9144
100025,922,28.869
100025,923,28.8732
100025,924,28.8757
100025,927,28.899
100025,928,28.8978
100025,929,28.8964
100025,930,28.8481
100025,931,28.9249
100025,934,28.9387
100025,935,28.9343
100025,936,28.8881
100025,937,28.7995
100025,938,28.9029
100025,941,28.9516
100025,942,28.8416
100025,943,28.9053
100025,944,28.9809
100025,945,28.9983
100025,948,29.1236
100025,949,29.1478
100025,950,29.0522
100025,951,29.0873
100025,952,29.1136
100025,955,29.0777
100025,956,29.128
100025,957,29.0142
100025,958,29.095
100025,959,29.039
100025,962,28.9753
100025,963,28.9753
100025,964,29.0152
100025,965,29.0355
100025,966,28.9895
100025,969,28.9608
100025,970,28.8865
100025,971,28.8784
100025,972,28.965
100025,973,28.9729
100025,976,29.044
100025,977,29.1591
100025,978,29.1242
100025,979,29.1189
100025,980,29.287
100025,983,29.4022
100025,984,29.2869
100025,985,29.3238
100025,986,29.3323
100025,987,29.4018
100025,990,29.3551
100025,991,29.3014
100025,992,29.2599
100025,993,29.2261
100025,994,29.2946
100025,997,29.2158
100025,998,29.1784
100025,999,29.0554
100025,1000,29.1376
100025,1001,29.2394
100025,1004,29.2237
100025,1005,29.2101
100025,1006,29.2518
100025,1007,29.3691
100025,1008,29.4077
100025,1011,29.3645
100025,1012,29.2533
100025,1013,29.1796
100025,1014,29.1933
100025,1015,29.1535
100025,1018,29.1761
100025,1019,29.1438
100025,1020,29.0745
100025,1021,28.9967
100025,1022,29.1194
100025,1025,29.193
100025,1026,29.329
100025,1027,29.3773
100025,1028,29.3539
100025,1029,29.4604
100025,1032,29.4663
100025,1033,29.4911
100025,1034,29.4964
100025,1035,29.2865
100025,1036,29.4136
100025,1039,29.4584
100025,1040,29.4913
100025,1041,29.4952
100025,1042,29.5158
100025,1043,29.4798
100025,1046,29.5341
100025,1047,29.4454
100025,1048,29.4676
100025,1049,29.5178
100025,1050,29.5114
100025,1053,29.5474
100025,1054,29.4822
100025,1055,29.4189
100025,1056,29.4449
100025,1057,29.5037
100025,1060,29.373
100025,1061,29.4201
100025,1062,29.3882
100025,1063,29.3824
100025,1064,29.2917
100025,1067,29.2373
100025,1068,29.3169
100025,1069,29.3277
100025,1070,29.3078
100025,1071,29.3076
100025,1074,29.3521
100025,1075,29.3931
100025,1076,29.396
100025,1077,29.4855
100025,1078,29.5661
100025,1081,29.6054
100025,1082,29.6179
100025,1083,29.6755
100025,1084,29.7075
100025,1085,29.7955
100025,1088,29.8716
100025,1089,29.8036
100025,1090,29.7307
100025,1091,29.6866
100025,1092,29.7683
100025,1095,29.6587
100025,1096,29.6967
100025,1097,29.7324
100025,1098,29.8281
100025,1099,29.8502
100025,1102,29.7578
100025,1103,29.6945
100025,1104,29.6146
100025,1105,29.583
100025,1106,29.5778
100025,1109,29.4995
100025,1110,29.6175
100025,1111,29.5272
100025,1112,29.6359
100025,1113,29.7331
100025,1116,29.809
100025,1117,29.7654
100025,1118,29.7996
100025,1119,29.7123
100025,1120,29.7891
100025,1123,29.7921
100025,1124,29.7699
100025,1125,29.6867
100025,1126,29.5104
100025,1127,29.4417
100025,1130,29.5328
100025,1131,29.5112
100025,1132,29.5071
100025,1133,29.5643
100025,1134,29.7076
100025,1137,29.8155
100025,1138,29.751
100025,1139,29.6142
100025,1140,29.7993
100025,1141,29.9788
100025,1144,30.0016
100025,1145,29.9142
100025,1146,29.9955
100025,1147,29.9959
100025,1148,29.9959
100025,1151,30.0722
100025,1152,30.1061
100025,1153,30.0249
100025,1154,30.0089
100025,1155,30.0675
100025,1158,30.1148
100025,1159,30.1433
100025,1160,30.2229
100025,1161,30.204
100025,1162,30.2263
100025,1165,29.9788
100025,1166,29.9534
100025,1167,30.0197
100025,1168,29.9988
100025,1169,29.9721
100025,1172,29.9021
100025,1173,29.9864
100025,1174,30.0364
100025,1175,30.1076
100025,1176,29.9855
100025,1179,29.9819
100025,1180,29.9693
100025,1181,29.9567
100025,1182,29.9188
100025,1183,29.9012
100025,1186,29.9739
100025,1187,29.8383
100025,1188,29.9808
100025,1189,30.0259
100025,1190,30.0313
100025,1193,30.1086
100025,1194,30.0072
100025,1195,29.9656
100025,1196,29.965
100025,1197,30.0769
100025,1200,30.0819
100025,1201,30.1247
100025,1202,30.0885
100025,1203,30.1341
100025,1204,30.2704
100025,1207,30.3551
100025,1208,30.3575
100025,1209,30.4179
100025,1210,30.4709
100025,1211,30.5185
100025,1214,30.6129
100025,1215,30.707
100025,1216,30.7059
100025,1217,30.7644
100025,1218,30.7435
100025,1221,30.6809
100025,1222,30.6688
100025,1223,30.6717
100025,1224,30.5523
100025,1225,30.6273
100025,1228,30.4232
100025,1229,30.6408
100025,1230,30.7657
100025,1231,30.7543
100025,1232,30.7638
100025,1235,30.7961
100025,1236,30.7592
100025,1237,30.7829
100025,1238,30.7806
100025,1239,30.782
100025,1242,30.8049
100025,1243,30.7119
100025,1244,30.7237
100025,1245,30.7452
100025,1246,30.7639
100025,1249,30.756
100025,1250,30.8531
100025,1251,30.8345
100025,1252,30.8609
100025,1253,30.9708
100025,1256,30.9735
100025,1257,30.9991
100025,1258,31.0004
100025,1259,31.1061
100025,1260,31.0948
100025,1263,31.2044
100025,1264,31.2052
100025,1265,31.1466
100025,1266,31.2089
100025,1267,31.1938
100025,1270,31.2516
100025,1271,31.0462
100025,1272,31.0555
100025,1273,31.0284
100025,1274,30.9543
100025,1277,30.92
100025,1278,30.8841
100025,1279,30.8892
100025,1280,30.7918
100025,1281,30.8251
100025,1284,30.9403
100025,1285,30.971
100025,1286,31.0431
100025,1287,31.1377
100025,1288,31.2438
100025,1291,31.4004
100025,1292,31.3699
100025,1293,31.3221
100025,1294,31.3929
100025,1295,31.458
100025,1298,31.5285
100025,1299,31.688
100025,1300,31.698
100025,1301,31.7411
100025,1302,31.6719
100025,1305,31.8518
100025,1306,31.8339
100025,1307,31.8183
100025,1308,31.7996
100025,1309,31.757
100025,1312,31.7078
100025,1313,31.675
100025,1314,31.5752
100025,1315,31.5218
100025,1316,31.686
100025,1319,31.7539
100025,1320,31.8372
100025,1321,31.9409
100025,1322,32.098
100025,1323,31.9642
100025,1326,31.8744
100025,1327,31.819
100025,1328,31.7904
100025,1329,31.7754
100025,1330,31.7487
100025,1333,31.7754
100025,1334,31.7873
100025,1335,31.7385
100025,1336,31.574
100025,1337,31.5041
100025,1340,31.4695
100025,1341,31.4589
100025,1342,31.3785
100025,1343,31.3486
100025,1344,31.2684
100025,1347,31.2674
100025,1348,31.1919
100025,1349,31.1341
100025,1350,31.0405
100025,1351,31.0373
100025,1354,30.9785
100025,1355,31.0582
100025,1356,31.0989
100025,1357,31.1023
100025,1358,31.0487
100025,1361,31.0874
100025,1362,31.1505
100025,1363,31.1706
100025,1364,31.3057
100025,1365,31.351
100025,1368,31.4322
100025,1369,31.4518
100025,1370,31.5144
100025,1371,31.4601
100025,1372,31.4328
100025,1375,31.4695
100025,1376,31.5056
100025,1377,31.5549
100025,1378,31.6516
100025,1379,31.5472
100025,1382,31.4788
100025,1383,31.506
100025,1384,31.4575
100025,1385,31.7355
100025,1386,31.7858
100025,1389,31.7887
100025,1390,31.7565
100025,1391,31.7271
100025,1392,31.7386
100025,1393,31.7566
100025,1396,31.7292
100025,1397,31.7164
100025,1398,31.8331
100025,1399,31.9535
100025,1400,31.9829
100025,1403,31.8841
100025,1404,31.9365
100025,1405,32.071
100025,1406,32.1911
100025,1407,32.2599
100025,1410,32.385
100025,1411,32.3986
100025,1412,32.4592
100025,1413,32.4129
100025,1414,32.446
100025,1417,32.5642
100025,1418,32.5252
100025,1419,32.4639
100025,1420,32.4812
100025,1421,32.4719
100025,1424,32.5343
100025,1425,32.5065
100025,1426,32.6569
100025,1427,32.5602
100025,1428,32.6726
100025,1431,32.619
100025,1432,32.481
100025,1433,32.5098
100025,1434,32.4982
100025,1435,32.4167
100025,1438,32.2889
100025,1439,32.2974
100025,1440,32.3862
100025,1441,32.4432
100025,1442,32.4572
100025,1445,32.5056
100025,1446,32.5127
100025,1447,32.405
100025,1448,32.2984
100025,1449,32.2911
100025,1452,32.2873
100025,1453,32.3658
100025,1454,32.4369
100025,1455,32.4957
100025,1456,32.482
100025,1459,32.3785
100025,1460,32.4214
100025,1461,32.4736
100025,1462,32.288
100025,1463,32.2294
100025,1466,32.1825
100025,1467,32.2013
100025,1468,32.1453
100025,1469,32.1514
100025,1470,32.1436
100025,1473,32.1399
100025,1474,32.0911
100025,1475,32.0486
100025,1476,31.9706
100025,1477,32.0104
100025,1480,32.0656
100025,1481,32.0126
100025,1482,32.1447
100025,1483,32.1284
100025,1484,32.2617
100025,1487,32.2187
100025,1488,32.0638
100025,1489,32.1055
100025,1490,32.1348
100025,1491,32.1467
100025,1494,32.1039
100025,1495,32.1103
100025,1496,32.0781
100025,1497,32.0629
100025,1498,32.1401
100025,1501,32.1642
100025,1502,32.2229
100025,1503,32.2133
100025,1504,32.1947
100025,1505,32.1105
100025,1508,32.0897
100025,1509,31.8314
100025,1510,31.7932
100025,1511,31.7957
100025,1512,31.85
100025,1515,31.8375
100025,1516,31.8745
100025,1517,31.709
100025,1518,31.7135
100025,1519,31.5886
100025,1522,31.5016
100025,1523,31.4957
100025,1524,31.6062
100025,1525,31.6448
100025,1526,31.6553
100025,1529,31.6628
100025,1530,31.615
100025,1531,31.5807
100025,1532,31.6237
100025,1533,31.5225
100025,1536,31.5787
100025,1537,31.5568
100025,1538,31.6316
100025,1539,31.7173
100025,1540,31.5929
100025,1543,31.5557
100025,1544,31.4967
100025,1545,31.3621
100025,1546,31.2896
100025,1547,31.4916
100025,1550,31.5491
100025,1551,31.7109
100025,1552,31.7863
100025,1553,31.736
100025,1554,31.7146
100025,1557,31.7707
100025,1558,31.8148
100025,1559,31.7776
100025,1560,31.666
100025,1561,31.9386
100025,1564,31.9363
100025,1565,31.9192
100025,1566,31.9375
100025,1567,31.9271
100025,1568,31.9461
100025,1571,32.059
100025,1572,32.0581
100025,1573,31.9734
100025,1574,31.9696
100025,1575,31.9413
100025,1578,32.0653
100025,1579,32.1692
100025,1580,32.1871
100025,1581,32.0928
100025,1582,32.0029
100025,1585,32.0133
100025,1586,32.0496
100025,1587,32.0285
100025,1588,31.9989
100025,1589,31.9603
100025,1592,31.9675
100025,1593,31.7852
100025,1594,31.7062
100025,1595,31.6652
100025,1596,31.7708
100025,1599,31.7147
100025,1600,31.7382
100025,1601,31.7654
100025,1602,31.8786
100025,1603,31.9893
100025,1606,31.9938
100025,1607,31.9646
100025,1608,31.9203
100025,1609,31.9101
100025,1610,31.8843
120503,3,55.3983
120503,4,55.6327
120503,5,55.9527
120503,6,56.6067
120503,7,57.5741
120503,10,57.6672
120503,11,58.2591
120503,12,58.1086
120503,13,58.7494
120503,14,59.3326
120503,17,59.8935
120503,18,59.9741
120503,19,59.6524
120503,20,58.9537
120503,21,58.9633
120503,24,59.7967
120503,25,59.6643
120503,26,60.1099
120503,27,60.5902
120503,28,60.47
120503,31,61.2076
120503,32,59.6883
120503,33,59.0786
120503,34,58.6336
120503,35,58.2413
120503,38,58.4445
120503,39,58.6244
120503,40,58.8588
120503,41,59.1995
120503,42,58.7359
120503,45,58.1382
120503,46,58.3719
120503,47,58.0783
120503,48,57.309
120503,49,57.8319
120503,52,58.578
120503,53,59.4187
120503,54,59.5474
120503,55,59.908
120503,56,60.6674
120503,59,60.3563
120503,60,60.9819
120503,61,61.1617
120503,62,61.6884
120503,63,61.8216
120503,66,62.5646
120503,67,62.7204
120503,68,61.9369
120503,69,62.7674
120503,70,62.2772
120503,73,63.0018
120503,74,62.9841
120503,75,63.6736
120503,76,64.3472
120503,77,64.6251
120503,80,64.9491
120503,81,65.2253
120503,82,64.1101
120503,83,64.2102
120503,84,63.6141
120503,87,63.7431
120503,88,63.1363
120503,89,62.5122
120503,90,63.436
120503,91,64.0702
120503,94,64.1009
120503,95,64.2386
120503,96,64.1314
120503,97,64.4878
120503,98,64.1375
120503,101,64.7355
120503,102,64.6245
120503,103,64.4188
120503,104,64.4644
120503,105,64.1623
120503,108,64.3818
120503,109,64.1104
120503,110,64.4091
120503,111,65.1372
120503,112,64.7587
120503,115,64.7175
120503,116,65.0149
120503,117,64.7989
120503,118,65.0983
120503,119,65.4517
120503,122,66.1141
120503,123,65.7956
120503,124,65.2845
120503,125,65.1413
120503,126,64.621
120503,129,64.977
120503,130,64.3479
120503,131,65.7195
120503,132,66.5092
120503,133,66.5509
120503,136,67.0965
120503,137,66.1691
120503,138,67.693
120503,139,67.3763
120503,140,67.3395
120503,143,66.2804
120503,144,66.5997
120503,145,65.987
120503,146,66.0803
120503,147,65.7978
120503,150,65.209
120503,151,64.7815
120503,152,64.9441
120503,153,64.2474
120503,154,63.8574
120503,157,64.2652
120503,158,65.7912
120503,159,66.103
120503,160,65.6042
120503,161,65.4259
120503,164,65.4779
120503,165,65.3101
120503,166,65.8663
120503,167,66.0268
120503,168,66.5919
120503,171,66.4418
120503,172,67.2577
120503,173,67.1937
120503,174,66.655
120503,175,67.9823
120503,178,66.9315
120503,179,66.5311
120503,180,66.1984
120503,181,67.714
120503,182,68.8372
120503,185,69.7861
120503,186,69.6188
120503,187,71.1612
120503,188,71.4296
120503,189,72.085
120503,192,72.2366
120503,193,72.2424
120503,194,72.1193
120503,195,72.0233
120503,196,72.4482
120503,199,72.7207
120503,200,72.738
120503,201,73.7509
120503,202,71.8833
120503,203,72.2445
120503,206,72.7408
120503,207,73.5183
120503,208,73.5141
120503,209,73.687
120503,210,74.3689
120503,213,75.3923
120503,214,75.2315
120503,215,75.4478
120503,216,76.6125
120503,217,75.2295
120503,220,74.8117
120503,221,75.8242
120503,222,76.5978
120503,223,76.9913
120503,224,76.7269
120503,227,76.1718
120503,228,75.8147
120503,229,76.8965
120503,230,76.511
120503,231,76.619
120503,234,76.1506
120503,235,76.7583
120503,236,76.4339
120503,237,76.4076
120503,238,75.3204
120503,241,74.2946
120503,242,74.338
120503,243,73.5122
120503,244,74.9284
120503,245,73.6164
120503,248,73.1364
120503,249,73.1849
120503,250,72.9873
120503,251,72.3173
120503,252,71.7459
120503,255,71.1585
120503,256,71.0155
120503,257,72.2858
120503,258,72.3728
120503,259,73.1695
120503,262,73.5353
120503,263,74.2996
120503,264,72.5248
120503,265,72.3676
120503,266,73.2444
120503,269,72.9137
120503,270,74.0941
120503,271,75.1088
120503,272,74.8373
120503,273,74.5444
120503,276,73.9191
120503,277,73.5478
120503,278,72.7901
120503,279,73.1036
120503,280,72.2081
120503,283,72.6311
120503,284,73.0722
120503,285,72.0466
120503,286,73.0758
120503,287,73.4455
120503,290,73.9708
120503,291,73.5155
120503,292,73.9582
120503,293,74.7351
120503,294,74.7087
120503,297,76.0786
120503,298,76.1475
120503,299,76.9572
120503,300,77.1961
120503,301,77.6358
120503,304,76.5393
120503,305,76.8298
120503,306,76.3728
120503,307,75.844
120503,308,77.0593
120503,311,76.9539
120503,312,76.3153
120503,313,76.1133
120503,314,75.2841
120503,315,76.2815
120503,318,75.8541
120503,319,76.2483
120503,320,77.2055
120503,321,76.9054
120503,322,77.3069
120503,325,76.6474
120503,326,78.359
120503,327,79.0495
120503,328,78.9561
120503,329,78.4602
120503,332,78.4218
120503,333,78.2274
120503,334,79.6275
120503,335,78.8121
120503,336,78.9466
120503,339,78.9746
120503,340,78.9335
120503,341,78.8986
120503,342,78.8586
120503,343,79.5091
120503,346,79.9786
120503,347,80.316
120503,348,78.2358
120503,349,78.4834
120503,350,77.3857
120503,353,77.8682
120503,354,78.9281
120503,355,78.3264
120503,356,78.1861
120503,357,77.814
120503,360,78.7071
120503,361,78.8137
120503,362,80.0655
120503,363,80.3997
120503,364,80.6134
120503,367,80.7035
120503,368,81.3297
120503,369,80.1342
120503,370,80.2359
120503,371,80.2277
120503,374,80.7843
120503,375,80.6923
120503,376,79.9977
120503,377,80.0442
120503,378,79.3243
120503,381,78.0291
120503,382,78.5716
120503,383,79.0146
120503,384,79.3817
120503,385,80.3406
120503,388,79.912
120503,389,78.9504
120503,390,78.9424
120503,391,78.7415
120503,392,78.199
120503,395,78.1843
120503,396,77.8039
120503,397,76.5937
120503,398,76.3356
120503,399,75.6134
120503,402,75.8072
120503,403,75.4087
120503,404,76.1909
120503,405,77.3162
120503,406,77.8209
120503,409,76.8033
120503,410,77.8698
120503,411,79.0002
120503,412,79.0541
120503,413,80.0231
120503,416,79.6758
120503,417,78.4156
120503,418,77.9318
120503,419,79.1702
120503,420,78.1763
120503,423,78.2163
120503,424,78.2802
120503,425,77.9671
120503,426,77.7028
120503,427,77.7924
120503,430,77.4476
120503,431,76.5219
120503,432,76.7067
120503,433,77.4762
120503,434,78.1129
120503,437,77.5971
120503,438,76.7852
120503,439,76.6325
120503,440,77.7395
120503,441,78.2237
120503,444,78.7515
120503,445,79.4129
120503,446,79.7493
120503,447,79.8754
120503,448,80.3847
120503,451,80.0397
120503,452,79.0883
120503,453,79.6353
120503,454,80.5508
120503,455,79.8015
120503,458,80.4236
120503,459,81.6667
120503,460,81.7072
120503,461,81.1617
120503,462,81.2918
120503,465,80.9398
120503,466,80.5423
120503,467,80.8923
120503,468,79.7974
120503,469,78.8283
120503,472,78.8824
120503,473,78.9076
120503,474,79.1879
120503,475,80.5499
120503,476,80.6658
120503,479,81.1343
120503,480,80.4808
120503,481,81.0695
120503,482,80.7356
120503,483,80.8282
120503,486,80.7923
120503,487,81.5738
120503,488,80.6784
120503,489,79.1109
120503,490,79.0028
120503,493,79.3709
120503,494,79.5186
120503,495,80.4289
120503,496,80.7814
120503,497,80.4222
120503,500,78.8303
120503,501,78.7061
120503,502,79.4638
120503,503,79.2304
120503,504,79.2911
120503,507,79.6274
120503,508,78.9583
120503,509,79.4344
120503,510,80.6312
120503,511,80.55
120503,514,79.793
120503,515,79.7873
120503,516,78.2777
120503,517,78.5512
120503,518,78.9058
120503,521,80.1218
120503,522,80.0262
120503,523,80.3564
120503,524,79.7895
120503,525,79.5801
120503,528,78.5574
120503,529,78.463
120503,530,78.2924
120503,531,78.5398
120503,532,78.1493
120503,535,78.2472
120503,536,78.0577
120503,537,77.87
120503,538,77.9654
120503,539,78.0335
120503,542,78.5996
120503,543,78.5566
120503,544,78.355
120503,545,78.2705
120503,546,77.8189
120503,549,77.6123
120503,550,79.0558
120503,551,78.4625
120503,552,78.3103
120503,553,78.0835
120503,556,77.9536
120503,557,77.7663
120503,558,77.9983
120503,559,76.8704
120503,560,77.6168
120503,563,78.0913
120503,564,77.2799
120503,565,75.7878
120503,566,75.1763
120503,567,75.0543
120503,570,76.8215
120503,571,77.2303
120503,572,76.0481
120503,573,75.6259
120503,574,75.6295
120503,577,75.838
120503,578,75.0024
120503,579,74.9518
120503,580,74.5174
120503,581,73.8336
120503,584,74.041
120503,585,74.5865
120503,586,75.1806
120503,587,75.6014
120503,588,75.3093
120503,591,75.8245
120503,592,76.0707
120503,593,76.1999
120503,594,75.8291
120503,595,75.5365
120503,598,75.6247
120503,599,77.3095
120503,600,77.5551
120503,601,77.178
120503,602,76.6531
120503,605,76.3607
120503,606,77.8813
120503,607,77.6476
120503,608,78.3115
120503,609,78.0926
120503,612,78.3131
120503,613,78.9025
120503,614,78.5461
120503,615,78.1435
120503,616,79.3361
120503,619,80.0693
120503,620,80.6711
120503,621,81.2751
120503,622,81.6473
120503,623,83.1561
120503,626,83.2313
120503,627,83.6992
120503,628,82.6777
120503,629,82.1207
120503,630,81.2975
120503,633,82.2586
120503,634,80.469
120503,635,80.2254
120503,636,78.1753
120503,637,77.6443
120503,640,77.3488
120503,641,78.3397
120503,642,78.6547
120503,643,78.1192
120503,644,78.8978
120503,647,78.9509
120503,648,79.0178
120503,649,78.2245
120503,650,77.5845
120503,651,77.0617
120503,654,77.1331
120503,655,77.2259
120503,656,78.3251
120503,657,78.6321
120503,658,76.8164
120503,661,77.0342
120503,662,76.0946
120503,663,75.4881
120503,664,74.988
120503,665,74.589
120503,668,73.7279
120503,669,73.8985
120503,670,73.0224
120503,671,73.2902
120503,672,74.789
120503,675,73.9555
120503,676,73.8082
120503,677,72.221
120503,678,72.0668
120503,679,72.5138
120503,682,73.0138
120503,683,73.1013
120503,684,73.7149
120503,685,75.4277
120503,686,76.6149
120503,689,76.302
120503,690,75.3707
120503,691,75.1399
120503,692,74.5534
120503,693,74.8894
120503,696,74.1516
120503,697,74.1422
120503,698,74.7307
120503,699,74.7029
120503,700,74.1203
120503,703,74.9309
120503,704,73.7375
120503,705,73.5625
120503,706,73.5735
120503,707,73.6218
120503,710,73.7771
120503,711,74.2136
120503,712,74.2287
120503,713,74.0264
120503,714,73.7988
120503,717,73.4398
120503,718,73.9898
120503,719,73.607
120503,720,74.1971
120503,721,74.2478
120503,724,73.9454
120503,725,74.3881
120503,726,73.9506
120503,727,74.4063
120503,728,74.5845
120503,731,74.2316
120503,732,74.6169
120503,733,75.0162
120503,734,75.825
120503,735,76.5133
120503,738,76.8852
120503,739,76.1637
120503,740,77.8664
120503,741,76.9482
120503,742,77.6351
120503,745,77.9712
120503,746,77.2078
120503,747,77.163
120503,748,77.1492
120503,749,78.0829
120503,752,77.6333
120503,753,77.4941
120503,754,75.9531
120503,755,77.1638
120503,756,76.4782
120503,759,76.7386
120503,760,76.7096
120503,761,76.6828
120503,762,77.2723
120503,763,78.4602
120503,766,78.675
120503,767,79.1716
120503,768,79.4426
120503,769,80.2001
120503,770,79.9145
120503,773,80.7177
120503,774,81.5541
120503,775,82.379
120503,776,81.943
120503,777,81.8637
120503,780,82.0791
120503,781,81.1346
120503,782,82.3263
120503,783,82.3599
120503,784,82.609
120503,787,82.2321
120503,788,81.3174
120503,789,80.9271
120503,790,81.1255
120503,791,81.6509
120503,794,81.8096
120503,795,82.1025
120503,796,81.9011
120503,797,82.3028
120503,798,83.4292
120503,801,83.9927
120503,802,84.6381
120503,803,84.9017
120503,804,83.8268
120503,805,83.1009
120503,808,83.478
120503,809,83.513
120503,810,83.8809
120503,811,85.1742
120503,812,85.7655
120503,815,86.7678
120503,816,86.8851
120503,817,86.3132
120503,818,86.3137
120503,819,85.7475
120503,822,86.9789
120503,823,87.6325
120503,824,88.0812
120503,825,89.0924
120503,826,87.5645
120503,829,88.0652
120503,830,87.0981
120503,831,87.1375
120503,832,86.9431
120503,833,87.4971
120503,836,87.7186
120503,837,88.8112
120503,838,88.3866
120503,839,88.987
120503,840,89.1604
120503,843,87.9291
120503,844,87.2646
120503,845,87.1943
120503,846,88.0993
120503,847,88.506
120503,850,87.6445
120503,851,87.5813
120503,852,89.1998
120503,853,89.3334
120503,854,89.1219
120503,857,89.5554
120503,858,90.2069
120503,859,89.8911
120503,860,90.337
120503,861,90.1218
120503,864,90.7422
120503,865,90.9249
120503,866,91.3594
120503,867,90.7966
120503,868,90.1878
120503,871,90.9899
120503,872,90.9731
120503,873,91.2492
120503,874,91.0499
120503,875,91.8218
120503,878,91.378
120503,879,91.3159
120503,880,91.9985
120503,881,93.0031
120503,882,92.6223
120503,885,94.2856
120503,886,94.5952
120503,887,93.7775
120503,888,94.1318
120503,889,93.8628
120503,892,94.2714
120503,893,94.2844
120503,894,94.3949
120503,895,93.6873
120503,896,94.5577
120503,899,93.6468
120503,900,92.7834
120503,901,93.1325
120503,902,94.5071
120503,903,94.2623
120503,906,94.8958
120503,907,95.8477
120503,908,96.5887
120503,909,96.3737
120503,910,95.5
120503,913,93.7071
120503,914,93.5384
120503,915,94.564
120503,916,93.6795
120503,917,94.3084
120503,920,93.5697
120503,921,93.7056
120503,922,94.341
120503,923,93.8423
120503,924,94.032
120503,927,93.7367
120503,928,94.3701
120503,929,94.615
120503,930,94.711
120503,931,96.0712
120503,934,96.6838
120503,935,96.1466
120503,936,96.1234
120503,937,96.1086
120503,938,96.2263
120503,941,98.4435
120503,942,98.817
120503,943,97.1086
120503,944,96.6948
120503,945,95.1099
120503,948,94.8826
120503,949,93.2823
120503,950,92.6157
120503,951,91.4291
120503,952,91.7867
120503,955,91.8345
120503,956,92.1277
120503,957,92.0903
120503,958,91.0118
120503,959,91.4721
120503,962,93.084
120503,963,93.4687
120503,964,93.1663
120503,965,92.0478
120503,966,91.3607
120503,969,91.7738
120503,970,92.6942
120503,971,92.9557
120503,972,93.662
120503,973,94.2971
120503,976,94.7681
120503,977,94.268
120503,978,94.4614
120503,979,93.8057
120503,980,93.8685
120503,983,94.1914
120503,984,95.6457
120503,985,94.596
120503,986,95.0476
120503,987,96.3471
120503,990,97.0441
120503,991,97.81
120503,992,98.369
120503,993,99.5532
120503,994,98.6538
120503,997,97.5056
120503,998,97.5505
120503,999,95.7582
120503,1000,96.8531
120503,1001,97.952
120503,1004,97.6287
120503,1005,97.3602
120503,1006,97.3483
120503,1007,97.4432
120503,1008,97.6029
120503,1011,98.1352
120503,1012,98.0365
120503,1013,98.9064
120503,1014,99.3474
120503,1015,98.868
120503,1018,100.0906
120503,1019,98.9498
120503,1020,98.9205
120503,1021,99.8191
120503,1022,99.2358
120503,1025,99.5584
120503,1026,100.0882
120503,1027,99.3828
120503,1028,99.3705
120503,1029,99.2847
120503,1032,98.8537
120503,1033,100.9329
120503,1034,100.3076
120503,1035,101.2528
120503,1036,100.9547
120503,1039,100.0434
120503,1040,100.1859
120503,1041,100.813
120503,1042,101.6872
120503,1043,103.1511
120503,1046,105.9202
120503,1047,106.2092
120503,1048,105.6444
120503,1049,106.1219
120503,1050,105.9277
120503,1053,106.8514
120503,1054,105.6905
120503,1055,107.9769
120503,1056,108.8513
120503,1057,107.302
120503,1060,106.6882
120503,1061,107.5142
120503,1062,108.6915
120503,1063,107.5342
120503,1064,108.2684
120503,1067,106.4798
120503,1068,106.4509
120503,1069,107.5555
120503,1070,107.0888
120503,1071,105.7296
120503,1074,105.9206
120503,1075,105.4116
120503,1076,106.0532
120503,1077,105.2827
120503,1078,104.6217
120503,1081,102.8265
120503,1082,103.0339
120503,1083,102.9408
120503,1084,101.9202
120503,1085,102.1472
120503,1088,103.1298
120503,1089,102.9871
120503,1090,103.2842
120503,1091,103.5869
120503,1092,102.5454
120503,1095,104.4761
120503,1096,104.0969
120503,1097,104.755
120503,1098,105.5225
120503,1099,105.447
120503,1102,106.0675
120503,1103,106.3526
120503,1104,105.0854
120503,1105,104.8319
120503,1106,104.321
120503,1109,103.9506
120503,1110,102.815
120503,1111,103.8951
120503,1112,105.4277
120503,1113,106.3959
120503,1116,107.6503
120503,1117,107.379
120503,1118,106.8332
120503,1119,106.1569
120503,1120,106.8167
120503,1123,107.086
120503,1124,107.0683
120503,1125,108.3542
120503,1126,108.798
120503,1127,108.052
120503,1130,107.4605
120503,1131,108.1645
120503,1132,109.2192
120503,1133,109.8085
120503,1134,111.7185
120503,1137,113.3996
120503,1138,113.9003
120503,1139,113.1194
120503,1140,111.8777
120503,1141,111.5537
120503,1144,112.3551
120503,1145,114.2387
120503,1146,114.7192
120503,1147,115.9676
120503,1148,115.7766
120503,1151,116.4744
120503,1152,117.3837
120503,1153,115.4117
120503,1154,115.051
120503,1155,116.0785
120503,1158,116.4199
120503,1159,115.2573
120503,1160,112.8716
120503,1161,112.5662
120503,1162,112.5532
120503,1165,111.7368
120503,1166,111.9356
120503,1167,112.4946
120503,1168,113.2204
120503,1169,110.9495
120503,1172,109.7275
120503,1173,109.4896
120503,1174,110.1003
120503,1175,110.6334
120503,1176,111.1521
120503,1179,110.834
120503,1180,110.5712
120503,1181,109.92
120503,1182,110.7243
120503,1183,109.8858
120503,1186,110.7698
120503,1187,111.0303
120503,1188,111.0434
120503,1189,110.4591
120503,1190,109.2028
120503,1193,108.6369
120503,1194,108.3771
120503,1195,106.191
120503,1196,106.061
120503,1197,106.9844
120503,1200,107.5764
120503,1201,107.1619
120503,1202,107.2616
120503,1203,106.7918
120503,1204,106.9872
120503,1207,108.5062
120503,1208,109.4935
120503,1209,110.0543
120503,1210,109.6335
120503,1211,110.4179
120503,1214,108.8435
120503,1215,108.6576
120503,1216,109.2748
120503,1217,110.0474
120503,1218,110.7566
120503,1221,111.1023
120503,1222,110.9679
120503,1223,111.5532
120503,1224,110.6767
120503,1225,109.912
120503,1228,110.0286
120503,1229,110.2537
120503,1230,108.5487
120503,1231,109.0416
120503,1232,109.8439
120503,1235,109.8256
120503,1236,112.2076
120503,1237,111.5914
120503,1238,111.294
120503,1239,110.9641
120503,1242,110.9468
120503,1243,110.6827
120503,1244,109.3744
120503,1245,108.9046
120503,1246,108.867
120503,1249,110.1098
120503,1250,112.3272
120503,1251,113.7166
120503,1252,112.9999
120503,1253,112.3666
120503,1256,112.2667
120503,1257,114.1064
120503,1258,113.9989
120503,1259,112.7302
120503,1260,112.2909
120503,1263,113.1015
120503,1264,113.8505
120503,1265,113.7083
120503,1266,114.4547
120503,1267,112.2409
120503,1270,112.4017
120503,1271,113.3166
120503,1272,112.5453
120503,1273,111.7759
120503,1274,110.0078
120503,1277,111.6187
120503,1278,110.9693
120503,1279,111.2628
120503,1280,111.9147
120503,1281,113.4757
120503,1284,113.3802
120503,1285,112.9003
120503,1286,113.1311
120503,1287,114.4786
120503,1288,114.3659
120503,1291,113.4654
120503,1292,111.9918
120503,1293,110.8492
120503,1294,111.7551
120503,1295,111.497
120503,1298,110.9585
120503,1299,110.317
120503,1300,110.4567
120503,1301,110.2806
120503,1302,110.072
120503,1305,111.4471
120503,1306,113.0274
120503,1307,111.4914
120503,1308,111.8716
120503,1309,111.1651
120503,1312,110.9792
120503,1313,111.3398
120503,1314,111.1885
120503,1315,111.4722
120503,1316,112.1936
120503,1319,112.5435
120503,1320,111.961
120503,1321,111.3989
120503,1322,110.0502
120503,1323,109.2809
120503,1326,111.2457
120503,1327,110.5284
120503,1328,109.4277
120503,1329,109.7935
120503,1330,109.7433
120503,1333,109.6106
120503,1334,111.0385
120503,1335,111.6351
120503,1336,111.1719
120503,1337,110.8136
120503,1340,110.3805
120503,1341,111.2927
120503,1342,111.0479
120503,1343,109.362
120503,1344,109.3718
120503,1347,107.9549
120503,1348,110.1114
120503,1349,109.234
120503,1350,109.1345
120503,1351,109.4397
120503,1354,109.2178
120503,1355,108.995
120503,1356,109.4577
120503,1357,110.9982
120503,1358,111.8097
120503,1361,113.3356
120503,1362,112.3523
120503,1363,112.7253
120503,1364,112.938
120503,1365,113.3467
120503,1368,114.79
120503,1369,114.6258
120503,1370,114.2755
120503,1371,114.8742
120503,1372,113.1451
120503,1375,112.9673
120503,1376,112.8919
120503,1377,112.0371
120503,1378,113.1448
120503,1379,112.1476
120503,1382,112.0711
120503,1383,112.4192
120503,1384,113.8278
120503,1385,113.876
120503,1386,114.8793
120503,1389,115.6509
120503,1390,115.8366
120503,1391,114.7881
120503,1392,113.4035
120503,1393,113.5686
120503,1396,113.0847
120503,1397,114.064
120503,1398,114.8761
120503,1399,114.7484
120503,1400,113.6413
120503,1403,114.2133
120503,1404,113.2509
120503,1405,112.554
120503,1406,111.6435
120503,1407,111.5648
120503,1410,112.7803
120503,1411,112.8335
120503,1412,112.4513
120503,1413,111.0057
120503,1414,111.605
120503,1417,110.8968
120503,1418,111.069
120503,1419,110.7797
120503,1420,111.6592
120503,1421,111.562
120503,1424,111.5616
120503,1425,112.0984
120503,1426,114.2597
120503,1427,115.2179
120503,1428,115.1873
120503,1431,115.25
120503,1432,114.777
120503,1433,113.8781
120503,1434,113.3828
120503,1435,112.6714
120503,1438,113.381
120503,1439,112.3729
120503,1440,113.7606
120503,1441,114.5767
120503,1442,114.6566
120503,1445,114.7161
120503,1446,114.2126
120503,1447,114.544
120503,1448,115.7081
120503,1449,115.0522
120503,1452,113.5653
120503,1453,114.3308
120503,1454,114.7175
120503,1455,113.6484
120503,1456,112.9739
120503,1459,112.1791
120503,1460,111.5221
120503,1461,111.2615
120503,1462,111.0576
120503,1463,110.479
120503,1466,109.7994
120503,1467,109.6346
120503,1468,109.8535
120503,1469,109.604
120503,1470,110.7869
120503,1473,111.3419
120503,1474,109.8473
120503,1475,110.4128
120503,1476,111.0613
120503,1477,110.6934
120503,1480,109.2997
120503,1481,109.3639
120503,1482,109.4129
120503,1483,108.3918
120503,1484,107.0686
120503,1487,107.0412
120503,1488,106.8765
120503,1489,106.5388
120503,1490,106.5154
120503,1491,105.539
120503,1494,105.1893
120503,1495,105.7397
120503,1496,105.4683
120503,1497,103.9781
120503,1498,103.599
120503,1501,102.6788
120503,1502,102.9741
120503,1503,103.3173
120503,1504,101.8694
120503,1505,102.6065
120503,1508,101.6575
120503,1509,103.1182
120503,1510,103.127
120503,1511,102.0523
120503,1512,101.0817
120503,1515,101.4449
120503,1516,101.1475
120503,1517,101.1135
120503,1518,102.6149
120503,1519,102.0367
120503,1522,102.1433
120503,1523,103.4837
120503,1524,103.7844
120503,1525,102.3771
120503,1526,102.8875
120503,1529,101.8901
120503,1530,103.2154
120503,1531,102.5219
120503,1532,105.2966
120503,1533,106.7232
120503,1536,106.0307
120503,1537,106.1041
120503,1538,106.8668
120503,1539,107.6635
120503,1540,108.1401
120503,1543,109.3973
120503,1544,109.3351
120503,1545,109.0383
120503,1546,108.7614
120503,1547,109.6444
120503,1550,110.0548
120503,1551,110.3949
120503,1552,111.2292
120503,1553,109.2916
120503,1554,109.6475
120503,1557,109.9157
120503,1558,111.6029
120503,1559,110.1653
120503,1560,111.7463
120503,1561,111.8783
120503,1564,112.4198
120503,1565,114.1526
120503,1566,114.7778
120503,1567,115.2432
120503,1568,115.5493
120503,1571,115.117
120503,1572,115.1475
120503,1573,114.4822
120503,1574,114.4963
120503,1575,112.2196
120503,1578,112.7031
120503,1579,112.6403
120503,1580,112.3647
120503,1581,112.6408
120503,1582,111.2831
120503,1585,113.2511
120503,1586,113.2069
120503,1587,113.1197
120503,1588,112.2186
120503,1589,112.3002
120503,1592,113.7409
120503,1593,114.8441
120503,1594,115.7724
120503,1595,116.3917
120503,1596,116.0841
120503,1599,114.6681
120503,1600,114.524
120503,1601,114.345
120503,1602,115.4671
120503,1603,115.8423
120503,1606,117.5619
120503,1607,118.8713
120503,1608,118.4548
120503,1609,116.6544
120503,1610,118.1496
120504,3,60.1474
120504,4,59.4577
120504,5,60.2855
120504,6,60.5202
120504,7,60.6373
120504,10,61.5388
120504,11,62.3051
120504,12,62.6963
120504,13,62.991
120504,14,63.367
120504,17,63.1764
120504,18,63.1783
120504,19,62.7099
120504,20,62.5583
120504,21,62.3885
120504,24,62.0719
120504,25,62.1789
120504,26,62.0335
120504,27,62.341
120504,28,61.4871
120504,31,61.4574
120504,32,61.5605
120504,33,61.4237
120504,34,61.3621
120504,35,60.5414
120504,38,60.7634
120504,39,61.1429
120504,40,61.4413
120504,41,62.0388
120504,42,62.1812
120504,45,62.4765
120504,46,62.5948
120504,47,63.008
120504,48,62.1697
120504,49,61.7135
120504,52,62.6156
120504,53,61.3031
120504,54,61.259
120504,55,61.9275
120504,56,61.9086
120504,59,61.7196
120504,60,61.822
120504,61,61.6616
120504,62,61.7102
120504,63,61.371
120504,66,62.006
120504,67,62.8216
120504,68,62.7802
120504,69,62.0492
120504,70,61.795
120504,73,61.7267
120504,74,62.0345
120504,75,61.5172
120504,76,61.1328
120504,77,61.4405
120504,80,61.9833
120504,81,61.6763
120504,82,60.9868
120504,83,62.8114
120504,84,63.2794
120504,87,63.1632
120504,88,63.682
120504,89,63.6449
120504,90,64.1666
120504,91,64.29
120504,94,64.375
120504,95,64.3437
120504,96,63.5604
120504,97,64.6895
120504,98,64.1877
120504,101,63.4551
120504,102,63.3688
120504,103,62.8662
120504,104,62.8699
120504,105,63.2851
120504,108,63.8759
120504,109,64.3698
120504,110,64.2296
120504,111,64.2909
120504,112,64.5559
120504,115,63.5956
120504,116,63.9494
120504,117,63.1654
120504,118,64.3454
120504,119,64.1494
120504,122,64.0779
120504,123,63.6773
120504,124,63.3571
120504,125,64.674
120504,126,65.2462
120504,129,64.3941
120504,130,65.2877
120504,131,66.0124
120504,132,65.8829
120504,133,66.0954
120504,136,66.1208
120504,137,67.3158
120504,138,66.8793
120504,139,67.0
120504,140,66.7819
120504,143,65.9773
120504,144,67.2996
120504,145,66.6363
120504,146,66.8003
120504,147,65.8165
120504,150,65.6192
120504,151,65.8978
120504,152,65.454
120504,153,65.8275
120504,154,65.7054
120504,157,66.4154
120504,158,67.2525
120504,159,66.9399
120504,160,67.0198
120504,161,67.1629
120504,164,67.5656
120504,165,67.6091
120504,166,67.7575
120504,167,67.6471
120504,168,67.7509
120504,171,68.5662
120504,172,68.9936
120504,173,69.4574
120504,174,69.9378
120504,175,69.8791
120504,178,70.112
120504,179,69.48
120504,180,70.2981
120504,181,68.6291
120504,182,68.6118
120504,185,69.3414
120504,186,68.5477
120504,187,68.8253
120504,188,68.4486
120504,189,68.2616
120504,192,68.8689
120504,193,69.0249
120504,194,67.8326
120504,195,67.2856
120504,196,67.9019
120504,199,68.2065
120504,200,69.3019
120504,201,70.3743
120504,202,70.1984
120504,203,71.8024
120504,206,71.855
120504,207,71.2843
120504,208,70.9236
120504,209,69.5619
120504,210,70.5912
120504,213,71.628
120504,214,71.026
120504,215,70.9199
120504,216,71.0164
120504,217,70.4538
120504,220,69.4075
120504,221,69.3146
120504,222,69.1542
120504,223,68.9533
120504,224,69.1245
120504,227,70.0376
120504,228,69.8867
120504,229,70.028
120504,230,70.5147
120504,231,70.8967
120504,234,70.55
120504,235,70.6464
120504,236,71.025
120504,237,70.358
120504,238,71.1831
120504,241,72.1247
120504,242,71.7034
120504,243,71.8631
120504,244,72.3086
120504,245,71.9986
120504,248,72.3424
120504,249,72.484
120504,250,71.5886
120504,251,71.9162
120504,252,71.2585
120504,255,71.8883
120504,256,71.5009
120504,257,71.4361
120504,258,72.3432
120504,259,72.6981
120504,262,72.0464
120504,263,71.4413
120504,264,71.1014
120504,265,71.3861
120504,266,71.6489
120504,269,71.1549
120504,270,70.4625
120504,271,70.6742
120504,272,70.5973
120504,273,71.9904
120504,276,72.0508
120504,277,73.2507
120504,278,72.5359
120504,279,71.5734
120504,280,70.9064
120504,283,71.6909
120504,284,72.8474
120504,285,72.384
120504,286,72.1277
120504,287,71.4248
120504,290,70.329
120504,291,70.8125
120504,292,70.9885
120504,293,71.0317
120504,294,70.1963
120504,297,71.2557
120504,298,70.9766
120504,299,71.3483
120504,300,70.4752
120504,301,70.3932
120504,304,70.6107
120504,305,70.8512
120504,306,70.9845
120504,307,71.3316
120504,308,70.6604
120504,311,70.82
120504,312,70.9277
120504,313,71.1094
120504,314,71.1915
120504,315,70.4329
120504,318,69.655
120504,319,68.3432
120504,320,68.8733
120504,321,69.4136
120504,322,69.968
120504,325,70.1938
120504,326,68.9212
120504,327,68.3352
120504,328,68.4733
120504,329,68.5905
120504,332,68.4913
120504,333,68.7499
120504,334,68.7925
120504,335,68.9013
120504,336,68.5494
120504,339,69.1814
120504,340,68.9546
120504,341,68.1853
120504,342,67.7582
120504,343,67.5851
120504,346,68.2154
120504,347,68.2251
120504,348,68.1484
120504,349,67.4368
120504,350,67.9406
120504,353,67.586
120504,354,67.5612
120504,355,68.4843
120504,356,68.8277
120504,357,67.8814
120504,360,66.8648
120504,361,66.8614
120504,362,66.1842
120504,363,66.5982
120504,364,66.6574
120504,367,66.7892
120504,368,66.4084
120504,369,67.471
120504,370,69.2195
120504,371,69.0853
120504,374,69.3364
120504,375,69.4319
120504,376,69.3088
120504,377,68.8375
120504,378,68.2172
120504,381,67.5722
120504,382,67.8492
120504,383,67.5738
120504,384,66.0887
120504,385,66.3827
120504,388,66.3945
120504,389,67.2225
120504,390,67.4788
120504,391,66.6389
120504,392,65.3751
120504,395,64.9951
120504,396,64.6711
120504,397,65.2449
120504,398,65.2735
120504,399,65.9634
120504,402,65.2308
120504,403,65.8224
120504,404,66.2765
120504,405,65.1409
120504,406,65.9391
120504,409,66.0276
120504,410,66.2904
120504,411,65.8207
120504,412,66.5994
120504,413,65.9406
120504,416,66.4605
120504,417,66.9778
120504,418,66.4391
120504,419,67.6463
120504,420,67.8196
120504,423,68.247
120504,424,67.3688
120504,425,68.6742
120504,426,67.9716
120504,427,68.6242
120504,430,68.0599
120504,431,67.7243
120504,432,68.2322
120504,433,68.8889
120504,434,68.156
120504,437,68.8501
120504,438,69.5234
120504,439,68.9863
120504,440,70.0019
120504,441,69.1439
120504,444,68.7994
120504,445,69.1263
120504,446,68.6433
120504,447,68.8387
120504,448,69.0208
120504,451,68.9426
120504,452,69.4864
120504,453,69.3824
120504,454,69.5601
120504,455,70.3033
120504,458,70.8317
120504,459,71.3613
120504,460,70.6781
120504,461,71.0426
120504,462,70.5307
120504,465,69.7741
120504,466,69.766
120504,467,69.2475
120504,468,69.768
120504,469,70.3073
120504,472,69.1731
120504,473,68.705
120504,474,67.8612
120504,475,67.6198
120504,476,67.9268
120504,479,67.8168
120504,480,67.4998
120504,481,68.3134
120504,482,66.9734
120504,483,67.7429
120504,486,67.4533
120504,487,67.4416
120504,488,67.1633
120504,489,68.1186
120504,490,67.4178
120504,493,67.4596
120504,494,67.8091
120504,495,66.887
120504,496,66.3808
120504,497,66.3283
120504,500,65.8456
120504,501,65.4074
120504,502,65.2396
120504,503,65.6483
120504,504,65.4839
120504,507,66.1438
120504,508,65.5982
120504,509,64.9114
120504,510,66.0576
120504,511,65.7093
120504,514,64.9875
120504,515,64.0297
120504,516,64.6731
120504,517,64.512
120504,518,64.401
120504,521,64.3438
120504,522,64.9547
120504,523,64.8854
120504,524,66.2749
120504,525,66.3874
120504,528,67.0465
120504,529,67.5592
120504,530,67.5723
120504,531,67.2581
120504,532,67.4901
120504,535,67.8294
120504,536,67.5226
120504,537,67.6566
120504,538,68.4335
120504,539,69.7303
120504,542,70.2939
120504,543,71.4951
120504,544,71.136
120504,545,71.6147
120504,546,72.5025
120504,549,71.9687
120504,550,71.6981
120504,551,72.8431
120504,552,72.2566
120504,553,71.4439
120504,556,72.4505
120504,557,73.257
120504,558,73.5747
120504,559,73.583
120504,560,73.3368
120504,563,73.5573
120504,564,74.6278
120504,565,74.8235
120504,566,76.3066
120504,567,75.7438
120504,570,75.7697
120504,571,75.5598
120504,572,74.8787
120504,573,74.8163
120504,574,75.1309
120504,577,75.518
120504,578,77.0172
120504,579,77.3732
120504,580,78.2024
120504,581,78.2883
120504,584,79.4966
120504,585,81.2379
120504,586,81.6614
120504,587,80.9914
120504,588,80.6419
120504,591,80.8844
120504,592,81.2526
120504,593,81.7968
120504,594,82.1718
120504,595,82.2193
120504,598,81.8015
120504,599,82.1337
120504,600,83.5315
120504,601,84.3298
120504,602,84.7721
120504,605,85.5895
120504,606,85.3539
120504,607,85.016
120504,608,84.5007
120504,609,84.451
120504,612,84.1807
120504,613,85.1264
120504,614,84.814
120504,615,84.2592
120504,616,85.7594
120504,619,85.4627
120504,620,85.6227
120504,621,86.0085
120504,622,85.1946
120504,623,86.1724
120504,626,86.7026
120504,627,87.9478
120504,628,87.4677
120504,629,87.5894
120504,630,87.665
120504,633,87.9146
120504,634,86.8388
120504,635,86.9685
120504,636,85.9256
120504,637,86.2421
120504,640,84.6818
120504,641,83.3532
120504,642,84.0005
120504,643,83.6395
120504,644,82.9567
120504,647,83.935
120504,648,84.2213
120504,649,84.9154
120504,650,84.8347
120504,651,86.9082
120504,654,86.4908
120504,655,87.877
120504,656,87.8748
120504,657,86.6466
120504,658,87.0612
120504,661,87.3483
120504,662,86.5868
120504,663,85.9298
120504,664,85.9554
120504,665,86.2654
120504,668,84.4496
120504,669,85.2816
120504,670,84.9543
120504,671,84.0057
120504,672,84.7495
120504,675,84.7756
120504,676,85.734
120504,677,86.1101
120504,678,86.1534
120504,679,86.0819
120504,682,86.4937
120504,683,86.2233
120504,684,85.6216
120504,685,86.1278
120504,686,86.0625
120504,689,86.1324
120504,690,87.0088
120504,691,86.9663
120504,692,87.0227
120504,693,86.6084
120504,696,86.9829
120504,697,87.2967
120504,698,88.0383
120504,699,87.635
120504,700,87.3269
120504,703,87.9845
120504,704,88.2259
120504,705,87.5688
120504,706,88.6294
120504,707,87.3568
120504,710,88.0085
120504,711,87.0768
120504,712,88.5828
120504,713,87.4294
120504,714,88.3679
120504,717,88.3499
120504,718,88.1102
120504,719,88.2999
120504,720,88.8392
120504,721,88.1789
120504,724,87.5919
120504,725,88.1406
120504,726,86.8682
120504,727,86.4664
120504,728,88.8623
120504,731,88.1523
120504,732,89.0952
120504,733,88.6817
120504,734,89.1267
120504,735,89.6887
120504,738,90.6329
120504,739,90.5197
120504,740,92.169
120504,741,91.7385
120504,742,91.9756
120504,745,92.2224
120504,746,91.3614
120504,747,91.1784
120504,748,91.3555
120504,749,91.055
120504,752,93.0844
120504,753,92.4461
120504,754,93.4609
120504,755,94.2181
120504,756,94.2552
120504,759,93.587
120504,760,93.0031
120504,761,92.627
120504,762,91.2267
120504,763,90.4696
120504,766,89.3405
120504,767,90.4539
120504,768,90.9956
120504,769,91.6758
120504,770,92.2006
120504,773,92.3841
120504,774,93.6302
120504,775,93.1753
120504,776,93.3111
120504,777,93.9764
120504,780,92.9357
120504,781,95.5579
120504,782,95.6313
120504,783,95.8006
120504,784,96.9184
120504,787,97.754
120504,788,97.8373
120504,789,98.0002
120504,790,96.7587
120504,791,96.3347
120504,794,96.825
120504,795,97.255
120504,796,98.3588
120504,797,98.305
120504,798,97.1597
120504,801,98.12
120504,802,99.4219
120504,803,100.2643
120504,804,100.1714
120504,805,101.1505
120504,808,104.3098
120504,809,104.4697
120504,810,103.3214
120504,811,102.8415
120504,812,103.4638
120504,815,102.0624
120504,816,102.2677
120504,817,102.6643
120504,818,104.1174
120504,819,105.3817
120504,822,106.2431
120504,823,104.2897
120504,824,105.1946
120504,825,105.9058
120504,826,106.1999
120504,829,104.6456
120504,830,103.9848
120504,831,102.9734
120504,832,101.2118
120504,833,101.2614
120504,836,100.6033
120504,837,103.0129
120504,838,102.9128
120504,839,104.1474
120504,840,102.7692
120504,843,102.3426
120504,844,102.483
120504,845,101.7179
120504,846,101.3922
120504,847,101.2497
120504,850,101.0932
120504,851,102.8137
120504,852,103.2105
120504,853,103.7014
120504,854,104.2498
120504,857,104.8687
120504,858,104.8461
120504,859,104.6039
120504,860,104.812
120504,861,105.9414
120504,864,107.0541
120504,865,106.8825
120504,866,107.6643
120504,867,107.5351
120504,868,107.6228
120504,871,107.2296
120504,872,107.1132
120504,873,108.4437
120504,874,108.5881
120504,875,108.7739
120504,878,107.4498
120504,879,107.2124
120504,880,107.0397
120504,881,106.3147
120504,882,106.3899
120504,885,106.0426
120504,886,106.1722
120504,887,106.3409
120504,888,105.5027
120504,889,105.1867
120504,892,105.3128
120504,893,106.4734
120504,894,106.7698
120504,895,106.2031
120504,896,106.6325
120504,899,108.3063
120504,900,109.2418
120504,901,109.8272
120504,902,110.5893
120504,903,112.0604
120504,906,113.1869
120504,907,113.8128
120504,908,114.9497
120504,909,113.9172
120504,910,112.4759
120504,913,112.6899
120504,914,112.8164
120504,915,112.3345
120504,916,113.214
120504,917,111.4267
120504,920,110.9596
120504,921,110.5431
120504,922,109.0155
120504,923,110.5191
120504,924,109.2586
120504,927,108.7492
120504,928,109.6801
120504,929,110.3637
120504,930,109.3468
120504,931,110.0637
120504,934,110.4023
120504,935,112.7555
120504,936,113.2163
120504,937,113.1337
120504,938,112.3403
120504,941,111.663
120504,942,110.9099
120504,943,112.3171
120504,944,112.3929
120504,945,113.0128
120504,948,114.5913
120504,949,112.2903
120504,950,113.6226
120504,951,113.7368
120504,952,114.2329
120504,955,113.4599
120504,956,112.765
120504,957,113.3106
120504,958,115.7785
120504,959,116.8678
120504,962,118.2404
120504,963,118.1013
120504,964,117.5384
120504,965,116.792
120504,966,116.3502
120504,969,114.3217
120504,970,113.6518
120504,971,113.1499
120504,972,113.0333
120504,973,113.2231
120504,976,113.6442
120504,977,113.6879
120504,978,113.1648
120504,979,111.2796
120504,980,110.7735
120504,983,109.8843
120504,984,110.3938
120504,985,111.34
120504,986,112.3234
120504,987,113.1341
120504,990,113.0592
120504,991,112.5981
120504,992,111.9163
120504,993,110.4953
120504,994,111.5236
120504,997,111.4093
120504,998,110.2483
120504,999,109.5041
120504,1000,108.7261
120504,1001,108.8235
120504,1004,109.9095
120504,1005,109.6292
120504,1006,107.5284
120504,1007,107.4045
120504,1008,107.312
120504,1011,107.1546
120504,1012,106.6183
120504,1013,106.878
120504,1014,106.9956
120504,1015,107.0274
120504,1018,107.473
120504,1019,107.1216
120504,1020,106.7179
120504,1021,108.0805
120504,1022,108.6711
120504,1025,109.523
120504,1026,110.7708
120504,1027,111.3432
120504,1028,112.3165
120504,1029,110.8201
120504,1032,111.0771
120504,1033,110.9555
120504,1034,112.6675
120504,1035,113.6516
120504,1036,113.0798
120504,1039,113.5107
120504,1040,113.7374
120504,1041,114.2529
120504,1042,113.2894
120504,1043,113.7083
120504,1046,113.5383
120504,1047,113.8802
120504,1048,113.2134
120504,1049,112.6888
120504,1050,113.9202
120504,1053,112.9269
120504,1054,112.0151
120504,1055,112.0219
120504,1056,111.3193
120504,1057,110.5108
120504,1060,110.6704
120504,1061,109.2675
120504,1062,108.3563
120504,1063,110.3941
120504,1064,110.8995
120504,1067,110.2286
120504,1068,110.693
120504,1069,111.3056
120504,1070,112.344
120504,1071,112.276
120504,1074,113.3055
120504,1075,111.3442
120504,1076,110.3687
120504,1077,110.5853
120504,1078,110.9645
120504,1081,110.1326
120504,1082,110.4418
120504,1083,109.8925
120504,1084,109.681
120504,1085,110.7339
120504,1088,111.6827
120504,1089,110.7621
120504,1090,109.7907
120504,1091,109.4498
120504,1092,109.4804
120504,1095,108.9032
120504,1096,109.964
120504,1097,110.3583
120504,1098,110.8114
120504,1099,109.6371
120504,1102,110.8288
120504,1103,108.162
120504,1104,109.0168
120504,1105,109.9755
120504,1106,109.6135
120504,1109,110.9081
120504,1110,110.9036
120504,1111,111.022
120504,1112,111.4124
120504,1113,114.6469
120504,1116,116.0742
120504,1117,116.8544
120504,1118,115.9773
120504,1119,116.1842
120504,1120,115.4135
120504,1123,116.3134
120504,1124,116.5176
120504,1125,115.4273
120504,1126,115.5695
120504,1127,114.7662
120504,1130,114.9787
120504,1131,114.1697
120504,1132,114.2563
120504,1133,115.0744
120504,1134,115.0799
120504,1137,114.7431
120504,1138,115.0083
120504,1139,115.7773
120504,1140,114.7115
120504,1141,115.0348
120504,1144,116.4393
120504,1145,117.0903
120504,1146,117.2104
120504,1147,117.9344
120504,1148,118.467
120504,1151,119.3185
120504,1152,117.2681
120504,1153,115.7322
120504,1154,116.8226
120504,1155,115.3415
120504,1158,115.8104
120504,1159,115.5109
120504,1160,114.5596
120504,1161,114.9727
120504,1162,115.2362
120504,1165,117.4616
120504,1166,116.8764
120504,1167,118.4313
120504,1168,118.8613
120504,1169,118.2314
120504,1172,119.1291
120504,1173,119.7868
120504,1174,119.8865
120504,1175,120.2304
120504,1176,119.6607
120504,1179,118.8537
120504,1180,119.7142
120504,1181,119.5396
120504,1182,119.5169
120504,1183,119.874
120504,1186,120.2168
120504,1187,118.7722
120504,1188,120.1891
120504,1189,120.3797
120504,1190,120.2268
120504,1193,120.7468
120504,1194,121.0614
120504,1195,121.946
120504,1196,122.5892
120504,1197,123.4314
120504,1200,124.9753
120504,1201,126.018
120504,1202,125.9047
120504,1203,124.7283
120504,1204,126.6418
120504,1207,126.4418
120504,1208,125.9803
120504,1209,124.1294
120504,1210,124.5647
120504,1211,124.7928
120504,1214,123.1999
120504,1215,123.7572
120504,1216,123.2782
120504,1217,126.3033
120504,1218,125.7355
120504,1221,125.3185
120504,1222,124.4196
120504,1223,125.8946
120504,1224,125.5462
120504,1225,124.8105
120504,1228,125.6559
120504,1229,124.1995
120504,1230,124.9505
120504,1231,126.9946
120504,1232,127.6966
120504,1235,128.4833
120504,1236,129.5398
120504,1237,131.5757
120504,1238,133.0557
120504,1239,133.6416
120504,1242,134.7807
120504,1243,133.8007
120504,1244,134.7894
120504,1245,133.6683
120504,1246,133.3051
120504,1249,129.7969
120504,1250,130.3244
120504,1251,129.6534
120504,1252,130.9977
120504,1253,131.5171
120504,1256,132.8959
120504,1257,131.6999
120504,1258,132.9801
120504,1259,135.5427
120504,1260,136.5297
120504,1263,137.5556
120504,1264,137.8326
120504,1265,137.2671
120504,1266,138.263
120504,1267,136.5091
120504,1270,136.0772
120504,1271,134.0374
120504,1272,133.277
120504,1273,134.1029
120504,1274,134.7715
120504,1277,134.9016
120504,1278,135.1742
120504,1279,133.0132
120504,1280,132.6453
120504,1281,131.9186
120504,1284,131.2218
120504,1285,131.9856
120504,1286,131.0553
120504,1287,130.4255
120504,1288,128.1129
120504,1291,127.847
120504,1292,126.6916
120504,1293,126.8456
120504,1294,125.851
120504,1295,126.0321
120504,1298,125.9363
120504,1299,127.8731
120504,1300,128.5013
120504,1301,126.4985
120504,1302,125.1598
120504,1305,125.2854
120504,1306,124.3263
120504,1307,121.1763
120504,1308,122.6905
120504,1309,123.536
120504,1312,124.1689
120504,1313,123.5693
120504,1314,124.1003
120504,1315,123.3954
120504,1316,123.6824
120504,1319,122.7456
120504,1320,124.4622
120504,1321,122.8138
120504,1322,124.2199
120504,1323,124.3266
120504,1326,123.855
120504,1327,124.1016
120504,1328,124.9712
120504,1329,126.552
120504,1330,126.9674
120504,1333,126.039
120504,1334,126.1659
120504,1335,128.2699
120504,1336,129.8705
120504,1337,130.9831
120504,1340,131.9735
120504,1341,132.8586
120504,1342,134.2926
120504,1343,133.8219
120504,1344,132.3003
120504,1347,132.4492
120504,1348,131.5655
120504,1349,130.4143
120504,1350,129.6553
120504,1351,132.5969
120504,1354,132.8247
120504,1355,133.3181
120504,1356,131.9567
120504,1357,129.8953
120504,1358,129.027
120504,1361,130.7414
120504,1362,131.195
120504,1363,131.9575
120504,1364,132.8884
120504,1365,132.2653
120504,1368,133.9634
120504,1369,133.2866
120504,1370,135.0195
120504,1371,135.6172
120504,1372,133.5631
120504,1375,132.7534
120504,1376,130.7474
120504,1377,132.1638
120504,1378,132.2032
120504,1379,129.6974
120504,1382,130.195
120504,1383,129.6465
120504,1384,128.0271
120504,1385,130.0028
120504,1386,130.193
120504,1389,129.9235
120504,1390,129.5335
120504,1391,127.8822
120504,1392,126.4846
120504,1393,127.992
120504,1396,127.524
120504,1397,127.6146
120504,1398,125.3991
120504,1399,124.0138
120504,1400,124.7469
120504,1403,125.2277
120504,1404,127.2448
120504,1405,128.8273
120504,1406,128.6318
120504,1407,129.2361
120504,1410,128.9422
120504,1411,131.3679
120504,1412,132.7744
120504,1413,133.0418
120504,1414,133.346
120504,1417,135.1257
120504,1418,135.8882
120504,1419,137.8401
120504,1420,135.2688
120504,1421,135.8902
120504,1424,135.3437
120504,1425,137.5274
120504,1426,139.4878
120504,1427,139.6002
120504,1428,141.5767
120504,1431,143.8948
120504,1432,144.0636
120504,1433,147.3147
120504,1434,147.35
120504,1435,147.1474
120504,1438,148.3518
120504,1439,147.966
120504,1440,148.1538
120504,1441,150.0843
120504,1442,150.1872
120504,1445,148.0351
120504,1446,148.5921
120504,1447,147.7586
120504,1448,148.9673
120504,1449,149.9621
120504,1452,151.9991
120504,1453,153.2996
120504,1454,154.8606
120504,1455,154.0289
120504,1456,155.205
120504,1459,158.0044
120504,1460,157.1287
120504,1461,159.725
120504,1462,159.035
120504,1463,157.926
120504,1466,158.4208
120504,1467,159.5064
120504,1468,160.8772
120504,1469,159.6007
120504,1470,160.2962
120504,1473,159.4122
120504,1474,157.4138
120504,1475,156.2103
120504,1476,155.2593
120504,1477,156.0556
120504,1480,157.7308
120504,1481,155.7751
120504,1482,156.34
120504,1483,154.8058
120504,1484,155.7474
120504,1487,154.9743
120504,1488,153.6233
120504,1489,154.7904
120504,1490,154.0707
120504,1491,153.7212
120504,1494,150.8186
120504,1495,152.1614
120504,1496,153.3461
120504,1497,153.4326
120504,1498,151.4575
120504,1501,153.1606
120504,1502,152.3418
120504,1503,151.8122
120504,1504,155.0195
120504,1505,154.14
120504,1508,155.2323
120504,1509,156.0842
120504,1510,156.703
120504,1511,157.1743
120504,1512,157.7783
120504,1515,158.2387
120504,1516,158.2479
120504,1517,160.4539
120504,1518,158.689
120504,1519,160.2076
120504,1522,161.457
120504,1523,162.5383
120504,1524,164.2321
120504,1525,164.1827
120504,1526,161.582
120504,1529,161.5624
120504,1530,160.2389
120504,1531,159.2901
120504,1532,157.6356
120504,1533,157.0544
120504,1536,156.3108
120504,1537,153.1463
120504,1538,154.1745
120504,1539,157.3043
120504,1540,158.2292
120504,1543,158.0278
120504,1544,158.033
120504,1545,157.5286
120504,1546,157.7351
120504,1547,157.765
120504,1550,156.6799
120504,1551,159.1047
120504,1552,157.1127
120504,1553,158.1927
120504,1554,158.1332
120504,1557,160.8894
120504,1558,161.457
120504,1559,161.0284
120504,1560,160.7599
120504,1561,160.8995
120504,1564,159.3682
120504,1565,158.3757
120504,1566,155.9826
120504,1567,154.7979
120504,1568,155.0061
120504,1571,155.4972
120504,1572,152.8852
120504,1573,152.7791
120504,1574,153.6193
120504,1575,153.4779
120504,1578,152.7012
120504,1579,152.2257
120504,1580,151.5796
120504,1581,150.8086
120504,1582,151.1179
120504,1585,154.3045
120504,1586,153.3749
120504,1587,153.0241
120504,1588,153.0332
120504,1589,152.1869
120504,1592,153.7473
120504,1593,150.6437
120504,1594,150.0171
120504,1595,151.1817
120504,1596,150.8679
120504,1599,149.857
120504,1600,150.5182
120504,1601,151.8045
120504,1602,152.1652
120504,1603,151.1717
120504,1606,151.8595
120504,1607,151.4001
120504,1608,152.477
120504,1609,154.5644
120504,1610,151.1311
120505,3,135.872
120505,4,133.1682
120505,5,137.2101
120505,6,136.5355
120505,7,137.8537
120505,10,137.8884
120505,11,136.6615
120505,12,135.2528
120505,13,137.9373
120505,14,139.6187
120505,17,143.0011
120505,18,143.1926
120505,19,143.7839
120505,20,143.4215
120505,21,143.026
120505,24,141.3489
120505,25,141.5865
120505,26,140.35
120505,27,141.1895
120505,28,141.5726
120505,31,142.1568
120505,32,145.1336
120505,33,145.166
120505,34,146.5856
120505,35,150.3308
120505,38,152.8033
120505,39,155.0315
120505,40,154.5677
120505,41,155.0977
120505,42,152.7728
120505,45,153.7915
120505,46,154.4017
120505,47,154.5491
120505,48,156.5665
120505,49,154.4236
120505,52,157.5813
120505,53,159.3988
120505,54,159.3716
120505,55,159.1955
120505,56,160.222
120505,59,163.2753
120505,60,163.5843
120505,61,163.9771
120505,62,164.1234
120505,63,167.7747
120505,66,167.1483
120505,67,167.202
120505,68,170.2713
120505,69,170.6863
120505,70,173.1418
120505,73,171.3792
120505,74,171.074
120505,75,174.2581
120505,76,172.9698
120505,77,172.7734
120505,80,173.422
120505,81,171.4966
120505,82,170.7645
120505,83,171.1102
120505,84,171.3214
120505,87,174.0844
120505,88,177.4456
120505,89,175.7553
120505,90,176.1083
120505,91,177.655
120505,94,181.0308
120505,95,182.7175
120505,96,183.4785
120505,97,185.0729
120505,98,186.6974
120505,101,184.7604
120505,102,185.3122
120505,103,188.7043
120505,104,188.3636
120505,105,188.7829
120505,108,188.3628
120505,109,183.3414
120505,110,183.5104
120505,111,184.2987
120505,112,183.2953
120505,115,180.9016
120505,116,179.1258
120505,117,180.8936
120505,118,185.3401
120505,119,188.5595
120505,122,185.675
120505,123,187.7106
120505,124,186.3522
120505,125,185.1829
120505,126,184.2861
120505,129,185.9755
120505,130,188.25
120505,131,188.1561
120505,132,188.1005
120505,133,189.2762
120505,136,190.696
120505,137,193.5301
120505,138,190.7064
120505,139,190.8809
120505,140,188.5835
120505,143,188.5958
120505,144,188.2128
120505,145,188.2345
120505,146,186.5671
120505,147,183.3991
120505,150,178.9795
120505,151,178.8193
120505,152,178.0192
120505,153,176.704
120505,154,179.6445
120505,157,177.9261
120505,158,181.0912
120505,159,184.7698
120505,160,180.6272
120505,161,180.9491
120505,164,180.207
120505,165,174.1522
120505,166,171.2824
120505,167,172.9951
120505,168,177.3465
120505,171,179.394
120505,172,180.2117
120505,173,180.2873
120505,174,184.0792
120505,175,189.001
120505,178,187.8048
120505,179,183.4863
120505,180,179.0566
120505,181,182.0348
120505,182,182.0551
120505,185,182.5779
120505,186,178.8271
120505,187,177.3419
120505,188,176.8351
120505,189,177.3951
120505,192,176.67
120505,193,174.6078
120505,194,173.0926
120505,195,175.7326
120505,196,176.3672
120505,199,177.784
120505,200,176.0003
120505,201,170.0013
120505,202,169.0543
120505,203,167.4228
120505,206,168.2371
120505,207,175.1032
120505,208,176.6853
120505,209,182.6901
120505,210,184.0622
120505,213,182.803
120505,214,183.6897
120505,215,187.7732
120505,216,192.0599
120505,217,190.8706
120505,220,191.579
120505,221,188.4567
120505,222,190.4545
120505,223,194.1595
120505,224,194.3831
120505,227,192.9667
120505,228,193.931
120505,229,195.034
120505,230,195.3552
120505,231,195.9056
120505,234,195.6304
120505,235,198.11
120505,236,199.9983
120505,237,197.7922
120505,238,195.546
120505,241,195.0831
120505,242,196.944
120505,243,197.4265
120505,244,196.0448
120505,245,196.7921
120505,248,196.1467
120505,249,198.3585
120505,250,199.2852
120505,251,198.6686
120505,252,199.3543
120505,255,202.6535
120505,256,201.4124
120505,257,202.522
120505,258,202.4878
120505,259,203.6626
120505,262,202.2097
120505,263,202.6135
120505,264,205.4565
120505,265,203.3023
120505,266,200.2281
120505,269,197.2899
120505,270,194.6762
120505,271,196.2006
120505,272,193.057
120505,273,192.4997
120505,276,194.0604
120505,277,195.1622
120505,278,194.3948
120505,279,194.971
120505,280,195.3529
120505,283,194.9608
120505,284,194.6006
120505,285,200.0125
120505,286,202.0956
120505,287,208.3264
120505,290,207.2307
120505,291,207.1597
120505,292,204.0205
120505,293,202.1896
120505,294,206.9845
120505,297,205.8341
120505,298,210.7593
120505,299,207.7862
120505,300,205.3212
120505,301,204.6223
120505,304,204.6042
120505,305,207.0169
120505,306,208.2773
120505,307,207.3819
120505,308,207.191
120505,311,206.5406
120505,312,204.4297
120505,313,202.405
120505,314,205.0488
120505,315,200.7462
120505,318,204.8082
120505,319,204.1068
120505,320,202.3648
120505,321,204.3023
120505,322,208.1068
120505,325,211.0517
120505,326,212.4665
120505,327,215.3937
120505,328,211.156
120505,329,209.9829
120505,332,207.8455
120505,333,211.0568
120505,334,210.2321
120505,335,212.5135
120505,336,214.0251
120505,339,211.9705
120505,340,210.6286
120505,341,214.0601
120505,342,212.2256
120505,343,212.6864
120505,346,210.8459
120505,347,210.1968
120505,348,210.2225
120505,349,208.4024
120505,350,206.1595
120505,353,207.0067
120505,354,205.0626
120505,355,203.2196
120505,356,201.0839
120505,357,201.0321
120505,360,203.4528
120505,361,207.2944
120505,362,205.6398
120505,363,211.1434
120505,364,208.7604
120505,367,211.6281
120505,368,209.9495
120505,369,207.9126
120505,370,206.2066
120505,371,206.2163
120505,374,207.7928
120505,375,209.6069
120505,376,207.3918
120505,377,205.0881
120505,378,202.9872
120505,381,202.8536
120505,382,202.4806
120505,383,200.326
120505,384,201.1091
120505,385,206.7691
120505,388,205.6625
120505,389,204.7362
120505,390,206.2513
120505,391,205.0147
120505,392,206.8022
120505,395,205.1697
120505,396,209.8599
120505,397,210.8699
120505,398,209.4521
120505,399,208.1219
120505,402,206.9855
120505,403,210.5564
120505,404,207.5231
120505,405,206.0096
120505,406,204.7675
120505,409,204.8672
120505,410,204.3413
120505,411,200.862
120505,412,200.0379
120505,413,199.9346
120505,416,198.5711
120505,417,200.3452
120505,418,202.6987
120505,419,202.6453
120505,420,203.3423
120505,423,198.2839
120505,424,197.4202
120505,425,199.9437
120505,426,199.0672
120505,427,197.4514
120505,430,203.0452
120505,431,207.6545
120505,432,208.9608
120505,433,211.9717
120505,434,206.5382
120505,437,204.7385
120505,438,203.7275
120505,439,203.29
120505,440,202.2378
120505,441,196.2909
120505,444,197.333
120505,445,198.7553
120505,446,202.7395
120505,447,200.9711
120505,448,199.0231
120505,451,192.8705
120505,452,192.3237
120505,453,194.5404
120505,454,193.2515
120505,455,198.4072
120505,458,197.9323
120505,459,198.4147
120505,460,195.3355
120505,461,196.1405
120505,462,191.6777
120505,465,193.4063
120505,466,195.2221
120505,467,198.5581
120505,468,196.2813
120505,469,196.7915
120505,472,198.2577
120505,473,199.4445
120505,474,197.5228
120505,475,192.0776
120505,476,193.007
120505,479,192.7851
120505,480,191.6112
120505,481,193.5017
120505,482,193.5282
120505,483,190.6251
120505,486,186.3946
120505,487,184.017
120505,488,189.4915
120505,489,191.2669
120505,490,191.8285
120505,493,191.5411
120505,494,191.1036
120505,495,193.9228
120505,496,192.9176
120505,497,194.3854
120505,500,193.7071
120505,501,198.3917
120505,502,200.2972
120505,503,203.4428
120505,504,202.161
120505,507,204.8758
120505,508,204.2485
120505,509,204.6557
120505,510,208.841
120505,511,206.3899
120505,514,207.0322
120505,515,208.2608
120505,516,209.7025
120505,517,208.7148
120505,518,214.1365
120505,521,210.9855
120505,522,214.8468
120505,523,218.1413
120505,524,223.3118
120505,525,219.2547
120505,528,217.133
120505,529,221.1943
120505,530,216.4263
120505,531,212.448
120505,532,211.3525
120505,535,211.9817
120505,536,216.206
120505,537,215.8726
120505,538,214.4514
120505,539,215.3974
120505,542,216.7577
120505,543,218.0525
120505,544,217.7353
120505,545,212.8429
120505,546,210.6602
120505,549,214.4164
120505,550,215.042
120505,551,214.3581
120505,552,217.3928
120505,553,214.6168
120505,556,214.1832
120505,557,214.6814
120505,558,213.6944
120505,559,214.0966
120505,560,213.7604
120505,563,210.3518
120505,564,210.9515
120505,565,207.7642
120505,566,208.317
120505,567,211.9144
120505,570,211.3453
120505,571,208.5433
120505,572,208.3671
120505,573,206.4417
120505,574,208.0562
120505,577,207.8282
120505,578,212.2681
120505,579,215.3888
120505,580,215.1396
120505,581,217.1366
120505,584,216.2629
120505,585,216.4968
120505,586,215.7077
120505,587,217.8425
120505,588,221.7606
120505,591,224.0416
120505,592,226.6804
120505,593,229.3532
120505,594,231.0273
120505,595,228.0522
120505,598,232.8997
120505,599,238.1449
120505,600,237.6394
120505,601,236.747
120505,602,238.6497
120505,605,240.3903
120505,606,239.9718
120505,607,236.5678
120505,608,237.5951
120505,609,239.3299
120505,612,241.581
120505,613,242.7568
120505,614,242.1336
120505,615,245.1968
120505,616,245.5558
120505,619,244.3579
120505,620,243.9947
120505,621,239.11
120505,622,238.75
120505,623,240.8879
120505,626,242.0327
120505,627,246.6445
120505,628,246.0354
120505,629,247.6416
120505,630,250.1711
120505,633,257.4592
120505,634,258.0797
120505,635,255.0464
120505,636,257.8218
120505,637,263.8218
120505,640,262.9826
120505,641,265.8227
120505,642,269.9429
120505,643,273.4335
120505,644,274.0295
120505,647,271.9315
120505,648,271.8505
120505,649,273.5312
120505,650,276.7074
120505,651,278.0031
120505,654,276.9286
120505,655,278.9637
120505,656,282.0404
120505,657,283.516
120505,658,280.8821
120505,661,280.462
120505,662,283.8532
120505,663,279.3816
120505,664,272.6531
120505,665,277.8065
120505,668,279.7009
120505,669,281.9295
120505,670,278.5071
120505,671,281.1661
120505,672,282.2842
120505,675,277.1687
120505,676,282.1244
120505,677,282.8515
120505,678,281.7037
120505,679,280.6214
120505,682,274.1187
120505,683,276.2586
120505,684,277.3128
120505,685,276.856
120505,686,281.3148
120505,689,276.8804
120505,690,275.0953
120505,691,272.4945
120505,692,271.77
120505,693,272.1731
120505,696,273.7622
120505,697,272.8116
120505,698,270.144
120505,699,275.8368
120505,700,284.1063
120505,703,284.786
120505,704,282.4086
120505,705,287.6341
120505,706,282.887
120505,707,281.946
120505,710,279.7953
120505,711,276.1252
120505,712,275.387
120505,713,272.7373
120505,714,272.9627
120505,717,273.2357
120505,718,271.3943
120505,719,270.3758
120505,720,269.8117
120505,721,272.6236
120505,724,272.3233
120505,725,275.2103
120505,726,277.3337
120505,727,279.4258
120505,728,284.2978
120505,731,280.7035
120505,732,279.3066
120505,733,285.4565
120505,734,284.7707
120505,735,275.5213
120505,738,275.0383
120505,739,275.6688
120505,740,267.3479
120505,741,271.8339
120505,742,269.7035
120505,745,270.949
120505,746,270.3995
120505,747,266.4415
120505,748,263.227
120505,749,260.473
120505,752,264.0579
120505,753,263.7699
120505,754,262.3043
120505,755,259.5615
120505,756,263.482
120505,759,268.3211
120505,760,272.3367
120505,761,274.1314
120505,762,275.2696
120505,763,271.4756
120505,766,270.8607
120505,767,268.8341
120505,768,263.2014
120505,769,266.7324
120505,770,264.6987
120505,773,268.696
120505,774,271.73
120505,775,273.7313
120505,776,275.9327
120505,777,274.0929
120505,780,280.4451
120505,781,280.7792
120505,782,281.9859
120505,783,279.9925
120505,784,277.0762
120505,787,278.8516
120505,788,279.7672
120505,789,277.3235
120505,790,272.7738
120505,791,268.8405
120505,794,272.901
120505,795,271.0881
120505,796,270.1729
120505,797,275.0892
120505,798,271.6024
120505,801,269.4311
120505,802,267.1435
120505,803,272.5513
120505,804,279.3206
120505,805,282.0347
120505,808,284.8837
120505,809,283.1026
120505,810,289.974
120505,811,291.1009
120505,812,294.2869
120505,815,294.1138
120505,816,293.3696
120505,817,299.4695
120505,818,301.6137
120505,819,307.1061
120505,822,308.2539
120505,823,305.3456
120505,824,303.4258
120505,825,304.005
120505,826,301.9375
120505,829,298.1628
120505,830,302.6854
120505,831,300.9208
120505,832,301.6223
120505,833,302.8975
120505,836,300.9757
120505,837,306.4543
120505,838,302.5881
120505,839,303.7419
120505,840,304.8435
120505,843,304.8512
120505,844,300.3582
120505,845,303.71
120505,846,306.6315
120505,847,304.3674
120505,850,307.1628
120505,851,308.7525
120505,852,304.2613
120505,853,301.3707
120505,854,305.7108
120505,857,307.0521
120505,858,305.1911
120505,859,302.2752
120505,860,300.619
120505,861,299.2257
120505,864,296.4112
120505,865,290.4918
120505,866,294.6814
120505,867,298.3259
120505,868,294.0123
120505,871,294.6912
120505,872,291.7227
120505,873,291.0071
120505,874,290.0043
120505,875,288.7178
120505,878,295.9224
120505,879,294.5656
120505,880,291.9266
120505,881,289.4694
120505,882,293.3062
120505,885,287.7574
120505,886,285.3352
120505,887,290.5153
120505,888,291.5615
120505,889,292.4292
120505,892,300.1903
120505,893,301.2799
120505,894,298.9386
120505,895,298.1321
120505,896,294.3064
120505,899,298.9655
120505,900,301.2317
120505,901,305.5191
120505,902,310.1962
120505,903,308.8704
120505,906,305.6036
120505,907,305.6206
120505,908,302.6488
120505,909,303.4516
120505,910,307.7989
120505,913,307.3874
120505,914,308.1475
120505,915,308.0093
120505,916,311.1927
120505,917,308.9237
120505,920,301.1113
120505,921,303.0174
120505,922,306.8283
120505,923,308.6801
120505,924,306.5305
120505,927,302.5985
120505,928,304.6002
120505,929,305.3224
120505,930,305.0687
120505,931,312.0067
120505,934,308.6991
120505,935,315.5404
120505,936,315.8735
120505,937,309.2181
120505,938,308.7638
120505,941,312.5409
120505,942,311.3882
120505,943,306.1465
120505,944,305.7504
120505,945,302.8339
120505,948,304.8273
120505,949,307.8698
120505,950,304.2072
120505,951,301.8517
120505,952,304.8033
120505,955,301.8898
120505,956,298.2059
120505,957,294.2269
120505,958,295.6687
120505,959,296.965
120505,962,294.7424
120505,963,294.9592
120505,964,300.6028
120505,965,297.3191
120505,966,290.6502
120505,969,292.4348
120505,970,292.2457
120505,971,289.9682
120505,972,292.4374
120505,973,295.589
120505,976,288.073
120505,977,286.0245
120505,978,294.2678
120505,979,296.5298
120505,980,299.1408
120505,983,303.5745
120505,984,303.8415
120505,985,306.9596
120505,986,309.818
120505,987,312.0338
120505,990,311.0432
120505,991,311.8948
120505,992,309.9151
120505,993,310.1718
120505,994,306.0705
120505,997,303.3925
120505,998,302.5731
120505,999,299.3766
120505,1000,297.7733
120505,1001,297.3902
120505,1004,299.0271
120505,1005,302.648
120505,1006,301.1758
120505,1007,306.2337
120505,1008,309.9023
120505,1011,311.9881
120505,1012,312.7733
120505,1013,314.1821
120505,1014,318.8929
120505,1015,323.8157
120505,1018,329.2532
120505,1019,329.6384
120505,1020,332.0592
120505,1021,337.6698
120505,1022,335.3846
120505,1025,334.3343
120505,1026,334.6242
120505,1027,338.4749
120505,1028,342.4337
120505,1029,341.7192
120505,1032,335.8309
120505,1033,337.0492
120505,1034,333.5898
120505,1035,327.9148
120505,1036,323.2097
120505,1039,324.6938
120505,1040,330.2491
120505,1041,330.6258
120505,1042,331.687
120505,1043,336.6435
120505,1046,330.7007
120505,1047,332.9906
120505,1048,333.1691
120505,1049,335.6603
120505,1050,333.9488
120505,1053,330.9186
120505,1054,331.6993
120505,1055,338.54
120505,1056,342.2772
120505,1057,340.4333
120505,1060,335.239
120505,1061,328.779
120505,1062,334.2244
120505,1063,330.6486
120505,1064,329.5851
120505,1067,335.0644
120505,1068,328.876
120505,1069,335.0286
120505,1070,334.2385
120505,1071,329.8976
120505,1074,329.1443
120505,1075,326.5301
120505,1076,328.479
120505,1077,326.1607
120505,1078,318.9979
120505,1081,318.3716
120505,1082,313.4555
120505,1083,314.4351
120505,1084,310.2082
120505,1085,308.6097
120505,1088,309.4935
120505,1089,308.9159
120505,1090,310.0523
120505,1091,312.798
120505,1092,308.701
120505,1095,308.6713
120505,1096,296.8127
120505,1097,297.8935
120505,1098,297.0232
120505,1099,293.7456
120505,1102,295.0567
120505,1103,299.4292
120505,1104,297.929
120505,1105,294.7777
120505,1106,295.5598
120505,1109,291.0689
120505,1110,288.9723
120505,1111,293.4291
120505,1112,293.8457
120505,1113,287.5033
120505,1116,281.5756
120505,1117,282.3128
120505,1118,285.4344
120505,1119,280.1501
120505,1120,281.8522
120505,1123,286.5692
120505,1124,293.3159
120505,1125,294.6797
120505,1126,296.6727
120505,1127,289.3892
120505,1130,296.9544
120505,1131,295.1151
120505,1132,292.0332
120505,1133,291.339
120505,1134,296.8583
120505,1137,305.0139
120505,1138,305.6782
120505,1139,309.5605
120505,1140,309.9296
120505,1141,306.3103
120505,1144,311.9829
120505,1145,309.8774
120505,1146,315.8381
120505,1147,321.0017
120505,1148,323.5878
120505,1151,330.9727
120505,1152,340.1644
120505,1153,339.6808
120505,1154,336.6354
120505,1155,329.4293
120505,1158,338.6282
120505,1159,337.0782
120505,1160,341.9193
120505,1161,339.1279
120505,1162,345.6626
120505,1165,343.0095
120505,1166,338.3799
120505,1167,337.7643
120505,1168,335.8478
120505,1169,338.4816
120505,1172,338.5017
120505,1173,341.2846
120505,1174,340.3274
120505,1175,337.8568
120505,1176,335.7316
120505,1179,344.2824
120505,1180,345.4445
120505,1181,337.5667
120505,1182,335.6978
120505,1183,336.3141
120505,1186,344.057
120505,1187,348.5544
120505,1188,344.963
120505,1189,355.3335
120505,1190,355.4407
120505,1193,361.026
120505,1194,356.3098
120505,1195,346.4615
120505,1196,340.9
120505,1197,328.1139
120505,1200,336.7412
120505,1201,337.8348
120505,1202,334.3421
120505,1203,336.3851
120505,1204,337.3758
120505,1207,340.1219
120505,1208,345.3144
120505,1209,344.3504
120505,1210,340.9732
120505,1211,344.6006
120505,1214,348.1605
120505,1215,348.8158
120505,1216,358.268
120505,1217,356.636
120505,1218,353.0536
120505,1221,355.0642
120505,1222,352.4452
120505,1223,354.7809
120505,1224,351.4983
120505,1225,350.0546
120505,1228,358.3087
120505,1229,356.8141
120505,1230,353.6573
120505,1231,358.8895
120505,1232,354.6422
120505,1235,351.9504
120505,1236,354.6267
120505,1237,358.8742
120505,1238,364.4008
120505,1239,361.4001
120505,1242,364.233
120505,1243,362.4511
120505,1244,360.076
120505,1245,365.5455
120505,1246,363.3941
120505,1249,364.8522
120505,1250,365.7789
120505,1251,361.3647
120505,1252,365.8142
120505,1253,368.5241
120505,1256,360.1091
120505,1257,361.5506
120505,1258,358.4628
120505,1259,363.4458
120505,1260,357.4534
120505,1263,356.1718
120505,1264,357.9598
120505,1265,358.4344
120505,1266,361.9666
120505,1267,355.6876
120505,1270,363.0349
120505,1271,365.5705
120505,1272,371.8193
120505,1273,375.9839
120505,1274,376.1853
120505,1277,370.6974
120505,1278,368.4539
120505,1279,375.7843
120505,1280,382.3254
120505,1281,379.7567
120505,1284,367.4082
120505,1285,366.7214
120505,1286,365.7074
120505,1287,364.8618
120505,1288,367.425
120505,1291,371.5492
120505,1292,376.233
120505,1293,378.5007
120505,1294,370.68
120505,1295,369.4185
120505,1298,380.0041
120505,1299,381.9675
120505,1300,383.9117
120505,1301,385.8273
120505,1302,388.0119
120505,1305,377.3554
120505,1306,376.5291
120505,1307,376.6123
120505,1308,382.6914
120505,1309,383.1682
120505,1312,375.9446
120505,1313,378.1399
120505,1314,374.772
120505,1315,369.6028
120505,1316,366.178
120505,1319,368.8121
120505,1320,374.6634
120505,1321,377.0895
120505,1322,380.2093
120505,1323,382.6261
120505,1326,383.3489
120505,1327,386.8209
120505,1328,376.0365
120505,1329,376.7909
120505,1330,372.359
120505,1333,377.8328
120505,1334,377.4224
120505,1335,377.8171
120505,1336,371.3224
120505,1337,376.1228
120505,1340,379.2132
120505,1341,382.0071
120505,1342,378.5632
120505,1343,375.3271
120505,1344,376.5869
120505,1347,373.7216
120505,1348,375.9254
120505,1349,366.5745
120505,1350,364.6875
120505,1351,372.8666
120505,1354,375.086
120505,1355,376.0892
120505,1356,385.3923
120505,1357,375.0194
120505,1358,371.6282
120505,1361,370.0977
120505,1362,374.1718
120505,1363,378.3692
120505,1364,374.7203
120505,1365,379.4788
120505,1368,377.9063
120505,1369,383.6853
120505,1370,379.2281
120505,1371,378.9243
120505,1372,376.962
120505,1375,382.0145
120505,1376,379.8878
120505,1377,379.9511
120505,1378,382.5208
120505,1379,385.2852
120505,1382,389.6599
120505,1383,390.9094
120505,1384,389.2199
120505,1385,387.8557
120505,1386,388.2368
120505,1389,389.6611
120505,1390,389.2378
120505,1391,389.59
120505,1392,382.8371
120505,1393,386.1677
120505,1396,387.2669
120505,1397,392.2031
120505,1398,392.4686
120505,1399,384.6464
120505,1400,383.2582
120505,1403,382.6002
120505,1404,386.2778
120505,1405,377.0782
120505,1406,377.5187
120505,1407,380.1032
120505,1410,377.3602
120505,1411,377.9523
120505,1412,375.3795
120505,1413,372.367
120505,1414,370.8013
120505,1417,367.9087
120505,1418,371.1816
120505,1419,368.1791
120505,1420,364.4675
120505,1421,372.513
120505,1424,377.0756
120505,1425,369.016
120505,1426,365.9004
120505,1427,367.2114
120505,1428,368.8859
120505,1431,362.608
120505,1432,367.9193
120505,1433,371.822
120505,1434,374.2252
120505,1435,380.6084
120505,1438,382.9326
120505,1439,385.2539
120505,1440,392.7687
120505,1441,398.2483
120505,1442,394.5234
120505,1445,397.793
120505,1446,394.9092
120505,1447,397.5674
120505,1448,400.1117
120505,1449,393.8065
120505,1452,393.498
120505,1453,395.0157
120505,1454,393.2235
120505,1455,394.9738
120505,1456,399.0711
120505,1459,399.1943
120505,1460,400.5389
120505,1461,407.5011
120505,1462,410.0921
120505,1463,411.3564
120505,1466,406.9407
120505,1467,410.499
120505,1468,412.4025
120505,1469,419.0705
120505,1470,419.5887
120505,1473,410.8429
120505,1474,402.839
120505,1475,406.676
120505,1476,404.1826
120505,1477,406.5753
120505,1480,407.4063
120505,1481,406.8679
120505,1482,406.6732
120505,1483,402.7543
120505,1484,402.95
120505,1487,400.4109
120505,1488,398.8999
120505,1489,397.6258
120505,1490,396.816
120505,1491,401.4908
120505,1494,401.1381
120505,1495,406.3574
120505,1496,414.1855
120505,1497,418.7279
120505,1498,421.6995
120505,1501,423.638
120505,1502,428.3374
120505,1503,429.0852
120505,1504,434.4645
120505,1505,437.965
120505,1508,436.3771
120505,1509,441.3789
120505,1510,442.1606
120505,1511,441.8973
120505,1512,439.6824
120505,1515,440.8542
120505,1516,446.4446
120505,1517,451.5245
120505,1518,453.7443
120505,1519,457.321
120505,1522,464.6484
120505,1523,464.1281
120505,1524,458.2821
120505,1525,465.7889
120505,1526,463.1571
120505,1529,459.656
120505,1530,450.1831
120505,1531,453.5777
120505,1532,445.1603
120505,1533,441.4784
120505,1536,444.8977
120505,1537,449.0613
120505,1538,445.8729
120505,1539,445.458
120505,1540,441.1273
120505,1543,438.5371
120505,1544,440.2335
120505,1545,437.8935
120505,1546,436.9101
120505,1547,429.6071
120505,1550,435.7662
120505,1551,438.7306
120505,1552,443.2129
120505,1553,450.4152
120505,1554,446.2894
120505,1557,444.6789
120505,1558,435.0009
120505,1559,451.9674
120505,1560,451.4634
120505,1561,457.4197
120505,1564,450.9951
120505,1565,456.7137
120505,1566,467.2968
120505,1567,467.2749
120505,1568,461.9669
120505,1571,461.5113
120505,1572,449.6769
120505,1573,449.7764
120505,1574,454.5242
120505,1575,454.6363
120505,1578,453.3986
120505,1579,456.5785
120505,1580,460.2016
120505,1581,451.4534
120505,1582,452.2385
120505,1585,465.9323
120505,1586,458.856
120505,1587,458.6964
120505,1588,469.7984
120505,1589,476.3696
120505,1592,473.7709
120505,1593,475.2617
120505,1594,475.5704
120505,1595,471.6494
120505,1596,471.5485
120505,1599,470.2882
120505,1600,471.241
120505,1601,467.354
120505,1602,460.5779
120505,1603,460.661
120505,1606,470.5325
120505,1607,471.3135
120505,1608,469.7635
120505,1609,474.3424
120505,1610,473.764
120506,3,202.0453
120506,4,202.1501
120506,5,203.6057
120506,6,202.2714
120506,7,203.3482
120506,10,203.9908
120506,11,203.9952
120506,12,203.1431
120506,13,202.0343
120506,14,202.6866
120506,17,204.008
120506,18,203.8763
120506,19,204.5441
120506,20,204.5844
120506,21,204.8888
120506,24,204.6147
120506,25,204.7632
120506,26,210.1673
120506,27,210.9042
120506,28,212.312
120506,31,213.3111
120506,32,212.9002
120506,33,215.6391
120506,34,215.1662
120506,35,217.4427
120506,38,216.8776
120506,39,215.0386
120506,40,215.9023
120506,41,213.7791
120506,42,214.9833
120506,45,212.6892
120506,46,212.1669
120506,47,209.4323
120506,48,215.2159
120506,49,211.9963
120506,52,212.1338
120506,53,214.5571
120506,54,216.789
120506,55,218.6614
120506,56,218.1281
120506,59,221.0535
120506,60,223.0935
120506,61,223.6657
120506,62,224.2993
120506,63,223.7804
120506,66,221.9884
120506,67,224.7235
120506,68,227.6537
120506,69,225.8852
120506,70,225.6826
120506,73,225.5022
120506,74,225.5579
120506,75,225.8204
120506,76,227.9765
120506,77,226.4983
120506,80,224.819
120506,81,227.5878
120506,82,226.721
120506,83,224.1558
120506,84,223.2546
120506,87,222.6831
120506,88,226.1047
120506,89,228.216
120506,90,230.8322
120506,91,232.7569
120506,94,234.9779
120506,95,233.5848
120506,96,233.2764
120506,97,231.233
120506,98,230.9018
120506,101,232.5284
120506,102,232.9536
120506,103,235.9895
120506,104,233.5877
120506,105,234.8248
120506,108,232.2002
120506,109,232.5361
120506,110,234.2986
120506,111,233.9542
120506,112,235.3064
120506,115,233.3117
120506,116,229.8003
120506,117,231.1414
120506,118,235.1126
120506,119,233.0396
120506,122,235.8775
120506,123,236.1054
120506,124,233.2738
120506,125,230.9212
120506,126,231.084
120506,129,230.3305
120506,130,227.6171
120506,131,224.1271
120506,132,222.4646
120506,133,222.9962
120506,136,223.1067
120506,137,222.1759
120506,138,222.7238
120506,139,225.0484
120506,140,226.0136
120506,143,225.8801
120506,144,227.9963
120506,145,226.0633
120506,146,225.7087
120506,147,225.4055
120506,150,222.9101
120506,151,222.1508
120506,152,217.9587
120506,153,222.056
120506,154,220.22
120506,157,223.6696
120506,158,223.8745
120506,159,225.1977
120506,160,224.2845
120506,161,224.8505
120506,164,226.3625
120506,165,227.915
120506,166,229.7173
120506,167,229.0464
120506,168,228.1358
120506,171,224.8499
120506,172,226.0899
120506,173,228.541
120506,174,232.1865
120506,175,232.9864
120506,178,231.4336
120506,179,227.8785
120506,180,230.2604
120506,181,226.5109
120506,182,225.9086
120506,185,225.5555
120506,186,225.5328
120506,187,225.7345
120506,188,226.155
120506,189,221.1747
120506,192,221.3283
120506,193,216.8346
120506,194,218.4614
120506,195,217.4393
120506,196,213.1706
120506,199,211.6545
120506,200,210.6344
120506,201,213.136
120506,202,213.6511
120506,203,214.4667
120506,206,216.9944
120506,207,216.9178
120506,208,218.5906
120506,209,220.1299
120506,210,217.5911
120506,213,220.7634
120506,214,217.9414
120506,215,219.961
120506,216,216.9508
120506,217,218.3081
120506,220,222.3064
120506,221,221.9827
120506,222,221.5687
120506,223,222.9743
120506,224,222.4049
120506,227,226.3848
120506,228,226.9223
120506,229,226.3626
120506,230,225.335
120506,231,223.4814
120506,234,222.2832
120506,235,221.671
120506,236,220.7745
120506,237,219.5277
120506,238,224.0493
120506,241,222.0024
120506,242,222.4338
120506,243,223.8069
120506,244,225.2685
120506,245,225.2689
120506,248,224.8821
120506,249,225.9691
120506,250,226.6648
120506,251,226.2365
120506,252,223.046
120506,255,222.1854
120506,256,219.9134
120506,257,218.6529
120506,258,218.8431
120506,259,219.7082
120506,262,223.5599
120506,263,222.5512
120506,264,224.3107
120506,265,225.0851
120506,266,227.9851
120506,269,229.3572
120506,270,227.3082
120506,271,223.7616
120506,272,224.5454
120506,273,223.5511
120506,276,221.613
120506,277,219.0961
120506,278,219.5516
120506,279,222.8256
120506,280,222.0901
120506,283,223.4564
120506,284,223.3646
120506,285,220.7824
120506,286,222.4443
120506,287,220.2775
120506,290,220.445
120506,291,219.8568
120506,292,221.8432
120506,293,219.7582
120506,294,220.6939
120506,297,219.0713
120506,298,218.137
120506,299,210.8884
120506,300,215.2184
120506,301,216.4612
120506,304,215.0167
120506,305,212.8621
120506,306,211.9852
120506,307,213.5447
120506,308,209.8773
120506,311,209.7132
120506,312,213.3699
120506,313,211.2132
120506,314,211.4912
120506,315,216.0604
120506,318,217.4757
120506,319,217.8556
120506,320,219.0227
120506,321,218.3159
120506,322,221.1362
120506,325,220.4258
120506,326,216.5029
120506,327,215.8238
120506,328,213.9801
120506,329,213.5309
120506,332,213.1271
120506,333,215.6721
120506,334,217.2143
120506,335,217.8763
120506,336,217.9914
120506,339,215.9411
120506,340,211.6536
120506,341,211.9978
120506,342,213.7143
120506,343,213.6143
120506,346,212.6555
120506,347,213.7097
120506,348,213.6601
120506,349,217.2113
120506,350,219.8784
120506,353,222.0043
120506,354,223.7238
120506,355,221.1357
120506,356,222.6491
120506,357,223.5664
120506,360,224.9761
120506,361,226.1514
120506,362,227.2472
120506,363,233.2509
120506,364,233.2125
120506,367,235.4158
120506,368,234.5007
120506,369,236.3905
120506,370,238.6305
120506,371,239.5867
120506,374,243.5309
120506,375,241.6387
120506,376,240.6625
120506,377,241.2799
120506,378,243.4316
120506,381,243.9802
120506,382,247.0997
120506,383,245.696
120506,384,243.1974
120506,385,244.042
120506,388,243.9996
120506,389,245.3907
120506,390,245.4635
120506,391,244.8121
120506,392,244.7748
120506,395,244.9776
120506,396,244.4084
120506,397,244.0753
120506,398,243.2813
120506,399,245.3949
120506,402,245.9818
120506,403,251.4232
120506,404,251.9452
120506,405,250.7765
120506,406,257.3284
120506,409,258.4797
120506,410,261.0543
120506,411,262.6648
120506,412,264.3625
120506,413,265.8516
120506,416,263.2437
120506,417,264.3063
120506,418,261.1632
120506,419,260.8781
120506,420,259.2395
120506,423,260.2612
120506,424,261.2293
120506,425,262.5655
120506,426,263.4255
120506,427,262.0649
120506,430,261.5647
120506,431,263.996
120506,432,266.8215
120506,433,264.0925
120506,434,260.4443
120506,437,258.8053
120506,438,261.5193
120506,439,264.6857
120506,440,262.5289
120506,441,263.4386
120506,444,268.1937
120506,445,269.3979
120506,446,273.1926
120506,447,275.9362
120506,448,273.7252
120506,451,273.3861
120506,452,273.6279
120506,453,274.0494
120506,454,276.5862
120506,455,277.8107
120506,458,270.3591
120506,459,267.1743
120506,460,261.8542
120506,461,262.4343
120506,462,263.1775
120506,465,264.0294
120506,466,261.7932
120506,467,263.6126
120506,468,265.5503
120506,469,262.5653
120506,472,259.097
120506,473,259.2406
120506,474,263.8137
120506,475,268.234
120506,476,269.8156
120506,479,268.1098
120506,480,270.5162
120506,481,269.5119
120506,482,267.7131
120506,483,262.49
120506,486,262.89
120506,487,261.4753
120506,488,261.8591
120506,489,256.3734
120506,490,256.9279
120506,493,251.2326
120506,494,253.9696
120506,495,255.367
120506,496,254.837
120506,497,256.338
120506,500,254.121
120506,501,254.4361
120506,502,256.4966
120506,503,249.2441
120506,504,248.3309
120506,507,248.4158
120506,508,248.0932
120506,509,251.6725
120506,510,249.1523
120506,511,247.8318
120506,514,243.5209
120506,515,247.1583
120506,516,246.7208
120506,517,245.8374
120506,518,245.8521
120506,521,247.472
120506,522,248.4236
120506,523,254.8591
120506,524,256.0969
120506,525,255.1152
120506,528,253.9066
120506,529,253.1066
120506,530,249.6788
120506,531,249.9117
120506,532,251.9086
120506,535,250.592
120506,536,248.8257
120506,537,252.5558
120506,538,249.313
120506,539,244.6248
120506,542,242.1088
120506,543,238.7428
120506,544,239.7489
120506,545,239.0659
120506,546,238.7027
120506,549,241.4515
120506,550,240.0127
120506,551,241.9113
120506,552,245.5271
120506,553,244.6081
120506,556,246.4544
120506,557,246.0286
120506,558,248.3242
120506,559,244.8
120506,560,241.1571
120506,563,240.4007
120506,564,238.5223
120506,565,237.4925
120506,566,237.1321
120506,567,238.8836
120506,570,238.0974
120506,571,236.3824
120506,572,235.7294
120506,573,234.1525
120506,574,232.224
120506,577,228.8385
120506,578,229.116
120506,579,228.0148
120506,580,230.2341
120506,581,227.2329
120506,584,226.1975
120506,585,230.2336
120506,586,228.3254
120506,587,227.9422
120506,588,225.4637
120506,591,222.7329
120506,592,226.1389
120506,593,226.6306
120506,594,227.0431
120506,595,223.5571
120506,598,224.4408
120506,599,227.035
120506,600,229.642
120506,601,231.2252
120506,602,228.8977
120506,605,229.7035
120506,606,231.2855
120506,607,227.5233
120506,608,225.2505
120506,609,227.275
120506,612,229.2916
120506,613,226.0864
120506,614,227.9178
120506,615,228.2499
120506,616,230.0684
120506,619,228.8202
120506,620,230.3473
120506,621,232.3204
120506,622,231.6791
120506,623,231.8467
120506,626,230.5584
120506,627,234.3149
120506,628,234.1789
120506,629,232.2765
120506,630,230.8389
120506,633,231.244
120506,634,233.0254
120506,635,230.2304
120506,636,234.4154
120506,637,235.2308
120506,640,236.4012
120506,641,236.3154
120506,642,236.4898
120506,643,236.2899
120506,644,238.7059
120506,647,238.8206
120506,648,240.6916
120506,649,239.8401
120506,650,240.4174
120506,651,238.7306
120506,654,241.6249
120506,655,239.862
120506,656,239.2595
120506,657,238.681
120506,658,238.0163
120506,661,239.78
120506,662,239.1964
120506,663,242.5025
120506,664,240.768
120506,665,241.2876
120506,668,239.6584
120506,669,240.7474
120506,670,240.8449
120506,671,240.6259
120506,672,243.4786
120506,675,242.1123
120506,676,243.5931
120506,677,241.9639
120506,678,242.3563
120506,679,239.767
120506,682,238.4031
120506,683,238.3505
120506,684,242.6074
120506,685,242.9736
120506,686,246.9395
120506,689,247.5916
120506,690,246.8248
120506,691,250.5804
120506,692,251.7571
120506,693,250.3718
120506,696,251.6274
120506,697,251.0721
120506,698,246.5343
120506,699,248.8625
120506,700,251.5904
120506,703,256.1402
120506,704,257.3068
120506,705,256.8455
120506,706,259.0238
120506,707,261.2573
120506,710,265.4805
120506,711,265.5161
120506,712,265.2483
120506,713,263.6073
120506,714,265.0967
120506,717,261.3919
120506,718,263.4621
120506,719,265.0768
120506,720,266.6944
120506,721,267.1914
120506,724,271.2405
120506,725,273.6367
120506,726,272.2227
120506,727,270.8618
120506,728,268.769
120506,731,270.3228
120506,732,267.929
120506,733,270.8363
120506,734,274.3957
120506,735,272.2772
120506,738,271.9513
120506,739,272.1452
120506,740,274.5804
120506,741,278.9427
120506,742,274.6879
120506,745,274.0155
120506,746,273.4795
120506,747,270.0338
120506,748,268.9482
120506,749,270.1875
120506,752,269.6268
120506,753,265.8677
120506,754,273.3388
120506,755,274.1794
120506,756,274.6215
120506,759,271.9382
120506,760,272.7604
120506,761,272.4888
120506,762,267.8182
120506,763,265.2707
120506,766,267.4193
120506,767,272.5283
120506,768,273.6275
120506,769,276.6481
120506,770,276.3947
120506,773,276.3223
120506,774,279.3407
120506,775,283.922
120506,776,287.5939
120506,777,284.8688
120506,780,284.8468
120506,781,285.7535
120506,782,285.2116
120506,783,286.4178
120506,784,288.8077
120506,787,291.7193
120506,788,296.5683
120506,789,295.8109
120506,790,292.185
120506,791,293.3386
120506,794,298.7728
120506,795,297.5946
120506,796,299.6987
120506,797,301.8431
120506,798,302.5577
120506,801,302.7456
120506,802,300.2822
120506,803,294.0409
120506,804,291.1295
120506,805,290.219
120506,808,293.4071
120506,809,293.2842
120506,810,292.0115
120506,811,289.7243
120506,812,291.69
120506,815,295.6223
120506,816,298.7737
120506,817,300.6569
120506,818,296.6586
120506,819,295.8388
120506,822,301.5001
120506,823,304.8828
120506,824,300.6524
120506,825,300.6616
120506,826,301.8625
120506,829,299.863
120506,830,293.5539
120506,831,293.9914
120506,832,291.9733
120506,833,289.9798
120506,836,289.1702
120506,837,288.9657
120506,838,289.1015
120506,839,286.856
120506,840,286.4188
120506,843,281.8583
120506,844,282.845
120506,845,275.4664
120506,846,274.8665
120506,847,277.4184
120506,850,274.8079
120506,851,276.8283
120506,852,280.0236
120506,853,271.5572
120506,854,271.3197
120506,857,264.193
120506,858,264.0447
120506,859,264.1736
120506,860,258.1922
120506,861,263.0772
120506,864,263.9358
120506,865,261.9723
120506,866,265.7726
120506,867,261.4465
120506,868,258.5711
120506,871,253.1541
120506,872,257.6423
120506,873,258.5963
120506,874,260.3572
120506,875,261.2438
120506,878,262.81
120506,879,263.1501
120506,880,263.9712
120506,881,264.3866
120506,882,263.0166
120506,885,263.0469
120506,886,263.8744
120506,887,264.2969
120506,888,260.7769
120506,889,257.6267
120506,892,260.4209
120506,893,259.8109
120506,894,261.3955
120506,895,258.8557
120506,896,255.4192
120506,899,253.5321
120506,900,253.1401
120506,901,251.6939
120506,902,254.9317
120506,903,255.5065
120506,906,260.1541
120506,907,261.2952
120506,908,255.5479
120506,909,258.2542
120506,910,254.7381
120506,913,255.4354
120506,914,253.7134
120506,915,259.0465
120506,916,262.7403
120506,917,261.05
120506,920,260.8809
120506,921,261.6299
120506,922,263.9197
120506,923,264.1391
120506,924,261.7388
120506,927,260.1146
120506,928,260.2482
120506,929,263.4479
120506,930,264.6621
120506,931,262.881
120506,934,264.6435
120506,935,263.8241
120506,936,266.201
120506,937,272.7853
120506,938,272.0131
120506,941,274.2335
120506,942,272.4601
120506,943,272.3225
120506,944,272.55
120506,945,272.2028
120506,948,278.767
120506,949,278.115
120506,950,279.8169
120506,951,274.9127
120506,952,276.1906
120506,955,279.3423
120506,956,278.1076
120506,957,271.7396
120506,958,271.7914
120506,959,271.9866
120506,962,274.006
120506,963,279.4175
120506,964,278.5705
120506,965,276.4792
120506,966,273.5994
120506,969,274.2643
120506,970,275.6625
120506,971,274.3972
120506,972,276.5772
120506,973,277.9505
120506,976,278.2186
120506,977,276.0096
120506,978,274.9085
120506,979,268.818
120506,980,269.5673
120506,983,269.7843
120506,984,270.4154
120506,985,271.8581
120506,986,273.0026
120506,987,272.8696
120506,990,273.1468
120506,991,269.696
120506,992,268.3616
120506,993,268.6388
120506,994,266.9256
120506,997,269.2535
120506,998,267.7317
120506,999,268.4286
120506,1000,268.8737
120506,1001,270.9269
120506,1004,273.3946
120506,1005,275.3464
120506,1006,270.0712
120506,1007,273.2876
120506,1008,277.4143
120506,1011,276.3068
120506,1012,277.0792
120506,1013,274.9094
120506,1014,270.0445
120506,1015,268.3151
120506,1018,267.0975
120506,1019,266.3513
120506,1020,264.0955
120506,1021,262.4174
120506,1022,262.5359
120506,1025,260.7769
120506,1026,262.2653
120506,1027,264.1067
120506,1028,270.2646
120506,1029,273.3065
120506,1032,274.0872
120506,1033,272.6369
120506,1034,273.5467
120506,1035,274.5446
120506,1036,273.368
120506,1039,275.553
120506,1040,272.0878
120506,1041,271.611
120506,1042,273.1931
120506,1043,272.6032
120506,1046,272.2223
120506,1047,272.0192
120506,1048,270.0299
120506,1049,273.1935
120506,1050,270.7285
120506,1053,271.6945
120506,1054,272.9101
120506,1055,270.6251
120506,1056,270.9626
120506,1057,268.7929
120506,1060,272.5006
120506,1061,269.7339
120506,1062,268.2213
120506,1063,265.2838
120506,1064,262.0478
120506,1067,266.1654
120506,1068,267.6827
120506,1069,268.1867
120506,1070,266.6761
120506,1071,269.1225
120506,1074,267.183
120506,1075,269.3438
120506,1076,267.2808
120506,1077,265.8056
120506,1078,267.8658
120506,1081,270.2112
120506,1082,271.892
120506,1083,269.3582
120506,1084,268.3727
120506,1085,268.9202
120506,1088,266.919
120506,1089,270.5495
120506,1090,264.6252
120506,1091,262.8311
120506,1092,261.714
120506,1095,254.9163
120506,1096,251.715
120506,1097,253.3474
120506,1098,253.5607
120506,1099,257.501
120506,1102,261.4335
120506,1103,262.6514
120506,1104,263.5763
120506,1105,263.8871
120506,1106,257.492
120506,1109,254.2625
120506,1110,254.6459
120506,1111,256.2748
120506,1112,257.12
120506,1113,255.1025
120506,1116,257.5152
120506,1117,261.2929
120506,1118,263.7656
120506,1119,266.3916
120506,1120,265.1349
120506,1123,267.993
120506,1124,268.5115
120506,1125,269.9625
120506,1126,271.0468
120506,1127,270.8863
120506,1130,268.8432
120506,1131,268.7839
120506,1132,271.4526
120506,1133,270.4728
120506,1134,272.9172
120506,1137,274.9773
120506,1138,274.354
120506,1139,278.1326
120506,1140,277.3538
120506,1141,281.4946
120506,1144,282.8088
120506,1145,282.9235
120506,1146,280.7159
120506,1147,280.6378
120506,1148,280.2536
120506,1151,277.0951
120506,1152,276.6796
120506,1153,274.7387
120506,1154,276.4177
120506,1155,280.0062
120506,1158,276.9326
120506,1159,281.6061
120506,1160,281.4206
120506,1161,278.9947
120506,1162,281.1556
120506,1165,280.1276
120506,1166,280.0669
120506,1167,279.1541
120506,1168,277.162
120506,1169,279.2197
120506,1172,278.6201
120506,1173,275.0161
120506,1174,276.6055
120506,1175,273.6243
120506,1176,270.8091
120506,1179,274.0304
120506,1180,271.1006
120506,1181,265.3786
120506,1182,267.0934
120506,1183,266.4756
120506,1186,266.0759
120506,1187,265.4338
120506,1188,266.1633
120506,1189,264.4238
120506,1190,268.2868
120506,1193,264.7175
120506,1194,265.9803
120506,1195,267.7478
120506,1196,265.9805
120506,1197,263.5663
120506,1200,266.2597
120506,1201,263.925
120506,1202,262.5622
120506,1203,264.92
120506,1204,265.1542
120506,1207,260.8344
120506,1208,265.3234
120506,1209,264.1446
120506,1210,263.2875
120506,1211,264.0713
120506,1214,265.7833
120506,1215,270.9048
120506,1216,266.8367
120506,1217,269.0768
120506,1218,271.1232
120506,1221,270.9225
120506,1222,273.0971
120506,1223,275.6718
120506,1224,272.2466
120506,1225,276.939
120506,1228,273.0416
120506,1229,270.2782
120506,1230,269.7603
120506,1231,274.8645
120506,1232,274.2174
120506,1235,274.287
120506,1236,278.1783
120506,1237,277.5442
120506,1238,274.6234
120506,1239,273.6948
120506,1242,277.417
120506,1243,277.7571
120506,1244,283.0279
120506,1245,285.1667
120506,1246,283.592
120506,1249,283.8866
120506,1250,281.7636
120506,1251,280.1451
120506,1252,292.4187
120506,1253,295.4109
120506,1256,297.9899
120506,1257,296.4049
120506,1258,301.0009
120506,1259,304.3132
120506,1260,309.9443
120506,1263,315.5349
120506,1264,311.3286
120506,1265,308.2519
120506,1266,305.5117
120506,1267,302.9671
120506,1270,304.0634
120506,1271,302.6073
120506,1272,308.7635
120506,1273,314.5455
120506,1274,314.7011
120506,1277,320.7477
120506,1278,325.4706
120506,1279,324.2675
120506,1280,318.3461
120506,1281,317.8676
120506,1284,316.1129
120506,1285,316.9064
120506,1286,317.3499
120506,1287,317.7154
120506,1288,319.4689
120506,1291,316.0051
120506,1292,317.412
120506,1293,316.2719
120506,1294,317.0462
120506,1295,320.1052
120506,1298,316.599
120506,1299,315.934
120506,1300,315.7557
120506,1301,314.3997
120506,1302,317.2605
120506,1305,315.2834
120506,1306,313.8074
120506,1307,311.8826
120506,1308,315.2926
120506,1309,314.0033
120506,1312,315.5466
120506,1313,321.6714
120506,1314,321.6227
120506,1315,325.2007
120506,1316,330.5609
120506,1319,333.9705
120506,1320,334.103
120506,1321,336.3231
120506,1322,332.4413
120506,1323,330.1833
120506,1326,328.4846
120506,1327,335.6998
120506,1328,333.3172
120506,1329,330.905
120506,1330,327.839
120506,1333,329.761
120506,1334,330.3892
120506,1335,333.9849
120506,1336,336.2968
120506,1337,332.1232
120506,1340,329.7826
120506,1341,334.2504
120506,1342,333.7943
120506,1343,337.7487
120506,1344,337.4588
120506,1347,334.5731
120506,1348,333.8011
120506,1349,330.9455
120506,1350,329.3646
120506,1351,330.1739
120506,1354,331.9583
120506,1355,327.1893
120506,1356,327.3174
120506,1357,325.689
120506,1358,323.8795
120506,1361,324.466
120506,1362,322.9621
120506,1363,327.3895
120506,1364,331.2695
120506,1365,335.1758
120506,1368,333.7974
120506,1369,330.9592
120506,1370,331.3998
120506,1371,331.1133
120506,1372,329.3969
120506,1375,325.9386
120506,1376,325.9919
120506,1377,324.93
120506,1378,327.2321
120506,1379,329.4781
120506,1382,333.1081
120506,1383,329.3508
120506,1384,330.785
120506,1385,328.7016
120506,1386,325.1134
120506,1389,323.9793
120506,1390,327.4494
120506,1391,326.4807
120506,1392,331.5301
120506,1393,333.4392
120506,1396,332.3845
120506,1397,336.2347
120506,1398,337.8404
120506,1399,335.0625
120506,1400,341.1891
120506,1403,342.2167
120506,1404,342.4677
120506,1405,339.8991
120506,1406,343.8997
120506,1407,345.7768
120506,1410,348.0321
120506,1411,346.5595
120506,1412,349.4958
120506,1413,352.7159
120506,1414,350.6888
120506,1417,346.2169
120506,1418,348.3175
120506,1419,343.3682
120506,1420,344.0528
120506,1421,342.7923
120506,1424,346.9552
120506,1425,345.8617
120506,1426,349.6936
120506,1427,348.192
120506,1428,351.693
120506,1431,358.8063
120506,1432,355.4008
120506,1433,356.5809
120506,1434,366.1673
120506,1435,366.6014
120506,1438,367.0193
120506,1439,369.9695
120506,1440,370.3188
120506,1441,364.5954
120506,1442,368.7219
120506,1445,362.0102
120506,1446,360.7876
120506,1447,365.1303
120506,1448,364.1044
120506,1449,361.9266
120506,1452,365.1489
120506,1453,362.4254
120506,1454,358.4629
120506,1455,359.5936
120506,1456,359.1721
120506,1459,355.1732
120506,1460,357.5159
120506,1461,359.288
120506,1462,358.2678
120506,1463,357.4814
120506,1466,359.2734
120506,1467,363.5392
120506,1468,362.7705
120506,1469,365.2245
120506,1470,367.3843
120506,1473,370.6554
120506,1474,370.9991
120506,1475,368.019
120506,1476,366.6178
120506,1477,368.0119
120506,1480,374.5981
120506,1481,373.0959
120506,1482,376.1529
120506,1483,375.1971
120506,1484,375.7976
120506,1487,381.4293
120506,1488,384.4074
120506,1489,380.1361
120506,1490,378.2954
120506,1491,383.0254
120506,1494,383.7523
120506,1495,379.82
120506,1496,377.1016
120506,1497,379.8276
120506,1498,383.6265
120506,1501,383.9044
120506,1502,393.208
120506,1503,396.5023
120506,1504,395.8109
120506,1505,392.9902
120506,1508,389.603
120506,1509,391.057
120506,1510,389.4714
120506,1511,395.8999
120506,1512,401.6464
120506,1515,404.2808
120506,1516,400.0241
120506,1517,397.7121
120506,1518,402.6828
120506,1519,400.7686
120506,1522,405.2657
120506,1523,407.3135
120506,1524,407.739
120506,1525,405.2652
120506,1526,405.1295
120506,1529,406.0817
120506,1530,410.2909
120506,1531,407.0974
120506,1532,406.3134
120506,1533,406.7114
120506,1536,409.4935
120506,1537,406.219
120506,1538,401.4197
120506,1539,404.2088
120506,1540,398.6739
120506,1543,403.7683
120506,1544,403.3979
120506,1545,397.763
120506,1546,396.1814
120506,1547,397.8242
120506,1550,396.0467
120506,1551,396.3418
120506,1552,399.345
120506,1553,398.8043
120506,1554,395.5084
120506,1557,394.6117
120506,1558,400.145
120506,1559,406.7931
120506,1560,399.3243
120506,1561,403.6865
120506,1564,404.8667
120506,1565,408.6439
120506,1566,406.7498
120506,1567,400.2323
120506,1568,402.6725
120506,1571,399.3299
120506,1572,394.3446
120506,1573,389.6789
120506,1574,392.1156
120506,1575,392.8508
120506,1578,395.9861
120506,1579,398.719
120506,1580,397.3569
120506,1581,397.3131
120506,1582,395.6174
120506,1585,395.0513
120506,1586,391.6747
120506,1587,393.341
120506,1588,397.5781
120506,1589,394.7413
120506,1592,399.7715
120506,1593,400.4229
120506,1594,401.5591
120506,1595,395.3819
120506,1596,388.9033
120506,1599,389.6497
120506,1600,392.7864
120506,1601,390.5194
120506,1602,396.9515
120506,1603,399.9398
120506,1606,396.7422
120506,1607,397.0784
120506,1608,406.7074
120506,1609,402.1835
120506,1610,404.4207
120507,3,285.7447
120507,4,285.882
120507,5,286.0699
120507,6,286.1089
120507,7,286.2836
120507,10,286.5579
120507,11,286.6378
120507,12,286.7826
120507,13,286.8032
120507,14,286.879
120507,17,286.937
120507,18,287.0831
120507,19,287.2661
120507,20,287.3303
120507,21,287.5433
120507,24,287.7561
120507,25,287.9071
120507,26,287.9346
120507,27,287.9534
120507,28,287.954
120507,31,288.1144
120507,32,288.0787
120507,33,288.2145
120507,34,288.1907
120507,35,288.3398
120507,38,288.4157
120507,39,288.6114
120507,40,288.7896
120507,41,288.9947
120507,42,289.2023
120507,45,289.29
120507,46,289.259
120507,47,289.2377
120507,48,289.1223
120507,49,289.0981
120507,52,289.179
120507,53,289.2026
120507,54,289.2608
120507,55,289.3803
120507,56,289.4273
120507,59,289.3997
120507,60,289.4695
120507,61,289.4622
120507,62,289.5122
120507,63,289.7094
120507,66,289.7594
120507,67,289.9959
120507,68,290.2015
120507,69,290.2234
120507,70,290.1967
120507,73,290.2668
120507,74,290.4471
120507,75,290.4772
120507,76,290.6353
120507,77,290.8209
120507,80,290.825
120507,81,290.8381
120507,82,290.9784
120507,83,291.0674
120507,84,291.0796
120507,87,291.1224
120507,88,291.191
120507,89,291.1226
120507,90,291.268
120507,91,291.2992
120507,94,291.119
120507,95,291.1919
120507,96,291.199
120507,97,291.4291
120507,98,291.4505
120507,101,291.4249
120507,102,291.5467
120507,103,291.5613
120507,104,291.5649
120507,105,291.6869
120507,108,291.6666
120507,109,291.6079
120507,110,291.8418
120507,111,291.9704
120507,112,292.0214
120507,115,292.0964
120507,116,292.2183
120507,117,292.3833
120507,118,292.3891
120507,119,292.4983
120507,122,292.527
120507,123,292.5851
120507,124,292.6754
120507,125,292.7502
120507,126,292.8936
120507,129,293.0141
120507,130,292.9505
120507,131,292.9008
120507,132,292.9422
120507,133,293.1866
120507,136,293.1836
120507,137,293.24
120507,138,293.2661
120507,139,293.2906
120507,140,293.3827
120507,143,293.5879
120507,144,293.7058
120507,145,293.7072
120507,146,294.0379
120507,147,294.121
120507,150,294.1434
120507,151,294.3502
120507,152,294.3826
120507,153,294.6128
120507,154,294.608
120507,157,294.8168
120507,158,294.9115
120507,159,295.1076
120507,160,295.3606
120507,161,295.3314
120507,164,295.5263
120507,165,295.4714
120507,166,295.4501
120507,167,295.4516
120507,168,295.5747
120507,171,295.654
120507,172,295.7147
120507,173,295.8046
120507,174,295.936
120507,175,296.0747
120507,178,296.2532
120507,179,296.4995
120507,180,296.574
120507,181,296.6018
120507,182,296.7357
120507,185,296.7053
120507,186,296.7184
120507,187,296.8883
120507,188,296.9533
120507,189,296.9169
120507,192,296.8542
120507,193,296.9353
120507,194,297.1188
120507,195,297.3011
120507,196,297.3881
120507,199,297.6531
120507,200,297.7201
120507,201,297.7839
120507,202,297.62
120507,203,297.6548
120507,206,297.8115
120507,207,298.0351
120507,208,298.034
120507,209,298.1543
120507,210,298.3296
120507,213,298.4076
120507,214,298.27
120507,215,298.3702
120507,216,298.5187
120507,217,298.5067
120507,220,298.5598
120507,221,298.5281
120507,222,298.3635
120507,223,298.537
120507,224,298.6137
120507,227,298.8411
120507,228,298.9989
120507,229,299.0426
120507,230,299.1119
120507,231,299.2425
120507,234,299.4108
120507,235,299.5185
120507,236,299.7001
120507,237,299.7494
120507,238,299.7326
120507,241,299.8038
120507,242,299.9005
120507,243,299.8644
120507,244,299.8155
120507,245,299.9351
120507,248,299.9741
120507,249,300.0358
120507,250,300.0792
120507,251,300.3004
120507,252,300.4972
120507,255,300.4576
120507,256,300.4847
120507,257,300.6427
120507,258,300.7773
120507,259,300.851
120507,262,300.8208
120507,263,300.8337
120507,264,300.8623
120507,265,300.9662
120507,266,301.2054
120507,269,301.2179
120507,270,301.1983
120507,271,301.2657
120507,272,301.4414
120507,273,301.3817
120507,276,301.5975
120507,277,301.659
120507,278,301.667
120507,279,301.5928
120507,280,301.7378
120507,283,301.7993
120507,284,301.8934
120507,285,301.8856
120507,286,301.9332
120507,287,301.9648
120507,290,302.0331
120507,291,302.0473
120507,292,301.9793
120507,293,302.3169
120507,294,302.265
120507,297,302.3603
120507,298,302.2695
120507,299,302.1574
120507,300,302.2446
120507,301,302.3392
120507,304,302.5374
120507,305,302.6535
120507,306,302.7173
120507,307,302.7049
120507,308,302.9259
120507,311,303.0927
120507,312,303.0519
120507,313,303.1337
120507,314,303.2257
120507,315,303.2709
120507,318,303.4229
120507,319,303.5807
120507,320,303.6408
120507,321,303.6922
120507,322,303.914
120507,325,304.0818
120507,326,304.1671
120507,327,304.0895
120507,328,304.2009
120507,329,304.3463
120507,332,304.1608
120507,333,304.2634
120507,334,304.302
120507,335,304.3593
120507,336,304.3508
120507,339,304.4151
120507,340,304.6272
120507,341,304.6629
120507,342,304.8342
120507,343,304.8354
120507,346,304.987
120507,347,305.0658
120507,348,305.1783
120507,349,305.2577
120507,350,305.3982
120507,353,305.23
120507,354,305.1723
120507,355,305.2911
120507,356,305.1734
120507,357,305.2011
120507,360,305.2746
120507,361,305.2737
120507,362,305.286
120507,363,305.3908
120507,364,305.5667
120507,367,305.5533
120507,368,305.5768
120507,369,305.5852
120507,370,305.431
120507,371,305.5234
120507,374,305.6922
120507,375,305.869
120507,376,305.864
120507,377,305.8223
120507,378,305.9033
120507,381,306.0622
120507,382,306.1561
120507,383,306.2629
120507,384,306.4521
120507,385,306.4598
120507,388,306.5177
120507,389,306.7546
120507,390,306.8147
120507,391,306.7714
120507,392,306.7859
120507,395,306.7743
120507,396,306.888
120507,397,306.8806
120507,398,306.9859
120507,399,306.9939
120507,402,306.8678
120507,403,306.9766
120507,404,307.0702
120507,405,307.1995
120507,406,307.2136
120507,409,307.2174
120507,410,307.3355
120507,411,307.5619
120507,412,307.6424
120507,413,307.7629
120507,416,307.8111
120507,417,307.7408
120507,418,307.914
120507,419,308.0816
120507,420,308.2301
120507,423,308.2919
120507,424,308.4295
120507,425,308.5959
120507,426,308.833
120507,427,309.0089
120507,430,309.0948
120507,431,309.0472
120507,432,309.1421
120507,433,309.2468
120507,434,309.3957
120507,437,309.6075
120507,438,309.6781
120507,439,309.963
120507,440,309.8712
120507,441,309.9921
120507,444,309.9941
120507,445,309.8879
120507,446,309.9481
120507,447,309.8858
120507,448,309.95
120507,451,310.0333
120507,452,310.2226
120507,453,310.1553
120507,454,310.3241
120507,455,310.4137
120507,458,310.5945
120507,459,310.6323
120507,460,310.5821
120507,461,310.5431
120507,462,310.4969
120507,465,310.6237
120507,466,310.8484
120507,467,310.8733
120507,468,311.0151
120507,469,310.9461
120507,472,311.044
120507,473,311.1897
120507,474,311.1281
120507,475,311.1884
120507,476,311.3388
120507,479,311.1315
120507,480,311.3427
120507,481,311.4577
120507,482,311.6084
120507,483,311.6483
120507,486,311.5596
120507,487,311.6924
120507,488,311.7647
120507,489,311.8482
120507,490,312.0356
120507,493,312.191
120507,494,312.4605
120507,495,312.5563
120507,496,312.5689
120507,497,312.6309
120507,500,312.7525
120507,501,312.9333
120507,502,312.8695
120507,503,312.951
120507,504,313.1905
120507,507,313.2476
120507,508,313.4203
120507,509,313.5498
120507,510,313.7251
120507,511,313.7261
120507,514,313.7274
120507,515,313.8103
120507,516,313.7398
120507,517,313.7941
120507,518,313.9001
120507,521,314.1576
120507,522,314.2785
120507,523,314.4215
120507,524,314.6179
120507,525,314.6035
120507,528,314.6683
120507,529,314.99
120507,530,315.0634
120507,531,315.2555
120507,532,315.4326
120507,535,315.3671
120507,536,315.4793
120507,537,315.5753
120507,538,315.6895
120507,539,315.6959
120507,542,315.6663
120507,543,315.7004
120507,544,315.7721
120507,545,315.9715
120507,546,316.234
120507,549,316.4547
120507,550,316.6221
120507,551,316.6036
120507,552,316.6445
120507,553,316.7472
120507,556,316.7658
120507,557,316.9051
120507,558,317.0588
120507,559,317.1941
120507,560,317.3784
120507,563,317.3699
120507,564,317.545
120507,565,317.5574
120507,566,317.5452
120507,567,317.6803
120507,570,317.884
120507,571,318.0149
120507,572,318.099
120507,573,318.2121
120507,574,318.3079
120507,577,318.2771
120507,578,318.2346
120507,579,318.3088
120507,580,318.399
120507,581,318.4822
120507,584,318.6322
120507,585,318.6928
120507,586,318.8315
120507,587,318.8993
120507,588,319.1648
120507,591,319.2552
120507,592,319.5731
120507,593,319.691
120507,594,319.7519
120507,595,319.7438
120507,598,319.681
120507,599,319.6636
120507,600,319.6575
120507,601,319.7798
120507,602,319.8092
120507,605,319.9106
120507,606,320.1223
120507,607,320.1961
120507,608,320.4885
120507,609,320.4524
120507,612,320.5199
120507,613,320.5481
120507,614,320.7254
120507,615,320.5819
120507,616,320.5189
120507,619,320.5907
120507,620,320.8302
120507,621,320.9358
120507,622,320.8819
120507,623,320.8437
120507,626,321.0956
120507,627,321.1156
120507,628,321.1031
120507,629,321.3354
120507,630,321.5207
120507,633,321.7327
120507,634,321.7194
120507,635,321.6479
120507,636,321.7443
120507,637,321.8613
120507,640,321.9813
120507,641,322.2144
120507,642,322.1215
120507,643,322.2919
120507,644,322.2637
120507,647,322.4337
120507,648,322.4687
120507,649,322.4692
120507,650,322.4904
120507,651,322.4268
120507,654,322.514
120507,655,322.5187
120507,656,322.6818
120507,657,322.8302
120507,658,323.0852
120507,661,323.2058
120507,662,323.3422
120507,663,323.5683
120507,664,323.5878
120507,665,323.5196
120507,668,323.6234
120507,669,323.5619
120507,670,323.8956
120507,671,324.1277
120507,672,324.4324
120507,675,324.5225
120507,676,324.6625
120507,677,324.6992
120507,678,324.8733
120507,679,324.8328
120507,682,324.6564
120507,683,324.6593
120507,684,324.5942
120507,685,324.8291
120507,686,325.0988
120507,689,325.039
120507,690,325.2551
120507,691,325.4365
120507,692,325.3596
120507,693,325.4035
120507,696,325.428
120507,697,325.5886
120507,698,325.5466
120507,699,325.6204
120507,700,325.6341
120507,703,325.7667
120507,704,325.8284
120507,705,325.8576
120507,706,325.9197
120507,707,326.2129
120507,710,326.2542
120507,711,326.2314
120507,712,326.3756
120507,713,326.445
120507,714,326.3837
120507,717,326.6974
120507,718,326.7454
120507,719,326.7908
120507,720,326.8916
120507,721,327.1541
120507,724,327.0654
120507,725,327.1783
120507,726,327.4779
120507,727,327.5756
120507,728,327.5327
120507,731,327.5534
120507,732,327.6592
120507,733,327.8811
120507,734,327.9307
120507,735,328.1007
120507,738,328.037
120507,739,327.9724
120507,740,328.0072
120507,741,328.2404
120507,742,328.3322
120507,745,328.4469
120507,746,328.5604
120507,747,328.76
120507,748,328.7816
120507,749,328.9377
120507,752,328.9365
120507,753,329.2269
120507,754,329.2289
120507,755,329.2223
120507,756,329.3642
120507,759,329.4575
120507,760,329.5764
120507,761,329.685
120507,762,329.6568
120507,763,329.9095
120507,766,330.0875
120507,767,330.314
120507,768,330.3442
120507,769,330.4728
120507,770,330.5786
120507,773,330.7814
120507,774,330.9876
120507,775,331.0931
120507,776,331.0203
120507,777,331.2913
120507,780,331.4348
120507,781,331.4568
120507,782,331.5847
120507,783,331.5125
120507,784,331.7082
120507,787,331.6401
120507,788,331.7026
120507,789,331.8137
120507,790,332.0079
120507,791,332.1047
120507,794,332.2568
120507,795,332.3396
120507,796,332.4219
120507,797,332.5166
120507,798,332.5826
120507,801,332.4917
120507,802,332.497
120507,803,332.6084
120507,804,332.6681
120507,805,332.7376
120507,808,332.7896
120507,809,332.7849
120507,810,332.819
120507,811,332.8727
120507,812,332.9591
120507,815,333.0863
120507,816,333.1533
120507,817,333.1312
120507,818,333.0704
120507,819,333.429
120507,822,333.3963
120507,823,333.4279
120507,824,333.5682
120507,825,333.6922
120507,826,333.833
120507,829,333.8726
120507,830,333.9838
120507,831,334.0764
120507,832,334.1298
120507,833,334.2418
120507,836,334.4392
120507,837,334.5231
120507,838,334.6078
120507,839,334.8067
120507,840,334.9945
120507,843,335.2481
120507,844,335.1492
120507,845,335.3312
120507,846,335.4813
120507,847,335.4742
120507,850,335.5874
120507,851,335.7851
120507,852,335.784
120507,853,335.9174
120507,854,336.0963
120507,857,336.0696
120507,858,336.1413
120507,859,336.2599
120507,860,336.2623
120507,861,336.2559
120507,864,336.3283
120507,865,336.5
120507,866,336.6551
120507,867,336.6506
120507,868,336.8066
120507,871,336.8048
120507,872,336.7209
120507,873,336.7688
120507,874,336.9749
120507,875,337.1314
120507,878,337.2182
120507,879,337.261
120507,880,337.3065
120507,881,337.4051
120507,882,337.3786
120507,885,337.4286
120507,886,337.4928
120507,887,337.4362
120507,888,337.4341
120507,889,337.5648
120507,892,337.6529
120507,893,337.7072
120507,894,337.6973
120507,895,337.9523
120507,896,337.9502
120507,899,338.0642
120507,900,338.0995
120507,901,338.1905
120507,902,338.3265
120507,903,338.2678
120507,906,338.3544
120507,907,338.5686
120507,908,338.8439
120507,909,338.9174
120507,910,339.0093
120507,913,339.333
120507,914,339.5419
120507,915,339.5635
120507,916,339.5849
120507,917,339.7748
120507,920,339.7542
120507,921,339.9583
120507,922,340.0819
120507,923,340.2251
120507,924,340.2853
120507,927,340.3056
120507,928,340.5501
120507,929,340.6115
120507,930,340.6553
120507,931,340.7346
120507,934,340.8432
120507,935,340.8205
120507,936,340.8477
120507,937,340.8693
120507,938,341.048
120507,941,341.0408
120507,942,340.9402
120507,943,340.8169
120507,944,340.747
120507,945,340.9811
120507,948,341.0708
120507,949,341.2126
120507,950,341.3583
120507,951,341.4524
120507,952,341.5325
120507,955,341.733
120507,956,341.8369
120507,957,342.0758
120507,958,342.2309
120507,959,342.2526
120507,962,342.2873
120507,963,342.2972
120507,964,342.5168
120507,965,342.5614
120507,966,342.5637
120507,969,342.6865
120507,970,342.7645
120507,971,342.8847
120507,972,343.1773
120507,973,343.3646
120507,976,343.4561
120507,977,343.3923
120507,978,343.4268
120507,979,343.5924
120507,980,343.5543
120507,983,343.8747
120507,984,343.965
120507,985,344.059
120507,986,344.0755
120507,987,344.2181
120507,990,344.1814
120507,991,344.505
120507,992,344.7369
120507,993,344.9327
120507,994,344.8706
120507,997,344.9819
120507,998,345.2024
120507,999,345.3559
120507,1000,345.336
120507,1001,345.3544
120507,1004,345.3943
120507,1005,345.4177
120507,1006,345.6732
120507,1007,345.5533
120507,1008,345.7138
120507,1011,345.6623
120507,1012,345.6468
120507,1013,345.5172
120507,1014,345.5465
120507,1015,345.8002
120507,1018,345.9182
120507,1019,345.8769
120507,1020,346.077
120507,1021,346.3005
120507,1022,346.4012
120507,1025,346.7127
120507,1026,346.8919
120507,1027,347.056
120507,1028,347.0577
120507,1029,347.2159
120507,1032,347.3291
120507,1033,347.4756
120507,1034,347.4903
120507,1035,347.594
120507,1036,347.5942
120507,1039,347.4488
120507,1040,347.6478
120507,1041,347.5729
120507,1042,347.6743
120507,1043,347.8005
120507,1046,347.926
120507,1047,347.9847
120507,1048,348.1042
120507,1049,348.2457
120507,1050,348.4162
120507,1053,348.6964
120507,1054,348.8121
120507,1055,348.9091
120507,1056,348.8994
120507,1057,349.0374
120507,1060,349.2008
120507,1061,349.2697
120507,1062,349.4198
120507,1063,349.4777
120507,1064,349.6418
120507,1067,349.8325
120507,1068,350.0218
120507,1069,350.1251
120507,1070,350.1007
120507,1071,350.1235
120507,1074,350.2795
120507,1075,350.6402
120507,1076,350.693
120507,1077,350.8339
120507,1078,350.8629
120507,1081,350.8458
120507,1082,350.8615
120507,1083,350.7219
120507,1084,350.962
120507,1085,350.806
120507,1088,350.8674
120507,1089,350.8277
120507,1090,350.8204
120507,1091,351.0631
120507,1092,351.1759
120507,1095,351.1597
120507,1096,351.1851
120507,1097,351.191
120507,1098,351.2768
120507,1099,351.3865
120507,1102,351.6871
120507,1103,351.5656
120507,1104,351.6524
120507,1105,351.7082
120507,1106,351.9038
120507,1109,352.0339
120507,1110,352.1902
120507,1111,352.3194
120507,1112,352.3068
120507,1113,352.5322
120507,1116,352.7118
120507,1117,352.9045
120507,1118,353.1361
120507,1119,353.2737
120507,1120,353.5297
120507,1123,353.663
120507,1124,353.7298
120507,1125,353.8203
120507,1126,353.9089
120507,1127,353.9423
120507,1130,354.2157
120507,1131,354.3401
120507,1132,354.4421
120507,1133,354.5769
120507,1134,355.0014
120507,1137,354.9664
120507,1138,354.9635
120507,1139,354.9007
120507,1140,354.9663
120507,1141,355.0853
120507,1144,355.1248
120507,1145,355.1561
120507,1146,355.2636
120507,1147,355.2991
120507,1148,355.4255
120507,1151,355.6419
120507,1152,355.8095
120507,1153,356.0001
120507,1154,356.2138
120507,1155,356.3374
120507,1158,356.4115
120507,1159,356.4167
120507,1160,356.4648
120507,1161,356.4979
120507,1162,356.6721
120507,1165,356.8031
120507,1166,356.9734
120507,1167,356.935
120507,1168,357.1882
120507,1169,357.2323
120507,1172,357.2006
120507,1173,357.2434
120507,1174,357.6152
120507,1175,357.6637
120507,1176,357.7194
120507,1179,357.79
120507,1180,357.8656
120507,1181,357.8698
120507,1182,357.9782
120507,1183,358.1919
120507,1186,358.3198
120507,1187,358.2868
120507,1188,358.3404
120507,1189,358.3706
120507,1190,358.469
120507,1193,358.7117
120507,1194,358.7875
120507,1195,358.87
120507,1196,359.1637
120507,1197,359.3555
120507,1200,359.5132
120507,1201,359.8278
120507,1202,359.9761
120507,1203,359.8438
120507,1204,360.031
120507,1207,359.9434
120507,1208,360.0875
120507,1209,359.986
120507,1210,360.0259
120507,1211,360.0775
120507,1214,360.0831
120507,1215,360.1364
120507,1216,360.3465
120507,1217,360.3584
120507,1218,360.5132
120507,1221,360.4966
120507,1222,360.5681
120507,1223,360.6979
120507,1224,360.6777
120507,1225,360.6217
120507,1228,360.7706
120507,1229,360.9914
120507,1230,361.0755
120507,1231,361.1166
120507,1232,361.2275
120507,1235,361.327
120507,1236,361.4479
120507,1237,361.2533
120507,1238,361.2248
120507,1239,361.2219
120507,1242,361.3322
120507,1243,361.4466
120507,1244,361.6123
120507,1245,361.7349
120507,1246,361.68
120507,1249,361.9382
120507,1250,362.1767
120507,1251,362.1266
120507,1252,362.2579
120507,1253,362.2834
120507,1256,362.3928
120507,1257,362.6065
120507,1258,362.9435
120507,1259,363.123
120507,1260,363.2504
120507,1263,363.3053
120507,1264,363.4198
120507,1265,363.6693
120507,1266,363.758
120507,1267,363.7503
120507,1270,363.6586
120507,1271,363.8112
120507,1272,363.9334
120507,1273,363.9532
120507,1274,364.1648
120507,1277,364.2103
120507,1278,364.2888
120507,1279,364.3809
120507,1280,364.4346
120507,1281,364.5557
120507,1284,364.782
120507,1285,364.7448
120507,1286,364.8951
120507,1287,365.009
120507,1288,365.1208
120507,1291,365.3153
120507,1292,365.4152
120507,1293,365.5648
120507,1294,365.7416
120507,1295,365.7778
120507,1298,365.9066
120507,1299,365.9721
120507,1300,366.0512
120507,1301,366.1085
120507,1302,366.2573
120507,1305,366.3612
120507,1306,366.5013
120507,1307,366.5938
120507,1308,366.5031
120507,1309,366.6013
120507,1312,366.7032
120507,1313,366.8258
120507,1314,366.8519
120507,1315,366.8084
120507,1316,366.9752
120507,1319,367.0382
120507,1320,367.1527
120507,1321,367.2149
120507,1322,367.3089
120507,1323,367.3517
120507,1326,367.3344
120507,1327,367.484
120507,1328,367.509
120507,1329,367.6228
120507,1330,367.7651
120507,1333,367.792
120507,1334,367.7474
120507,1335,368.1235
120507,1336,368.1572
120507,1337,368.3245
120507,1340,368.6447
120507,1341,368.8315
120507,1342,368.8918
120507,1343,368.9791
120507,1344,368.9775
120507,1347,369.1752
120507,1348,369.3363
120507,1349,369.3718
120507,1350,369.3458
120507,1351,369.2874
120507,1354,369.4974
120507,1355,369.6068
120507,1356,369.7271
120507,1357,369.7267
120507,1358,369.6516
120507,1361,369.8591
120507,1362,369.9594
120507,1363,370.1606
120507,1364,370.2111
120507,1365,370.279
120507,1368,370.4577
120507,1369,370.6388
120507,1370,370.8275
120507,1371,370.8887
120507,1372,371.0562
120507,1375,371.2816
120507,1376,371.3651
120507,1377,371.4008
120507,1378,371.6538
120507,1379,371.6731
120507,1382,371.8427
120507,1383,371.9317
120507,1384,371.8119
120507,1385,372.0401
120507,1386,371.813
120507,1389,371.6765
120507,1390,371.8342
120507,1391,371.9918
120507,1392,372.0131
120507,1393,372.1264
120507,1396,371.9257
120507,1397,372.1045
120507,1398,372.2298
120507,1399,372.3204
120507,1400,372.4189
120507,1403,372.5729
120507,1404,372.6656
120507,1405,372.5418
120507,1406,372.8958
120507,1407,373.133
120507,1410,373.0783
120507,1411,373.134
120507,1412,373.2025
120507,1413,373.4256
120507,1414,373.268
120507,1417,373.3056
120507,1418,373.1949
120507,1419,373.2577
120507,1420,373.2984
120507,1421,373.4041
120507,1424,373.4292
120507,1425,373.4372
120507,1426,373.6065
120507,1427,373.7564
120507,1428,373.9177
120507,1431,373.9933
120507,1432,374.0225
120507,1433,374.1049
120507,1434,374.2605
120507,1435,374.1005
120507,1438,374.2434
120507,1439,374.3764
120507,1440,374.4804
120507,1441,374.5593
120507,1442,374.3533
120507,1445,374.398
120507,1446,374.7057
120507,1447,374.8039
120507,1448,374.8643
120507,1449,374.963
120507,1452,375.1016
120507,1453,375.2762
120507,1454,375.346
120507,1455,375.4931
120507,1456,375.7883
120507,1459,376.0044
120507,1460,376.3788
120507,1461,376.398
120507,1462,376.6939
120507,1463,376.6973
120507,1466,376.8364
120507,1467,377.0206
120507,1468,377.0572
120507,1469,377.1649
120507,1470,377.3704
120507,1473,377.3833
120507,1474,377.6792
120507,1475,377.6119
120507,1476,377.9402
120507,1477,378.1569
120507,1480,378.2438
120507,1481,378.2934
120507,1482,378.3305
120507,1483,378.4119
120507,1484,378.5038
120507,1487,378.7511
120507,1488,379.0838
120507,1489,379.2054
120507,1490,379.2022
120507,1491,379.2349
120507,1494,379.3108
120507,1495,379.2856
120507,1496,379.2426
120507,1497,379.5911
120507,1498,379.7252
120507,1501,379.7235
120507,1502,379.9192
120507,1503,379.8761
120507,1504,379.843
120507,1505,379.8449
120507,1508,380.1409
120507,1509,380.2087
120507,1510,380.0144
120507,1511,380.2574
120507,1512,380.3188
120507,1515,380.1953
120507,1516,380.2555
120507,1517,380.416
120507,1518,380.5626
120507,1519,380.8764
120507,1522,380.8724
120507,1523,380.9762
120507,1524,380.9905
120507,1525,380.9038
120507,1526,381.1083
120507,1529,381.2622
120507,1530,381.3947
120507,1531,381.5443
120507,1532,381.5604
120507,1533,381.5379
120507,1536,381.6409
120507,1537,381.879
120507,1538,382.171
120507,1539,382.3654
120507,1540,382.4675
120507,1543,382.5987
120507,1544,382.6988
120507,1545,382.6739
120507,1546,382.7756
120507,1547,382.7134
120507,1550,382.7971
120507,1551,383.0932
120507,1552,383.2914
120507,1553,383.2788
120507,1554,383.3689
120507,1557,383.3671
120507,1558,383.4584
120507,1559,383.6831
120507,1560,383.8611
120507,1561,384.2606
120507,1564,384.5042
120507,1565,384.6281
120507,1566,384.8093
120507,1567,384.8841
120507,1568,384.8467
120507,1571,385.1043
120507,1572,385.3261
120507,1573,385.3962
120507,1574,385.5289
120507,1575,385.7791
120507,1578,385.9815
120507,1579,385.9032
120507,1580,386.0324
120507,1581,386.1116
120507,1582,386.3466
120507,1585,386.5718
120507,1586,386.8321
120507,1587,386.7957
120507,1588,386.7999
120507,1589,387.0355
120507,1592,387.0632
120507,1593,386.9776
120507,1594,387.1424
120507,1595,387.1755
120507,1596,387.4937
120507,1599,387.6299
120507,1600,387.7494
120507,1601,387.8044
120507,1602,388.0988
120507,1603,388.2428
120507,1606,388.293
120507,1607,388.296
120507,1608,388.3872
120507,1609,388.3678
120507,1610,388.5939
118632,3,42.8339
118632,4,42.8033
118632,5,43.0564
118632,6,43.2088
118632,7,42.9585
118632,10,43.2317
118632,11,42.9173
118632,12,42.931
118632,13,43.2007
118632,14,43.3999
118632,17,43.1645
118632,18,43.6453
118632,19,43.7012
118632,20,44.0112
118632,21,44.6318
118632,24,45.0971
118632,25,45.5683
118632,26,45.6693
118632,27,46.0139
118632,28,46.1245
118632,31,45.6587
118632,32,45.8044
118632,33,45.9318
118632,34,46.1927
118632,35,46.1644
118632,38,45.8791
118632,39,46.1693
118632,40,45.6612
118632,41,46.2763
118632,42,46.2058
118632,45,46.3298
118632,46,46.5826
118632,47,46.8501
118632,48,46.2954
118632,49,46.6572
118632,52,46.8062
118632,53,46.5687
118632,54,46.2857
118632,55,46.1734
118632,56,45.6711
118632,59,46.394
118632,60,47.0303
118632,61,47.2424
118632,62,47.1738
118632,63,47.1161
118632,66,47.4567
118632,67,48.223
118632,68,48.0058
118632,69,47.5595
118632,70,48.2379
118632,73,47.5081
118632,74,47.1117
118632,75,47.0335
118632,76,46.4146
118632,77,46.8963
118632,80,47.2764
118632,81,47.0617
118632,82,47.6203
118632,83,48.2578
118632,84,48.2345
118632,87,48.068
118632,88,49.0608
118632,89,49.3993
118632,90,49.5366
118632,91,50.1618
118632,94,50.3215
118632,95,50.1234
118632,96,50.1848
118632,97,50.6727
118632,98,49.8159
118632,101,49.7151
118632,102,50.3512
118632,103,50.1503
118632,104,50.865
118632,105,51.5302
118632,108,51.527
118632,109,51.2958
118632,110,51.1923
118632,111,52.4366
118632,112,53.3382
118632,115,53.4247
118632,116,53.1664
118632,117,53.2488
118632,118,53.3909
118632,119,52.8359
118632,122,52.9005
118632,123,53.5487
118632,124,52.7328
118632,125,53.1461
118632,126,53.8221
118632,129,53.5843
118632,130,54.419
118632,131,54.1166
118632,132,54.3556
118632,133,54.2367
118632,136,54.118
118632,137,53.8519
118632,138,54.2127
118632,139,54.6482
118632,140,54.6453
118632,143,54.0217
118632,144,54.2421
118632,145,54.4725
118632,146,54.3965
118632,147,55.3282
118632,150,54.5985
118632,151,53.5689
118632,152,53.2522
118632,153,53.6145
118632,154,53.145
118632,157,52.7144
118632,158,53.1858
118632,159,53.4308
118632,160,53.6364
118632,161,54.0352
118632,164,53.8607
118632,165,53.7087
118632,166,54.1215
118632,167,53.511
118632,168,52.5364
118632,171,52.363
118632,172,52.8219
118632,173,52.9684
118632,174,53.398
118632,175,52.4839
118632,178,52.6573
118632,179,52.9891
118632,180,52.3886
118632,181,52.8157
118632,182,52.791
118632,185,54.2685
118632,186,53.2638
118632,187,53.9387
118632,188,53.7793
118632,189,53.0451
118632,192,52.8264
118632,193,52.9831
118632,194,53.4977
118632,195,54.3444
118632,196,55.0585
118632,199,54.6199
118632,200,55.1955
118632,201,55.4149
118632,202,55.1243
118632,203,55.0498
118632,206,54.7345
118632,207,54.7806
118632,208,54.4573
118632,209,53.9937
118632,210,54.2503
118632,213,54.5801
118632,214,54.518
118632,215,55.208
118632,216,55.1098
118632,217,54.9912
118632,220,55.341
118632,221,55.3049
118632,222,55.3749
118632,223,54.1855
118632,224,54.2215
118632,227,53.3822
118632,228,52.8378
118632,229,52.2461
118632,230,51.7947
118632,231,51.5711
118632,234,51.3769
118632,235,51.7054
118632,236,51.8336
118632,237,50.9981
118632,238,51.0619
118632,241,51.2319
118632,242,51.11
118632,243,51.1089
118632,244,51.2212
118632,245,51.5944
118632,248,50.909
118632,249,50.8256
118632,250,51.5328
118632,251,52.2076
118632,252,52.628
118632,255,52.9051
118632,256,53.7104
118632,257,54.6548
118632,258,54.6208
118632,259,54.1837
118632,262,54.0826
118632,263,55.6087
118632,264,54.8726
118632,265,54.6736
118632,266,54.0245
118632,269,54.1119
118632,270,53.5686
118632,271,53.5449
118632,272,52.659
118632,273,52.9739
118632,276,53.5757
118632,277,53.4222
118632,278,53.3861
118632,279,53.3367
118632,280,53.4494
118632,283,53.459
118632,284,53.8502
118632,285,54.467
118632,286,54.1053
118632,287,53.9857
118632,290,54.4448
118632,291,53.7942
118632,292,52.8946
118632,293,53.0276
118632,294,53.2877
118632,297,52.9767
118632,298,52.7342
118632,299,52.4089
118632,300,52.0366
118632,301,52.3828
118632,304,51.867
118632,305,51.7724
118632,306,51.3872
118632,307,50.7581
118632,308,51.1755
118632,311,50.9677
118632,312,51.0788
118632,313,50.43
118632,314,50.1269
118632,315,50.4883
118632,318,51.6803
118632,319,50.8135
118632,320,50.7497
118632,321,50.9608
118632,322,50.7108
118632,325,51.1186
118632,326,50.7555
118632,327,50.8506
118632,328,50.6431
118632,329,51.2171
118632,332,50.9388
118632,333,50.8072
118632,334,51.2591
118632,335,50.8227
118632,336,50.8798
118632,339,50.0943
118632,340,49.6416
118632,341,49.8349
118632,342,49.4268
118632,343,49.2154
118632,346,49.4554
118632,347,49.2288
118632,348,49.613
118632,349,49.7331
118632,350,49.9503
118632,353,50.526
118632,354,50.6949
118632,355,51.4141
118632,356,51.8557
118632,357,51.6435
118632,360,52.2628
118632,361,52.4116
118632,362,52.2564
118632,363,52.4119
118632,364,52.9559
118632,367,53.1963
118632,368,54.086
118632,369,54.635
118632,370,54.9159
118632,371,54.4493
118632,374,54.3911
118632,375,54.4536
118632,376,54.8175
118632,377,55.1549
118632,378,55.2659
118632,381,55.3532
118632,382,55.7347
118632,383,55.3428
118632,384,56.2056
118632,385,55.2284
118632,388,55.9707
118632,389,55.9773
118632,390,56.5036
118632,391,56.7144
118632,392,56.9171
118632,395,57.2256
118632,396,57.6651
118632,397,57.5278
118632,398,58.0851
118632,399,57.5619
118632,402,57.5889
118632,403,58.045
118632,404,58.5868
118632,405,58.8557
118632,406,58.6822
118632,409,59.1786
118632,410,58.8606
118632,411,59.8077
118632,412,59.7939
118632,413,59.0179
118632,416,58.4295
118632,417,58.4821
118632,418,58.5845
118632,419,59.6418
118632,420,59.1286
118632,423,59.1797
118632,424,58.6596
118632,425,58.4354
118632,426,59.3403
118632,427,58.7789
118632,430,59.1145
118632,431,59.3503
118632,432,59.3683
118632,433,59.6717
118632,434,59.0948
118632,437,59.9953
118632,438,61.0539
118632,439,61.1108
118632,440,62.463
118632,441,62.2757
118632,444,62.5282
118632,445,63.3555
118632,446,63.1321
118632,447,62.3998
118632,448,61.5509
118632,451,62.7121
118632,452,62.4524
118632,453,62.3824
118632,454,61.805
118632,455,62.3563
118632,458,61.9599
118632,459,61.7239
118632,460,61.9191
118632,461,61.3724
118632,462,61.3074
118632,465,62.1023
118632,466,62.3695
118632,467,62.4735
118632,468,62.6243
118632,469,62.442
118632,472,63.5838
118632,473,63.1625
118632,474,63.3128
118632,475,63.4098
118632,476,64.0094
118632,479,64.6685
118632,480,64.6837
118632,481,64.8831
118632,482,65.105
118632,483,63.8463
118632,486,62.9903
118632,487,62.6874
118632,488,62.4099
118632,489,61.7851
118632,490,62.227
118632,493,62.2603
118632,494,62.1746
118632,495,61.5213
118632,496,61.5289
118632,497,60.151
118632,500,60.0956
118632,501,60.1601
118632,502,60.3197
118632,503,59.5241
118632,504,59.673
118632,507,59.1579
118632,508,58.7659
118632,509,59.1696
118632,510,60.2611
118632,511,60.3195
118632,514,59.9173
118632,515,60.0481
118632,516,60.5787
118632,517,60.9428
118632,518,62.4673
118632,521,62.1065
118632,522,62.2769
118632,523,63.166
118632,524,64.0324
118632,525,62.9731
118632,528,63.0037
118632,529,63.8669
118632,530,65.5498
118632,531,65.992
118632,532,65.8122
118632,535,65.2627
118632,536,66.5866
118632,537,67.0505
118632,538,66.5853
118632,539,66.5004
118632,542,66.7169
118632,543,67.0723
118632,544,66.5766
118632,545,66.2511
118632,546,65.326
118632,549,65.9618
118632,550,65.7973
118632,551,66.1026
118632,552,66.9715
118632,553,67.1361
118632,556,67.1038
118632,557,67.2534
118632,558,67.3256
118632,559,68.1047
118632,560,68.3269
118632,563,68.0347
118632,564,68.7018
118632,565,69.4872
118632,566,68.7073
118632,567,69.6784
118632,570,69.9389
118632,571,70.15
118632,572,70.8121
118632,573,70.4952
118632,574,71.1276
118632,577,70.9283
118632,578,70.0477
118632,579,69.4699
118632,580,69.8542
118632,581,69.3099
118632,584,70.3374
118632,585,71.1157
118632,586,71.994
118632,587,72.1105
118632,588,72.312
118632,591,71.5916
118632,592,72.2604
118632,593,72.5402
118632,594,72.9417
118632,595,74.0741
118632,598,73.7173
118632,599,73.6733
118632,600,73.924
118632,601,73.3545
118632,602,73.271
118632,605,73.6282
118632,606,73.4551
118632,607,74.3464
118632,608,73.4001
118632,609,74.1688
118632,612,74.641
118632,613,74.3058
118632,614,73.7405
118632,615,72.4374
118632,616,71.9683
118632,619,72.6735
118632,620,72.675
118632,621,73.4621
118632,622,73.0993
118632,623,73.5946
118632,626,73.1681
118632,627,72.5851
118632,628,72.554
118632,629,72.167
118632,630,71.2284
118632,633,71.1507
118632,634,71.2542
118632,635,72.0929
118632,636,72.7285
118632,637,73.5532
118632,640,74.0601
118632,641,74.316
118632,642,73.5528
118632,643,73.6881
118632,644,74.1152
118632,647,75.1127
118632,648,75.6077
118632,649,76.4788
118632,650,75.825
118632,651,75.646
118632,654,75.9722
118632,655,76.7937
118632,656,76.7349
118632,657,76.7187
118632,658,77.2249
118632,661,76.5014
118632,662,77.6336
118632,663,77.0738
118632,664,75.8197
118632,665,75.8656
118632,668,77.0503
118632,669,77.4898
118632,670,78.045
118632,671,78.1138
118632,672,78.0491
118632,675,77.0327
118632,676,75.5519
118632,677,75.7218
118632,678,76.643
118632,679,76.9156
118632,682,77.3797
118632,683,78.5085
118632,684,78.7771
118632,685,78.7326
118632,686,78.2066
118632,689,79.6549
118632,690,80.067
118632,691,79.4444
118632,692,78.6687
118632,693,79.5839
118632,696,78.8998
118632,697,80.2417
118632,698,78.355
118632,699,79.3852
118632,700,79.7679
118632,703,79.8926
118632,704,79.8102
118632,705,81.1941
118632,706,81.7441
118632,707,81.1374
118632,710,79.9579
118632,711,80.1244
118632,712,80.165
118632,713,79.1384
118632,714,79.1406
118632,717,78.7816
118632,718,78.8287
118632,719,79.376
118632,720,80.4692
118632,721,81.1587
118632,724,80.6856
118632,725,80.9903
118632,726,81.0772
118632,727,80.1716
118632,728,80.4952
118632,731,81.8663
118632,732,81.932
118632,733,80.8298
118632,734,80.8931
118632,735,80.0732
118632,738,80.727
118632,739,81.1434
118632,740,81.063
118632,741,80.8683
118632,742,80.7587
118632,745,80.8063
118632,746,80.2992
118632,747,79.3634
118632,748,80.2057
118632,749,79.9748
118632,752,80.1341
118632,753,80.3774
118632,754,80.6476
118632,755,79.8582
118632,756,78.7272
118632,759,78.36
118632,760,78.6745
118632,761,78.2113
118632,762,78.0071
118632,763,79.5255
118632,766,78.282
118632,767,77.8026
118632,768,79.1558
118632,769,79.1655
118632,770,78.7147
118632,773,79.5713
118632,774,79.6511
118632,775,79.4478
118632,776,79.6238
118632,777,79.2038
118632,780,78.5368
118632,781,78.4986
118632,782,77.842
118632,783,77.8895
118632,784,78.1736
118632,787,78.8046
118632,788,79.6335
118632,789,79.39
118632,790,79.7816
118632,791,80.1702
118632,794,80.4438
118632,795,80.1457
118632,796,79.4633
118632,797,79.8571
118632,798,78.7046
118632,801,78.5594
118632,802,76.8496
118632,803,75.9884
118632,804,75.4417
118632,805,76.2143
118632,808,76.7177
118632,809,76.3833
118632,810,76.9158
118632,811,77.5603
118632,812,77.4905
118632,815,76.5896
118632,816,76.4888
118632,817,76.4622
118632,818,75.6746
118632,819,75.9592
118632,822,76.1861
118632,823,76.5252
118632,824,76.7533
118632,825,77.2888
118632,826,77.2064
118632,829,77.3839
118632,830,77.1527
118632,831,76.7956
118632,832,77.7475
118632,833,76.3981
118632,836,77.0308
118632,837,76.6499
118632,838,76.1839
118632,839,76.3992
118632,840,75.441
118632,843,74.9387
118632,844,74.418
118632,845,74.3112
118632,846,73.8241
118632,847,74.9126
118632,850,76.1485
118632,851,74.8412
118632,852,75.2402
118632,853,75.8512
118632,854,76.2547
118632,857,75.8525
118632,858,75.7284
118632,859,75.2691
118632,860,75.0294
118632,861,74.2713
118632,864,74.2345
118632,865,73.2949
118632,866,73.2034
118632,867,72.4391
118632,868,72.6088
118632,871,72.2123
118632,872,72.4349
118632,873,73.1669
118632,874,74.238
118632,875,72.6387
118632,878,72.1434
118632,879,71.988
118632,880,72.3181
118632,881,71.31
118632,882,70.7315
118632,885,70.8494
118632,886,70.939
118632,887,71.2124
118632,888,71.5285
118632,889,71.7794
118632,892,71.9392
118632,893,72.0117
118632,894,72.4725
118632,895,71.0919
118632,896,72.104
118632,899,70.7522
118632,900,70.1182
118632,901,70.0142
118632,902,70.4671
118632,903,68.6655
118632,906,68.6839
118632,907,69.2012
118632,908,69.8469
118632,909,69.4544
118632,910,69.3062
118632,913,68.9661
118632,914,68.7632
118632,915,68.1755
118632,916,67.6778
118632,917,67.9726
118632,920,68.0867
118632,921,68.4178
118632,922,68.5824
118632,923,69.0453
118632,924,69.6181
118632,927,68.5923
118632,928,68.1125
118632,929,68.0088
118632,930,68.0303
118632,931,67.6643
118632,934,68.2459
118632,935,69.4839
118632,936,69.634
118632,937,69.7218
118632,938,70.2823
118632,941,69.1709
118632,942,69.224
118632,943,69.8603
118632,944,69.501
118632,945,68.7888
118632,948,68.7116
118632,949,68.7102
118632,950,68.197
118632,951,69.5053
118632,952,69.2482
118632,955,68.5826
118632,956,68.5613
118632,957,69.1481
118632,958,69.1944
118632,959,69.5273
118632,962,69.0305
118632,963,69.9783
118632,964,70.3621
118632,965,71.0519
118632,966,71.3178
118632,969,71.8756
118632,970,71.3611
118632,971,71.0892
118632,972,71.9755
118632,973,73.0101
118632,976,72.3125
118632,977,72.5094
118632,978,72.2716
118632,979,71.8658
118632,980,72.0837
118632,983,72.8503
118632,984,73.1788
118632,985,73.0105
118632,986,73.3806
118632,987,73.1858
118632,990,73.4901
118632,991,74.4392
118632,992,73.1257
118632,993,73.6797
118632,994,72.7239
118632,997,73.5539
118632,998,73.1796
118632,999,72.4353
118632,1000,72.9184
118632,1001,73.1907
118632,1004,72.586
118632,1005,71.8254
118632,1006,71.7437
118632,1007,71.0225
118632,1008,70.397
118632,1011,70.5052
118632,1012,69.9433
118632,1013,70.2431
118632,1014,71.209
118632,1015,71.1525
118632,1018,71.271
118632,1019,72.5883
118632,1020,71.869
118632,1021,72.6655
118632,1022,73.3929
118632,1025,73.9861
118632,1026,74.8724
118632,1027,75.0966
118632,1028,74.7501
118632,1029,75.5141
118632,1032,76.3117
118632,1033,77.099
118632,1034,77.169
118632,1035,76.7227
118632,1036,76.892
118632,1039,77.5736
118632,1040,78.3179
118632,1041,78.062
118632,1042,78.3198
118632,1043,77.461
118632,1046,78.1771
118632,1047,77.6789
118632,1048,78.2591
118632,1049,77.5099
118632,1050,78.2585
118632,1053,78.5214
118632,1054,78.0224
118632,1055,78.5401
118632,1056,78.1726
118632,1057,78.7316
118632,1060,78.5821
118632,1061,77.4383
118632,1062,76.8099
118632,1063,76.5583
118632,1064,77.5277
118632,1067,78.1866
118632,1068,79.3553
118632,1069,80.5626
118632,1070,80.225
118632,1071,80.133
118632,1074,79.8841
118632,1075,79.4534
118632,1076,78.2138
118632,1077,78.244
118632,1078,77.4018
118632,1081,77.4184
118632,1082,78.9173
118632,1083,78.6041
118632,1084,78.7799
118632,1085,79.4533
118632,1088,79.691
118632,1089,79.9381
118632,1090,79.7241
118632,1091,79.6023
118632,1092,78.9719
118632,1095,79.6044
118632,1096,78.4316
118632,1097,79.147
118632,1098,78.2136
118632,1099,78.9211
118632,1102,78.7158
118632,1103,77.9055
118632,1104,78.3449
118632,1105,79.03
118632,1106,78.7659
118632,1109,79.309
118632,1110,77.7668
118632,1111,76.906
118632,1112,77.8277
118632,1113,77.7144
118632,1116,76.488
118632,1117,76.0572
118632,1118,75.4793
118632,1119,75.4078
118632,1120,75.2004
118632,1123,75.358
118632,1124,75.3508
118632,1125,76.2991
118632,1126,76.6249
118632,1127,76.9745
118632,1130,77.8096
118632,1131,77.5833
118632,1132,76.7643
118632,1133,77.6258
118632,1134,77.759
118632,1137,77.8948
118632,1138,77.5009
118632,1139,77.1202
118632,1140,77.7383
118632,1141,78.4568
118632,1144,79.0418
118632,1145,79.6375
118632,1146,80.0795
118632,1147,80.2138
118632,1148,80.1312
118632,1151,81.0329
118632,1152,80.8079
118632,1153,81.1138
118632,1154,80.5823
118632,1155,80.1564
118632,1158,80.0309
118632,1159,79.5065
118632,1160,80.1093
118632,1161,79.2034
118632,1162,79.3136
118632,1165,79.4473
118632,1166,78.229
118632,1167,77.9655
118632,1168,78.1819
118632,1169,78.5185
118632,1172,78.4176
118632,1173,78.9278
118632,1174,78.8925
118632,1175,78.9427
118632,1176,79.1589
118632,1179,79.8499
118632,1180,79.4164
118632,1181,79.117
118632,1182,78.6922
118632,1183,78.5025
118632,1186,79.5372
118632,1187,79.9812
118632,1188,79.2282
118632,1189,78.8504
118632,1190,79.1509
118632,1193,78.5611
118632,1194,78.1005
118632,1195,79.0732
118632,1196,78.6871
118632,1197,79.3934
118632,1200,80.3187
118632,1201,79.842
118632,1202,79.2586
118632,1203,79.1067
118632,1204,78.3912
118632,1207,78.5154
118632,1208,78.4136
118632,1209,78.704
118632,1210,79.7207
118632,1211,80.339
118632,1214,80.728
118632,1215,79.3812
118632,1216,79.7334
118632,1217,80.9957
118632,1218,78.9142
118632,1221,79.4365
118632,1222,79.3658
118632,1223,78.8139
118632,1224,79.4137
118632,1225,80.6618
118632,1228,81.257
118632,1229,81.0332
118632,1230,80.4033
118632,1231,80.5474
118632,1232,81.212
118632,1235,80.977
118632,1236,80.8116
118632,1237,82.8908
118632,1238,83.7262
118632,1239,84.6234
118632,1242,83.5837
118632,1243,83.1069
118632,1244,83.2046
118632,1245,82.5157
118632,1246,83.7318
118632,1249,84.8235
118632,1250,84.4689
118632,1251,85.8526
118632,1252,85.8937
118632,1253,87.9231
118632,1256,88.0808
118632,1257,88.5752
118632,1258,89.7218
118632,1259,90.7853
118632,1260,91.2421
118632,1263,91.1757
118632,1264,91.6373
118632,1265,91.027
118632,1266,91.1962
118632,1267,90.355
118632,1270,88.9929
118632,1271,89.0784
118632,1272,90.1221
118632,1273,90.9078
118632,1274,90.889
118632,1277,92.3478
118632,1278,91.9329
118632,1279,90.4377
118632,1280,88.7597
118632,1281,87.8852
118632,1284,88.5661
118632,1285,88.1171
118632,1286,88.5217
118632,1287,89.8627
118632,1288,89.041
118632,1291,89.4637
118632,1292,89.9363
118632,1293,89.3022
118632,1294,90.4218
118632,1295,90.2392
118632,1298,89.9807
118632,1299,91.7194
118632,1300,92.1908
118632,1301,92.9941
118632,1302,94.1606
118632,1305,93.6702
118632,1306,94.7573
118632,1307,94.3875
118632,1308,93.9837
118632,1309,93.8069
118632,1312,93.3418
118632,1313,94.0696
118632,1314,94.3402
118632,1315,93.9808
118632,1316,94.5903
118632,1319,94.4097
118632,1320,94.1855
118632,1321,94.2746
118632,1322,94.7096
118632,1323,95.0848
118632,1326,94.8296
118632,1327,95.59
118632,1328,95.4519
118632,1329,94.9511
118632,1330,93.7781
118632,1333,94.6436
118632,1334,94.7028
118632,1335,94.928
118632,1336,95.857
118632,1337,95.5035
118632,1340,94.4016
118632,1341,94.5085
118632,1342,94.8144
118632,1343,94.6437
118632,1344,95.9313
118632,1347,93.8992
118632,1348,94.8803
118632,1349,95.5939
118632,1350,96.0293
118632,1351,93.2934
118632,1354,94.4044
118632,1355,93.602
118632,1356,93.2319
118632,1357,93.1398
118632,1358,93.5233
118632,1361,94.1007
118632,1362,94.8935
118632,1363,95.6281
118632,1364,95.8911
118632,1365,96.2931
118632,1368,95.4205
118632,1369,94.8395
118632,1370,95.6407
118632,1371,96.3992
118632,1372,97.0666
118632,1375,96.6771
118632,1376,97.5068
118632,1377,96.5631
118632,1378,97.5353
118632,1379,97.3613
118632,1382,98.8692
118632,1383,97.6018
118632,1384,99.1827
118632,1385,98.9181
118632,1386,98.6384
118632,1389,98.8591
118632,1390,98.3039
118632,1391,98.2919
118632,1392,97.7049
118632,1393,97.1528
118632,1396,97.6212
118632,1397,96.8981
118632,1398,96.2935
118632,1399,95.1838
118632,1400,94.8106
118632,1403,95.9632
118632,1404,95.2991
118632,1405,94.735
118632,1406,94.9461
118632,1407,94.685
118632,1410,96.6138
118632,1411,96.5252
118632,1412,96.8609
118632,1413,97.7209
118632,1414,98.5718
118632,1417,98.8258
118632,1418,98.7364
118632,1419,100.5665
118632,1420,100.5299
118632,1421,100.1908
118632,1424,99.6731
118632,1425,98.2174
118632,1426,98.9827
118632,1427,97.0041
118632,1428,97.0492
118632,1431,96.924
118632,1432,98.9088
118632,1433,97.3741
118632,1434,96.6532
118632,1435,96.587
118632,1438,96.4687
118632,1439,96.0518
118632,1440,96.0328
118632,1441,95.0209
118632,1442,95.3699
118632,1445,93.4854
118632,1446,93.5124
118632,1447,93.0666
118632,1448,93.9529
118632,1449,95.4679
118632,1452,95.2387
118632,1453,96.4637
118632,1454,96.2448
118632,1455,95.4775
118632,1456,97.009
118632,1459,97.5059
118632,1460,97.56
118632,1461,98.2037
118632,1462,98.4923
118632,1463,98.483
118632,1466,97.3878
118632,1467,97.2059
118632,1468,97.7921
118632,1469,97.7367
118632,1470,98.5684
118632,1473,98.9535
118632,1474,98.2408
118632,1475,97.1546
118632,1476,97.0701
118632,1477,96.6722
118632,1480,97.0094
118632,1481,96.4466
118632,1482,95.9741
118632,1483,96.9196
118632,1484,97.0964
118632,1487,96.5463
118632,1488,96.6112
118632,1489,97.8437
118632,1490,98.1481
118632,1491,98.7136
118632,1494,98.1115
118632,1495,99.0548
118632,1496,101.1528
118632,1497,100.5011
118632,1498,99.5103
118632,1501,99.7159
118632,1502,100.5406
118632,1503,100.5115
118632,1504,99.6336
118632,1505,99.5896
118632,1508,100.1679
118632,1509,99.8605
118632,1510,100.4486
118632,1511,101.538
118632,1512,101.8059
118632,1515,101.8333
118632,1516,102.6338
118632,1517,101.9144
118632,1518,101.112
118632,1519,100.9267
118632,1522,100.5417
118632,1523,99.8834
118632,1524,101.5613
118632,1525,103.5789
118632,1526,103.3095
118632,1529,103.4465
118632,1530,103.3286
118632,1531,104.3966
118632,1532,105.6601
118632,1533,104.0706
118632,1536,104.5623
118632,1537,103.4175
118632,1538,105.0878
118632,1539,105.5511
118632,1540,104.8415
118632,1543,104.6726
118632,1544,104.46
118632,1545,104.9991
118632,1546,106.023
118632,1547,105.009
118632,1550,106.7808
118632,1551,108.3595
118632,1552,107.5817
118632,1553,107.7064
118632,1554,109.4002
118632,1557,110.6533
118632,1558,110.3821
118632,1559,111.235
118632,1560,114.2734
118632,1561,114.4385
118632,1564,113.8605
118632,1565,114.0926
118632,1566,114.4
118632,1567,113.9307
118632,1568,114.4343
118632,1571,113.2338
118632,1572,112.6292
118632,1573,113.4434
118632,1574,111.7588
118632,1575,112.7107
118632,1578,110.7855
118632,1579,109.1631
118632,1580,108.7398
118632,1581,109.0715
118632,1582,110.4108
118632,1585,110.5239
118632,1586,110.3407
118632,1587,110.9634
118632,1588,110.1712
118632,1589,110.3637
118632,1592,109.2587
118632,1593,109.3948
118632,1594,109.326
118632,1595,108.6093
118632,1596,108.8236
118632,1599,109.0321
118632,1600,110.2251
118632,1601,108.7314
118632,1602,108.7145
118632,1603,108.0438
118632,1606,108.9319
118632,1607,109.7152
118632,1608,110.2646
118632,1609,109.6388
118632,1610,110.5554
118633,3,47.1836
118633,4,46.491
118633,5,45.9945
118633,6,46.0047
118633,7,46.3033
118633,10,45.1271
118633,11,45.6802
118633,12,45.7566
118633,13,45.1516
118633,14,45.2152
118633,17,45.6765
118633,18,45.9423
118633,19,46.4137
118633,20,45.8815
118633,21,45.7378
118633,24,45.3898
118633,25,46.1063
118633,26,46.391
118633,27,47.5951
118633,28,47.4236
118633,31,47.1458
118633,32,47.1108
118633,33,47.7116
118633,34,47.5823
118633,35,47.6591
118633,38,47.7244
118633,39,47.7657
118633,40,47.5161
118633,41,47.4831
118633,42,47.4322
118633,45,47.4535
118633,46,47.8747
118633,47,48.649
118633,48,48.3147
118633,49,48.1728
118633,52,47.8482
118633,53,47.952
118633,54,47.7495
118633,55,47.8752
118633,56,48.3684
118633,59,47.3273
118633,60,47.5576
118633,61,47.3894
118633,62,47.6067
118633,63,47.2562
118633,66,47.7821
118633,67,48.1933
118633,68,48.4605
118633,69,48.8259
118633,70,48.5309
118633,73,48.2913
118633,74,48.6379
118633,75,48.3346
118633,76,48.9801
118633,77,48.8657
118633,80,49.1078
118633,81,50.0512
118633,82,49.7661
118633,83,49.822
118633,84,50.3133
118633,87,50.7634
118633,88,50.643
118633,89,50.4387
118633,90,50.3611
118633,91,51.0346
118633,94,50.9354
118633,95,50.9968
118633,96,50.8314
118633,97,51.1751
118633,98,51.2718
118633,101,50.8463
118633,102,50.4397
118633,103,49.584
118633,104,49.2472
118633,105,49.6188
118633,108,50.2274
118633,109,50.5581
118633,110,50.8322
118633,111,50.8017
118633,112,51.1765
118633,115,51.3323
118633,116,52.1827
118633,117,52.1643
118633,118,52.813
118633,119,53.2492
118633,122,53.6234
118633,123,52.7077
118633,124,53.1688
118633,125,53.1364
118633,126,52.9561
118633,129,52.295
118633,130,52.3194
118633,131,52.3619
118633,132,51.7904
118633,133,51.1482
118633,136,51.3947
118633,137,51.818
118633,138,51.9318
118633,139,52.4887
118633,140,52.4758
118633,143,52.4777
118633,144,52.0818
118633,145,51.3966
118633,146,52.2712
118633,147,52.8225
118633,150,52.2047
118633,151,52.3034
118633,152,52.2843
118633,153,52.185
118633,154,52.0239
118633,157,52.2261
118633,158,52.6314
118633,159,52.8458
118633,160,52.8169
118633,161,52.7709
118633,164,53.2362
118633,165,53.4818
118633,166,53.5437
118633,167,53.5544
118633,168,53.7454
118633,171,53.5515
118633,172,53.9687
118633,173,53.4867
118633,174,53.3205
118633,175,53.6363
118633,178,53.1304
118633,179,52.4255
118633,180,52.4818
118633,181,51.7291
118633,182,51.1663
118633,185,51.5355
118633,186,51.469
118633,187,52.0827
118633,188,51.5588
118633,189,51.5427
118633,192,51.7513
118633,193,51.2463
118633,194,51.7414
118633,195,52.0018
118633,196,51.2954
118633,199,51.3048
118633,200,51.5063
118633,201,51.2654
118633,202,50.6268
118633,203,50.7774
118633,206,51.8041
118633,207,51.6542
118633,208,52.4011
118633,209,52.0815
118633,210,52.2075
118633,213,52.591
118633,214,52.6143
118633,215,52.5034
118633,216,52.868
118633,217,53.785
118633,220,53.9556
118633,221,53.7383
118633,222,53.6761
118633,223,54.9106
118633,224,55.0043
118633,227,54.7449
118633,228,54.2229
118633,229,53.3842
118633,230,53.5833
118633,231,53.9214
118633,234,53.7608
118633,235,53.7814
118633,236,53.2566
118633,237,53.3466
118633,238,53.6012
118633,241,53.3764
118633,242,54.206
118633,243,53.8351
118633,244,53.9977
118633,245,54.4313
118633,248,54.4223
118633,249,54.3599
118633,250,53.7069
118633,251,54.3817
118633,252,54.3283
118633,255,54.6146
118633,256,54.9679
118633,257,54.6924
118633,258,54.6253
118633,259,55.3005
118633,262,54.7866
118633,263,55.8533
118633,264,55.5162
118633,265,54.97
118633,266,55.0626
118633,269,56.1745
118633,270,55.2642
118633,271,55.224
118633,272,55.4851
118633,273,55.5302
118633,276,55.7463
118633,277,55.423
118633,278,55.159
118633,279,55.1153
118633,280,54.597
118633,283,54.6036
118633,284,54.4448
118633,285,54.2476
118633,286,54.4292
118633,287,53.5899
118633,290,53.5093
118633,291,54.6423
118633,292,54.1494
118633,293,54.795
118633,294,54.8497
118633,297,54.587
118633,298,53.9827
118633,299,54.0772
118633,300,54.803
118633,301,54.6434
118633,304,54.6326
118633,305,55.15
118633,306,55.3446
118633,307,54.6107
118633,308,54.6865
118633,311,55.4493
118633,312,55.4599
118633,313,54.163
118633,314,54.3768
118633,315,54.3097
118633,318,53.4682
118633,319,52.7094
118633,320,53.1921
118633,321,52.8769
118633,322,52.4825
118633,325,52.4931
118633,326,52.2226
118633,327,52.2957
118633,328,52.2292
118633,329,51.706
118633,332,51.5
118633,333,51.7282
118633,334,51.774
118633,335,51.7633
118633,336,52.6825
118633,339,53.0506
118633,340,53.4785
118633,341,53.4279
118633,342,53.5593
118633,343,53.3836
118633,346,53.7787
118633,347,53.7541
118633,348,53.8874
118633,349,53.9916
118633,350,54.0108
118633,353,55.4572
118633,354,55.1606
118633,355,54.8612
118633,356,55.2265
118633,357,54.9657
118633,360,54.853
118633,361,54.3579
118633,362,54.6223
118633,363,54.894
118633,364,54.7699
118633,367,55.1447
118633,368,54.2764
118633,369,53.9669
118633,370,53.9139
118633,371,53.3869
118633,374,52.597
118633,375,52.4815
118633,376,52.8309
118633,377,53.4592
118633,378,53.2293
118633,381,53.6022
118633,382,53.9318
118633,383,54.5427
118633,384,54.4025
118633,385,53.5741
118633,388,53.6349
118633,389,53.1849
118633,390,52.8739
118633,391,52.7609
118633,392,52.6306
118633,395,52.7235
118633,396,53.0788
118633,397,52.9343
118633,398,53.1467
118633,399,53.1811
118633,402,53.6493
118633,403,53.5878
118633,404,53.5782
118633,405,53.4291
118633,406,53.3802
118633,409,53.04
118633,410,52.6559
118633,411,53.0448
118633,412,52.5676
118633,413,52.4469
118633,416,52.9459
118633,417,52.8087
118633,418,53.2236
118633,419,52.9742
118633,420,52.5124
118633,423,51.8057
118633,424,52.436
118633,425,51.9397
118633,426,52.3101
118633,427,51.8775
118633,430,52.5109
118633,431,53.5705
118633,432,52.8068
118633,433,52.331
118633,434,52.7162
118633,437,52.9826
118633,438,53.3744
118633,439,53.1324
118633,440,54.0999
118633,441,54.1842
118633,444,53.6334
118633,445,53.5414
118633,446,53.0034
118633,447,53.7801
118633,448,53.4954
118633,451,53.756
118633,452,53.5609
118633,453,53.2985
118633,454,52.4352
118633,455,52.7397
118633,458,53.375
118633,459,52.9729
118633,460,52.2829
118633,461,52.6817
118633,462,51.9492
118633,465,52.538
118633,466,52.1476
118633,467,51.6693
118633,468,51.8093
118633,469,51.3636
118633,472,51.0707
118633,473,51.2568
118633,474,50.1963
118633,475,50.9549
118633,476,51.0009
118633,479,50.4486
118633,480,50.0239
118633,481,50.4893
118633,482,50.7838
118633,483,51.4353
118633,486,51.1529
118633,487,51.3133
118633,488,51.5333
118633,489,51.877
118633,490,52.4224
118633,493,52.1187
118633,494,52.0931
118633,495,51.8403
118633,496,51.843
118633,497,52.1902
118633,500,51.461
118633,501,51.9937
118633,502,51.5005
118633,503,51.3876
118633,504,51.9813
118633,507,52.1588
118633,508,52.3422
118633,509,51.8267
118633,510,51.3782
118633,511,51.8332
118633,514,51.5912
118633,515,51.393
118633,516,51.8585
118633,517,51.4071
118633,518,51.5559
118633,521,51.602
118633,522,51.6274
118633,523,51.4184
118633,524,51.1826
118633,525,50.7243
118633,528,50.9669
118633,529,50.6936
118633,530,51.155
118633,531,51.0801
118633,532,50.6316
118633,535,50.5516
118633,536,50.3948
118633,537,50.8715
118633,538,50.7324
118633,539,50.6351
118633,542,51.2958
118633,543,51.5528
118633,544,52.3413
118633,545,52.9531
118633,546,52.5675
118633,549,53.0558
118633,550,53.8021
118633,551,54.5625
118633,552,55.0684
118633,553,55.569
118633,556,55.4494
118633,557,55.0699
118633,558,54.9274
118633,559,54.1548
118633,560,54.8282
118633,563,54.7196
118633,564,55.3749
118633,565,54.805
118633,566,55.3593
118633,567,55.1467
118633,570,54.5537
118633,571,55.3707
118633,572,55.9429
118633,573,56.0764
118633,574,56.1222
118633,577,56.3692
118633,578,56.4952
118633,579,56.1308
118633,580,55.956
118633,581,56.9614
118633,584,58.3498
118633,585,59.19
118633,586,59.4709
118633,587,59.3246
118633,588,58.9388
118633,591,58.5896
118633,592,58.3345
118633,593,59.4825
118633,594,60.4688
118633,595,60.8995
118633,598,60.4169
118633,599,60.9261
118633,600,60.8294
118633,601,59.716
118633,602,59.8983
118633,605,59.4859
118633,606,59.094
118633,607,58.994
118633,608,58.7656
118633,609,58.7782
118633,612,58.7659
118633,613,57.8315
118633,614,58.6424
118633,615,58.166
118633,616,57.7092
118633,619,57.5719
118633,620,57.5466
118633,621,58.322
118633,622,58.4909
118633,623,58.8141
118633,626,58.9871
118633,627,59.1382
118633,628,59.3305
118633,629,58.3579
118633,630,58.2595
118633,633,58.8901
118633,634,61.005
118633,635,60.3917
118633,636,60.6487
118633,637,60.3752
118633,640,61.5071
118633,641,60.8085
118633,642,61.1761
118633,643,60.4527
118633,644,60.3142
118633,647,60.3271
118633,648,60.9303
118633,649,60.3854
118633,650,60.7711
118633,651,60.8125
118633,654,60.9904
118633,655,61.5398
118633,656,60.8791
118633,657,61.3475
118633,658,61.0719
118633,661,61.6969
118633,662,61.9111
118633,663,61.8287
118633,664,61.5395
118633,665,62.02
118633,668,62.7459
118633,669,62.4839
118633,670,61.8946
118633,671,62.3069
118633,672,61.5477
118633,675,60.8745
118633,676,60.3378
118633,677,60.1481
118633,678,59.4741
118633,679,58.496
118633,682,57.943
118633,683,58.3024
118633,684,57.682
118633,685,57.5388
118633,686,58.5654
118633,689,58.5702
118633,690,58.7777
118633,691,58.3194
118633,692,59.4735
118633,693,59.2208
118633,696,59.1323
118633,697,59.854
118633,698,59.789
118633,699,59.8451
118633,700,59.7274
118633,703,59.6136
118633,704,59.8396
118633,705,60.1631
118633,706,59.8536
118633,707,59.4813
118633,710,59.1931
118633,711,58.4963
118633,712,57.7113
118633,713,57.8926
118633,714,58.4039
118633,717,58.8847
118633,718,57.6903
118633,719,57.5955
118633,720,57.0678
118633,721,57.1697
118633,724,56.9888
118633,725,57.3167
118633,726,57.3366
118633,727,56.4149
118633,728,55.9646
118633,731,55.9964
118633,732,56.0698
118633,733,55.4076
118633,734,54.6901
118633,735,54.7454
118633,738,54.0998
118633,739,53.337
118633,740,53.1555
118633,741,52.9543
118633,742,52.5728
118633,745,52.2744
118633,746,52.3078
118633,747,52.0034
118633,748,52.0627
118633,749,51.9151
118633,752,52.0187
118633,753,52.4503
118633,754,52.8672
118633,755,53.4988
118633,756,53.9235
118633,759,54.065
118633,760,53.8865
118633,761,53.7303
118633,762,53.3434
118633,763,53.3731
118633,766,53.7301
118633,767,53.4149
118633,768,53.4249
118633,769,53.1341
118633,770,53.2597
118633,773,53.0297
118633,774,52.7121
118633,775,52.424
118633,776,52.6844
118633,777,52.6666
118633,780,52.4951
118633,781,52.6434
118633,782,52.4784
118633,783,53.0297
118633,784,52.6033
118633,787,52.5437
118633,788,51.9236
118633,789,51.7917
118633,790,51.0565
118633,791,51.4202
118633,794,51.7957
118633,795,52.182
118633,796,52.2222
118633,797,51.8453
118633,798,51.5072
118633,801,52.234
118633,802,52.9268
118633,803,53.0114
118633,804,52.7981
118633,805,53.4668
118633,808,53.1678
118633,809,53.3027
118633,810,53.9698
118633,811,53.6009
118633,812,54.0222
118633,815,54.2987
118633,816,54.3078
118633,817,53.8619
118633,818,53.5465
118633,819,53.711
118633,822,53.0684
118633,823,53.1571
118633,824,53.4389
118633,825,53.933
118633,826,53.2995
118633,829,53.9496
118633,830,54.7906
118633,831,55.0175
118633,832,54.5443
118633,833,54.4147
118633,836,54.4199
118633,837,54.5781
118633,838,54.6168
118633,839,54.7807
118633,840,54.7651
118633,843,54.9216
118633,844,54.7272
118633,845,54.5924
118633,846,54.3438
118633,847,55.299
118633,850,56.0465
118633,851,56.3507
118633,852,57.0426
118633,853,57.4753
118633,854,57.597
118633,857,56.8666
118633,858,56.7645
118633,859,56.6263
118633,860,56.0922
118633,861,55.3903
118633,864,55.6603
118633,865,55.8486
118633,866,55.3051
118633,867,54.9708
118633,868,55.5653
118633,871,55.1653
118633,872,55.277
118633,873,55.213
118633,874,55.4888
118633,875,55.0998
118633,878,55.1721
118633,879,55.2827
118633,880,55.4237
118633,881,55.4909
118633,882,55.6886
118633,885,56.8048
118633,886,58.1325
118633,887,57.8355
118633,888,56.6943
118633,889,57.0223
118633,892,57.1455
118633,893,57.7125
118633,894,57.8875
118633,895,57.9473
118633,896,58.5573
118633,899,59.2468
118633,900,58.5569
118633,901,58.1667
118633,902,58.1426
118633,903,58.2231
118633,906,58.1372
118633,907,58.3903
118633,908,58.9359
118633,909,59.8691
118633,910,60.2066
118633,913,59.7865
118633,914,59.7397
118633,915,59.7308
118633,916,60.0335
118633,917,60.2704
118633,920,61.4019
118633,921,61.184
118633,922,61.4236
118633,923,62.7449
118633,924,62.4541
118633,927,62.5664
118633,928,62.0792
118633,929,62.1562
118633,930,61.7618
118633,931,62.3668
118633,934,62.4801
118633,935,61.9988
118633,936,62.4923
118633,937,62.6237
118633,938,63.1848
118633,941,62.5808
118633,942,62.817
118633,943,63.2796
118633,944,63.0763
118633,945,62.412
118633,948,62.4213
118633,949,63.1336
118633,950,63.7965
118633,951,63.5887
118633,952,62.9057
118633,955,62.6992
118633,956,62.4729
118633,957,62.7518
118633,958,62.726
118633,959,62.3429
118633,962,62.9855
118633,963,63.0961
118633,964,63.3715
118633,965,62.4469
118633,966,61.1575
118633,969,60.4182
118633,970,60.1938
118633,971,60.5317
118633,972,59.3248
118633,973,60.1951
118633,976,60.3168
118633,977,61.0762
118633,978,60.6322
118633,979,60.9336
118633,980,61.0109
118633,983,61.4841
118633,984,61.3892
118633,985,61.6777
118633,986,62.3123
118633,987,61.9874
118633,990,62.1521
118633,991,61.1574
118633,992,61.5692
118633,993,62.6721
118633,994,62.02
118633,997,62.002
118633,998,62.5176
118633,999,62.5672
118633,1000,62.6907
118633,1001,62.5071
118633,1004,62.3037
118633,1005,62.2882
118633,1006,62.3432
118633,1007,61.7289
118633,1008,61.7248
118633,1011,62.6169
118633,1012,62.418
118633,1013,61.7725
118633,1014,61.7219
118633,1015,61.3658
118633,1018,60.677
118633,1019,60.7829
118633,1020,60.4345
118633,1021,60.1335
118633,1022,60.246
118633,1025,59.4675
118633,1026,58.5913
118633,1027,58.9694
118633,1028,58.0037
118633,1029,57.5359
118633,1032,56.6591
118633,1033,56.4458
118633,1034,56.6885
118633,1035,56.774
118633,1036,58.0142
118633,1039,58.6032
118633,1040,58.1539
118633,1041,57.5729
118633,1042,58.9942
118633,1043,59.5804
118633,1046,59.9218
118633,1047,59.9923
118633,1048,60.1682
118633,1049,59.4175
118633,1050,59.5306
118633,1053,59.5987
118633,1054,59.1559
118633,1055,58.906
118633,1056,59.7292
118633,1057,59.6941
118633,1060,60.8258
118633,1061,59.9301
118633,1062,59.6856
118633,1063,58.907
118633,1064,58.3121
118633,1067,57.9176
118633,1068,58.1089
118633,1069,58.2759
118633,1070,57.9577
118633,1071,56.8594
118633,1074,57.635
118633,1075,57.5196
118633,1076,56.9855
118633,1077,57.1533
118633,1078,57.286
118633,1081,57.1526
118633,1082,57.2571
118633,1083,56.7061
118633,1084,57.1168
118633,1085,56.6461
118633,1088,56.3734
118633,1089,56.7262
118633,1090,57.3613
118633,1091,58.1992
118633,1092,58.7739
118633,1095,58.6364
118633,1096,57.8747
118633,1097,58.6266
118633,1098,59.3702
118633,1099,59.0499
118633,1102,59.5623
118633,1103,59.4187
118633,1104,60.2417
118633,1105,59.9997
118633,1106,61.0874
118633,1109,61.5441
118633,1110,62.5598
118633,1111,62.3366
118633,1112,62.5919
118633,1113,62.0912
118633,1116,62.5874
118633,1117,63.1181
118633,1118,64.4999
118633,1119,64.8081
118633,1120,65.2569
118633,1123,65.0201
118633,1124,65.365
118633,1125,65.18
118633,1126,65.2803
118633,1127,65.4145
118633,1130,65.2453
118633,1131,65.3152
118633,1132,65.133
118633,1133,64.9487
118633,1134,65.6022
118633,1137,65.7376
118633,1138,65.9732
118633,1139,65.1643
118633,1140,65.4419
118633,1141,65.7826
118633,1144,65.5858
118633,1145,66.8374
118633,1146,65.5354
118633,1147,66.0243
118633,1148,66.475
118633,1151,66.8277
118633,1152,66.9662
118633,1153,67.3269
118633,1154,67.8794
118633,1155,67.481
118633,1158,67.6942
118633,1159,67.6198
118633,1160,67.0052
118633,1161,67.4651
118633,1162,67.1648
118633,1165,66.3176
118633,1166,66.0371
118633,1167,65.6073
118633,1168,66.2393
118633,1169,66.363
118633,1172,67.2117
118633,1173,66.8522
118633,1174,67.4044
118633,1175,69.1494
118633,1176,69.4026
118633,1179,69.9681
118633,1180,70.4337
118633,1181,69.5918
118633,1182,69.9883
118633,1183,70.214
118633,1186,70.0895
118633,1187,69.581
118633,1188,70.0443
118633,1189,69.482
118633,1190,70.8384
118633,1193,70.9463
118633,1194,70.2212
118633,1195,69.9397
118633,1196,69.8044
118633,1197,71.3422
118633,1200,70.8243
118633,1201,70.7883
118633,1202,70.4897
118633,1203,70.8372
118633,1204,70.5483
118633,1207,69.8792
118633,1208,69.795
118633,1209,69.6469
118633,1210,69.3198
118633,1211,69.0268
118633,1214,69.7877
118633,1215,69.6271
118633,1216,68.9698
118633,1217,68.7247
118633,1218,68.7931
118633,1221,68.0222
118633,1222,69.0403
118633,1223,69.6065
118633,1224,70.5263
118633,1225,70.8072
118633,1228,69.5476
118633,1229,70.5321
118633,1230,70.0331
118633,1231,69.5875
118633,1232,69.7195
118633,1235,70.6085
118633,1236,71.3042
118633,1237,71.9135
118633,1238,71.753
118633,1239,71.5829
118633,1242,71.8387
118633,1243,71.7934
118633,1244,72.396
118633,1245,72.9656
118633,1246,73.385
118633,1249,71.8053
118633,1250,71.9235
118633,1251,71.8915
118633,1252,72.0353
118633,1253,71.5946
118633,1256,70.7995
118633,1257,71.1259
118633,1258,70.9394
118633,1259,71.3366
118633,1260,70.9524
118633,1263,71.881
118633,1264,72.5558
118633,1265,72.7836
118633,1266,72.6843
118633,1267,73.2705
118633,1270,73.5626
118633,1271,73.7555
118633,1272,74.4754
118633,1273,75.4572
118633,1274,74.6669
118633,1277,74.0166
118633,1278,73.5469
118633,1279,72.6163
118633,1280,72.6136
118633,1281,73.0366
118633,1284,73.0604
118633,1285,72.7546
118633,1286,73.5189
118633,1287,73.6481
118633,1288,73.9093
118633,1291,74.704
118633,1292,74.6614
118633,1293,76.0696
118633,1294,75.8088
118633,1295,77.1963
118633,1298,76.575
118633,1299,76.965
118633,1300,76.5696
118633,1301,77.3692
118633,1302,77.0834
118633,1305,77.3212
118633,1306,76.9186
118633,1307,77.597
118633,1308,77.1893
118633,1309,78.3843
118633,1312,77.7389
118633,1313,76.8614
118633,1314,77.5491
118633,1315,77.1854
118633,1316,77.2203
118633,1319,77.0408
118633,1320,76.1935
118633,1321,76.181
118633,1322,77.0754
118633,1323,77.8004
118633,1326,77.9998
118633,1327,78.8094
118633,1328,78.1167
118633,1329,77.933
118633,1330,78.2458
118633,1333,78.1962
118633,1334,78.0665
118633,1335,77.2841
118633,1336,75.9176
118633,1337,76.5066
118633,1340,76.7104
118633,1341,77.363
118633,1342,77.105
118633,1343,76.6614
118633,1344,76.7054
118633,1347,77.3253
118633,1348,77.2074
118633,1349,77.7954
118633,1350,77.1478
118633,1351,77.0778
118633,1354,77.0699
118633,1355,77.9482
118633,1356,78.1314
118633,1357,79.3848
118633,1358,78.4873
118633,1361,78.6178
118633,1362,78.7829
118633,1363,79.2558
118633,1364,78.73
118633,1365,79.9495
118633,1368,79.9999
118633,1369,79.2775
118633,1370,79.3072
118633,1371,79.1293
118633,1372,81.1374
118633,1375,81.9345
118633,1376,82.0127
118633,1377,81.974
118633,1378,82.7071
118633,1379,83.482
118633,1382,81.4077
118633,1383,81.9129
118633,1384,81.9753
118633,1385,81.0747
118633,1386,81.7487
118633,1389,83.4273
118633,1390,83.8812
118633,1391,84.7429
118633,1392,86.1465
118633,1393,85.5621
118633,1396,84.2153
118633,1397,84.7483
118633,1398,84.607
118633,1399,83.631
118633,1400,83.6165
118633,1403,84.1981
118633,1404,84.131
118633,1405,83.5923
118633,1406,83.4708
118633,1407,83.4995
118633,1410,82.133
118633,1411,82.072
118633,1412,81.1465
118633,1413,81.6616
118633,1414,80.5867
118633,1417,81.3516
118633,1418,81.1004
118633,1419,80.7546
118633,1420,81.0063
118633,1421,80.4315
118633,1424,80.6711
118633,1425,80.1932
118633,1426,79.8416
118633,1427,80.1689
118633,1428,79.4089
118633,1431,78.5689
118633,1432,78.7817
118633,1433,78.8037
118633,1434,78.9617
118633,1435,79.2311
118633,1438,79.3121
118633,1439,79.7797
118633,1440,79.8895
118633,1441,78.5282
118633,1442,77.3668
118633,1445,78.7342
118633,1446,78.7748
118633,1447,79.4788
118633,1448,79.2777
118633,1449,79.278
118633,1452,79.0024
118633,1453,80.781
118633,1454,81.0034
118633,1455,80.6638
118633,1456,79.5385
118633,1459,80.9769
118633,1460,80.9021
118633,1461,81.4768
118633,1462,82.1366
118633,1463,81.8442
118633,1466,82.3735
118633,1467,81.9781
118633,1468,81.3071
118633,1469,82.1888
118633,1470,82.1165
118633,1473,82.5355
118633,1474,82.8779
118633,1475,83.3885
118633,1476,82.294
118633,1477,81.9126
118633,1480,81.7207
118633,1481,81.1655
118633,1482,81.5152
118633,1483,82.4154
118633,1484,83.442
118633,1487,83.2357
118633,1488,83.4933
118633,1489,83.8654
118633,1490,84.3696
118633,1491,83.762
118633,1494,85.1616
118633,1495,85.9047
118633,1496,86.6741
118633,1497,87.6442
118633,1498,88.1034
118633,1501,87.3539
118633,1502,87.2919
118633,1503,86.0744
118633,1504,86.4347
118633,1505,86.3503
118633,1508,86.364
118633,1509,87.331
118633,1510,87.0246
118633,1511,86.8761
118633,1512,86.9378
118633,1515,85.5825
118633,1516,85.426
118633,1517,83.6168
118633,1518,83.229
118633,1519,83.9024
118633,1522,84.2775
118633,1523,83.8798
118633,1524,83.9532
118633,1525,83.204
118633,1526,83.2452
118633,1529,85.4686
118633,1530,86.9161
118633,1531,87.0014
118633,1532,87.1693
118633,1533,86.4641
118633,1536,85.8991
118633,1537,86.2184
118633,1538,85.8645
118633,1539,86.5966
118633,1540,87.849
118633,1543,88.1525
118633,1544,88.2772
118633,1545,87.0232
118633,1546,87.6441
118633,1547,86.8093
118633,1550,86.5345
118633,1551,87.3149
118633,1552,88.157
118633,1553,87.8403
118633,1554,87.5693
118633,1557,87.0758
118633,1558,86.2052
118633,1559,85.7682
118633,1560,84.6003
118633,1561,85.1553
118633,1564,85.4962
118633,1565,85.9643
118633,1566,85.2877
118633,1567,84.4371
118633,1568,84.5205
118633,1571,84.612
118633,1572,84.5458
118633,1573,84.3737
118633,1574,85.7006
118633,1575,86.0675
118633,1578,87.6216
118633,1579,88.6535
118633,1580,90.0417
118633,1581,89.2385
118633,1582,89.7528
118633,1585,89.4579
118633,1586,88.2006
118633,1587,89.4181
118633,1588,89.2328
118633,1589,88.452
118633,1592,88.1746
118633,1593,87.6028
118633,1594,87.1135
118633,1595,86.9882
118633,1596,88.3718
118633,1599,87.8994
118633,1600,89.2411
118633,1601,89.9581
118633,1602,90.3196
118633,1603,90.9644
118633,1606,91.0223
118633,1607,92.108
118633,1608,92.6175
118633,1609,91.3148
118633,1610,91.601
118634,3,69.1076
118634,4,68.8538
118634,5,69.0511
118634,6,68.4476
118634,7,67.0371
118634,10,65.4773
118634,11,63.9671
118634,12,64.7011
118634,13,62.2671
118634,14,61.6708
118634,17,60.9849
118634,18,60.7675
118634,19,59.0682
118634,20,59.497
118634,21,58.3669
118634,24,59.469
118634,25,58.9409
118634,26,58.9037
118634,27,58.9586
118634,28,59.2375
118634,31,59.3238
118634,32,58.9776
118634,33,59.3489
118634,34,59.8384
118634,35,59.1733
118634,38,59.624
118634,39,60.8067
118634,40,61.5401
118634,41,62.5049
118634,42,62.7291
118634,45,61.8651
118634,46,61.1346
118634,47,61.4971
118634,48,62.4714
118634,49,65.3303
118634,52,66.4063
118634,53,65.2504
118634,54,64.523
118634,55,66.9387
118634,56,66.7714
118634,59,66.8797
118634,60,65.9333
118634,61,67.6377
118634,62,68.2323
118634,63,67.4638
118634,66,66.4742
118634,67,66.8549
118634,68,66.9599
118634,69,67.9024
118634,70,68.5496
118634,73,68.3243
118634,74,67.8009
118634,75,67.6894
118634,76,67.1635
118634,77,67.0844
118634,80,67.1604
118634,81,66.2752
118634,82,66.9952
118634,83,66.6637
118634,84,65.8431
118634,87,65.5367
118634,88,65.8447
118634,89,65.9885
118634,90,66.4866
118634,91,67.4928
118634,94,68.9544
118634,95,69.3256
118634,96,68.2274
118634,97,67.9982
118634,98,66.9896
118634,101,68.864
118634,102,71.1155
118634,103,71.9103
118634,104,72.9527
118634,105,73.3056
118634,108,73.7938
118634,109,72.0233
118634,110,72.0023
118634,111,71.0721
118634,112,71.4501
118634,115,71.4454
118634,116,73.7341
118634,117,74.8716
118634,118,75.2735
118634,119,75.0232
118634,122,77.097
118634,123,77.128
118634,124,77.5996
118634,125,77.7191
118634,126,77.2934
118634,129,77.4054
118634,130,75.1159
118634,131,73.3712
118634,132,73.8407
118634,133,75.7531
118634,136,76.2362
118634,137,75.4421
118634,138,73.8116
118634,139,74.7944
118634,140,74.1941
118634,143,75.0149
118634,144,75.5428
118634,145,76.1805
118634,146,76.2874
118634,147,76.8167
118634,150,76.7393
118634,151,76.0417
118634,152,74.962
118634,153,72.2617
118634,154,72.1188
118634,157,73.9298
118634,158,74.85
118634,159,75.1845
118634,160,74.3854
118634,161,75.6289
118634,164,75.5529
118634,165,77.5179
118634,166,76.3961
118634,167,75.565
118634,168,74.6285
118634,171,72.9705
118634,172,71.9644
118634,173,72.1444
118634,174,71.402
118634,175,67.2534
118634,178,68.4606
118634,179,66.727
118634,180,67.4079
118634,181,67.4999
118634,182,69.8496
118634,185,71.017
118634,186,70.5164
118634,187,69.8019
118634,188,71.536
118634,189,69.9535
118634,192,70.2254
118634,193,70.1417
118634,194,69.8245
118634,195,70.2757
118634,196,70.5473
118634,199,71.1194
118634,200,71.3375
118634,201,71.871
118634,202,72.0396
118634,203,71.3576
118634,206,71.4245
118634,207,70.6871
118634,208,69.8846
118634,209,69.5764
118634,210,69.5063
118634,213,69.6056
118634,214,70.6791
118634,215,70.1877
118634,216,70.4671
118634,217,70.6599
118634,220,70.0469
118634,221,70.1896
118634,222,71.3691
118634,223,71.6415
118634,224,71.9604
118634,227,71.2277
118634,228,73.5349
118634,229,72.8515
118634,230,71.0249
118634,231,72.0565
118634,234,71.9892
118634,235,71.709
118634,236,71.1576
118634,237,73.3503
118634,238,73.8255
118634,241,74.5325
118634,242,74.7889
118634,243,75.1732
118634,244,76.9145
118634,245,76.6782
118634,248,75.0043
118634,249,76.1031
118634,250,76.7677
118634,251,76.9655
118634,252,77.606
118634,255,77.2216
118634,256,77.3142
118634,257,77.2214
118634,258,76.5722
118634,259,78.0879
118634,262,76.437
118634,263,79.4018
118634,264,80.5768
118634,265,78.4203
118634,266,78.2122
118634,269,78.073
118634,270,78.625
118634,271,77.477
118634,272,77.5838
118634,273,77.5036
118634,276,76.6754
118634,277,75.69
118634,278,76.8603
118634,279,74.8992
118634,280,75.5309
118634,283,76.5524
118634,284,76.3559
118634,285,76.4857
118634,286,77.9681
118634,287,77.1748
118634,290,76.5138
118634,291,75.9853
118634,292,77.4603
118634,293,79.122
118634,294,77.4692
118634,297,78.7753
118634,298,79.8675
118634,299,81.9172
118634,300,82.4875
118634,301,82.5021
118634,304,84.0769
118634,305,85.0817
118634,306,88.2204
118634,307,89.6407
118634,308,89.9362
118634,311,88.3657
118634,312,87.6374
118634,313,85.7526
118634,314,85.5373
118634,315,86.8698
118634,318,86.9406
118634,319,88.428
118634,320,88.977
118634,321,88.4912
118634,322,88.6908
118634,325,89.4307
118634,326,89.7053
118634,327,89.9969
118634,328,88.9912
118634,329,88.4636
118634,332,91.7467
118634,333,93.6207
118634,334,91.5526
118634,335,88.2797
118634,336,88.4629
118634,339,89.7948
118634,340,89.1403
118634,341,90.6653
118634,342,90.8298
118634,343,90.6759
118634,346,91.8423
118634,347,91.1557
118634,348,90.8243
118634,349,91.8682
118634,350,91.9029
118634,353,94.7902
118634,354,95.9154
118634,355,96.9545
118634,356,96.9636
118634,357,98.3945
118634,360,97.9813
118634,361,98.504
118634,362,97.1776
118634,363,98.8677
118634,364,99.408
118634,367,102.6502
118634,368,106.6844
118634,369,108.0689
118634,370,108.2799
118634,371,106.7718
118634,374,108.3986
118634,375,108.8532
118634,376,109.8753
118634,377,113.0082
118634,378,111.6479
118634,381,110.1306
118634,382,109.8171
118634,383,111.3438
118634,384,112.4191
118634,385,110.9413
118634,388,112.369
118634,389,110.3596
118634,390,109.0083
118634,391,108.9053
118634,392,108.0545
118634,395,109.6752
118634,396,110.2672
118634,397,113.4752
118634,398,113.133
118634,399,113.0141
118634,402,115.2896
118634,403,115.2252
118634,404,118.0715
118634,405,119.1854
118634,406,114.9504
118634,409,117.2043
118634,410,119.005
118634,411,120.9069
118634,412,117.4249
118634,413,116.3067
118634,416,115.334
118634,417,113.9157
118634,418,117.1863
118634,419,117.2669
118634,420,117.3017
118634,423,118.4293
118634,424,119.6002
118634,425,113.5801
118634,426,112.528
118634,427,110.1481
118634,430,110.9415
118634,431,110.5343
118634,432,110.6577
118634,433,107.1876
118634,434,106.759
118634,437,108.7453
118634,438,111.2832
118634,439,112.6485
118634,440,110.4004
118634,441,112.7103
118634,444,114.1023
118634,445,113.9914
118634,446,110.5099
118634,447,112.28
118634,448,111.3349
118634,451,112.0413
118634,452,112.26
118634,453,115.1134
118634,454,114.9867
118634,455,115.0598
118634,458,118.0591
118634,459,116.9437
118634,460,118.5565
118634,461,118.2895
118634,462,116.5383
118634,465,116.6422
118634,466,118.0227
118634,467,120.6712
118634,468,123.6143
118634,469,123.1493
118634,472,121.3553
118634,473,120.8531
118634,474,118.7288
118634,475,118.4263
118634,476,117.8937
118634,479,119.3563
118634,480,115.3817
118634,481,114.156
118634,482,112.9577
118634,483,115.1898
118634,486,113.2857
118634,487,113.7901
118634,488,113.6599
118634,489,115.6433
118634,490,116.8355
118634,493,117.161
118634,494,116.2435
118634,495,113.0001
118634,496,113.5397
118634,497,114.5922
118634,500,111.8827
118634,501,109.8258
118634,502,110.3594
118634,503,111.0473
118634,504,109.4238
118634,507,108.5337
118634,508,105.5317
118634,509,107.9399
118634,510,105.8451
118634,511,106.8461
118634,514,106.8805
118634,515,109.1686
118634,516,107.9092
118634,517,108.1077
118634,518,105.3463
118634,521,102.268
118634,522,103.3231
118634,523,100.5468
118634,524,100.2735
118634,525,101.9723
118634,528,103.2686
118634,529,102.2827
118634,530,99.8428
118634,531,100.735
118634,532,102.9769
118634,535,101.9975
118634,536,100.8033
118634,537,100.0607
118634,538,101.0537
118634,539,103.1179
118634,542,101.2127
118634,543,98.9388
118634,544,102.7425
118634,545,102.5454
118634,546,103.0446
118634,549,102.0168
118634,550,102.8969
118634,551,104.5557
118634,552,105.1422
118634,553,108.1591
118634,556,107.6979
118634,557,107.3466
118634,558,107.8327
118634,559,108.72
118634,560,109.2063
118634,563,107.113
118634,564,107.7355
118634,565,107.196
118634,566,106.3125
118634,567,106.4598
118634,570,104.9514
118634,571,103.1815
118634,572,99.1043
118634,573,101.9582
118634,574,102.9443
118634,577,102.8449
118634,578,101.8587
118634,579,97.4332
118634,580,96.4058
118634,581,97.584
118634,584,99.1292
118634,585,100.2245
118634,586,100.5625
118634,587,102.7385
118634,588,102.2976
118634,591,104.1518
118634,592,103.6133
118634,593,102.2747
118634,594,100.7555
118634,595,99.167
118634,598,100.2892
118634,599,99.2095
118634,600,97.6938
118634,601,98.8844
118634,602,99.4832
118634,605,101.091
118634,606,101.9994
118634,607,100.8849
118634,608,101.0941
118634,609,101.382
118634,612,100.0123
118634,613,98.3733
118634,614,97.4093
118634,615,100.6721
118634,616,100.1072
118634,619,102.159
118634,620,101.4963
118634,621,103.0169
118634,622,104.5828
118634,623,106.2563
118634,626,107.0006
118634,627,109.4425
118634,628,110.1927
118634,629,113.3057
118634,630,110.5481
118634,633,111.2533
118634,634,111.8484
118634,635,110.3071
118634,636,111.4158
118634,637,108.9267
118634,640,107.9044
118634,641,104.6516
118634,642,107.3458
118634,643,107.0485
118634,644,110.8613
118634,647,112.3701
118634,648,113.2648
118634,649,112.3219
118634,650,110.5827
118634,651,111.5946
118634,654,111.5663
118634,655,109.3333
118634,656,106.8457
118634,657,105.3366
118634,658,108.4958
118634,661,112.4423
118634,662,112.9044
118634,663,113.2684
118634,664,112.7684
118634,665,111.218
118634,668,113.7522
118634,669,117.2609
118634,670,115.7236
118634,671,115.6737
118634,672,114.9574
118634,675,114.2988
118634,676,116.5553
118634,677,114.2715
118634,678,115.2146
118634,679,116.6453
118634,682,116.4862
118634,683,118.2392
118634,684,118.618
118634,685,121.0192
118634,686,118.2558
118634,689,117.7107
118634,690,117.6804
118634,691,112.9293
118634,692,111.1113
118634,693,109.7926
118634,696,111.5417
118634,697,110.4033
118634,698,109.0852
118634,699,110.5952
118634,700,107.907
118634,703,104.5352
118634,704,104.0324
118634,705,101.7762
118634,706,99.6286
118634,707,100.6202
118634,710,102.107
118634,711,103.4737
118634,712,105.3883
118634,713,107.5624
118634,714,104.1073
118634,717,104.9399
118634,718,104.1592
118634,719,103.0303
118634,720,104.0344
118634,721,101.3262
118634,724,98.6562
118634,725,99.7325
118634,726,100.5894
118634,727,100.8942
118634,728,99.5927
118634,731,100.8542
118634,732,102.0295
118634,733,102.2559
118634,734,100.4651
118634,735,99.8817
118634,738,101.2968
118634,739,103.5266
118634,740,103.0856
118634,741,102.7707
118634,742,102.5989
118634,745,103.134
118634,746,102.2838
118634,747,97.8118
118634,748,99.7535
118634,749,102.7028
118634,752,101.8059
118634,753,100.1974
118634,754,100.0687
118634,755,99.8607
118634,756,101.5273
118634,759,101.7034
118634,760,100.5295
118634,761,98.5498
118634,762,99.9897
118634,763,101.0264
118634,766,102.8176
118634,767,101.3502
118634,768,104.4186
118634,769,101.6789
118634,770,102.9114
118634,773,99.9498
118634,774,98.7997
118634,775,101.3471
118634,776,102.7725
118634,777,101.9812
118634,780,101.2396
118634,781,101.4888
118634,782,102.4032
118634,783,104.5329
118634,784,103.8751
118634,787,101.3601
118634,788,101.6997
118634,789,101.0579
118634,790,99.0954
118634,791,99.648
118634,794,99.4009
118634,795,99.9691
118634,796,98.6569
118634,797,99.5028
118634,798,97.5453
118634,801,96.3661
118634,802,96.082
118634,803,98.8403
118634,804,100.157
118634,805,101.9595
118634,808,104.3516
118634,809,110.5401
118634,810,110.7091
118634,811,113.3124
118634,812,115.2345
118634,815,117.1585
118634,816,120.5835
118634,817,119.8945
118634,818,119.0605
118634,819,119.766
118634,822,119.5262
118634,823,120.2322
118634,824,123.3356
118634,825,122.5173
118634,826,122.0373
118634,829,122.4796
118634,830,122.1466
118634,831,118.6232
118634,832,117.6471
118634,833,119.0314
118634,836,121.8633
118634,837,119.7719
118634,838,117.7078
118634,839,117.8667
118634,840,114.1758
118634,843,113.4776
118634,844,110.5135
118634,845,113.0208
118634,846,111.7572
118634,847,114.8046
118634,850,116.9377
118634,851,115.8545
118634,852,114.0146
118634,853,113.7669
118634,854,113.6788
118634,857,114.4
118634,858,113.1082
118634,859,114.5455
118634,860,115.1256
118634,861,114.6101
118634,864,113.4311
118634,865,113.2001
118634,866,111.8507
118634,867,112.0515
118634,868,112.3003
118634,871,112.8626
118634,872,116.1474
118634,873,116.0066
118634,874,117.9595
118634,875,118.4901
118634,878,118.1495
118634,879,118.031
118634,880,118.0247
118634,881,118.6494
118634,882,116.9724
118634,885,114.4038
118634,886,115.6897
118634,887,117.4401
118634,888,118.9311
118634,889,119.3258
118634,892,120.8818
118634,893,122.3544
118634,894,123.9897
118634,895,122.4295
118634,896,120.4377
118634,899,119.8075
118634,900,119.8794
118634,901,119.5278
118634,902,116.1482
118634,903,119.4448
118634,906,119.0342
118634,907,119.4627
118634,908,121.9336
118634,909,117.6154
118634,910,116.7733
118634,913,116.1649
118634,914,115.6522
118634,915,115.4374
118634,916,118.2016
118634,917,119.5663
118634,920,121.4899
118634,921,121.6863
118634,922,119.1379
118634,923,115.3998
118634,924,112.7519
118634,927,113.4915
118634,928,113.6475
118634,929,113.3709
118634,930,112.8132
118634,931,116.5462
118634,934,115.1461
118634,935,116.943
118634,936,117.0486
118634,937,117.0385
118634,938,119.3316
118634,941,122.2187
118634,942,121.8648
118634,943,123.5161
118634,944,124.3345
118634,945,124.4576
118634,948,124.9677
118634,949,123.7289
118634,950,123.2415
118634,951,122.2263
118634,952,124.082
118634,955,124.0043
118634,956,121.6019
118634,957,120.3293
118634,958,114.5168
118634,959,113.7277
118634,962,113.8946
118634,963,113.7499
118634,964,117.4555
118634,965,118.6273
118634,966,119.7269
118634,969,116.7701
118634,970,116.2029
118634,971,115.4164
118634,972,114.096
118634,973,112.7661
118634,976,109.6961
118634,977,107.6079
118634,978,109.1947
118634,979,109.0444
118634,980,108.2727
118634,983,108.358
118634,984,110.465
118634,985,110.5688
118634,986,111.6111
118634,987,110.2291
118634,990,109.2558
118634,991,109.9625
118634,992,113.3884
118634,993,116.0718
118634,994,117.2444
118634,997,117.627
118634,998,120.3562
118634,999,121.9784
118634,1000,117.7537
118634,1001,115.9165
118634,1004,116.6373
118634,1005,113.4996
118634,1006,112.0043
118634,1007,110.8734
118634,1008,110.5234
118634,1011,110.1204
118634,1012,109.7159
118634,1013,111.2483
118634,1014,110.8813
118634,1015,110.308
118634,1018,108.0832
118634,1019,109.9369
118634,1020,108.8754
118634,1021,107.1209
118634,1022,107.5749
118634,1025,106.3762
118634,1026,105.5909
118634,1027,106.1142
118634,1028,105.6622
118634,1029,109.6753
118634,1032,109.6418
118634,1033,110.8106
118634,1034,107.5672
118634,1035,106.2118
118634,1036,104.5004
118634,1039,103.0314
118634,1040,103.7985
118634,1041,105.5973
118634,1042,106.2647
118634,1043,105.9786
118634,1046,105.0225
118634,1047,106.974
118634,1048,110.6174
118634,1049,110.9498
118634,1050,112.7017
118634,1053,113.4117
118634,1054,114.8694
118634,1055,112.8804
118634,1056,112.1138
118634,1057,112.9128
118634,1060,115.1901
118634,1061,113.8148
118634,1062,110.3243
118634,1063,109.5575
118634,1064,111.4115
118634,1067,108.7618
118634,1068,106.8577
118634,1069,107.214
118634,1070,107.1118
118634,1071,108.2137
118634,1074,106.2326
118634,1075,105.7826
118634,1076,107.8867
118634,1077,105.9713
118634,1078,108.5597
118634,1081,106.8433
118634,1082,108.3766
118634,1083,107.836
118634,1084,106.0016
118634,1085,105.2672
118634,1088,106.2672
118634,1089,106.3485
118634,1090,108.3329
118634,1091,110.9071
118634,1092,108.955
118634,1095,106.9139
118634,1096,104.8308
118634,1097,103.4471
118634,1098,105.3536
118634,1099,106.3803
118634,1102,105.5632
118634,1103,105.637
118634,1104,108.0936
118634,1105,111.4882
118634,1106,112.0423
118634,1109,107.5407
118634,1110,108.1398
118634,1111,109.8393
118634,1112,110.3248
118634,1113,111.6918
118634,1116,112.4198
118634,1117,110.3513
118634,1118,108.9169
118634,1119,108.4621
118634,1120,110.3936
118634,1123,109.1654
118634,1124,110.048
118634,1125,110.6722
118634,1126,113.5707
118634,1127,113.5953
118634,1130,110.5956
118634,1131,111.8256
118634,1132,115.756
118634,1133,117.1643
118634,1134,115.8209
118634,1137,113.9636
118634,1138,112.3641
118634,1139,116.0669
118634,1140,115.571
118634,1141,114.4711
118634,1144,114.2855
118634,1145,113.8159
118634,1146,116.7627
118634,1147,115.0124
118634,1148,117.2732
118634,1151,117.6015
118634,1152,119.9631
118634,1153,123.098
118634,1154,123.3702
118634,1155,122.8668
118634,1158,123.1023
118634,1159,123.0261
118634,1160,119.9619
118634,1161,123.0384
118634,1162,123.6235
118634,1165,121.4857
118634,1166,117.6965
118634,1167,113.5594
118634,1168,115.0461
118634,1169,114.0296
118634,1172,113.3145
118634,1173,114.2887
118634,1174,113.4626
118634,1175,114.5434
118634,1176,114.8155
118634,1179,114.7637
118634,1180,112.0538
118634,1181,110.7132
118634,1182,111.8664
118634,1183,110.7679
118634,1186,112.9893
118634,1187,117.345
118634,1188,118.6679
118634,1189,121.5969
118634,1190,123.0923
118634,1193,122.1676
118634,1194,122.6603
118634,1195,126.7224
118634,1196,125.7916
118634,1197,123.8575
118634,1200,121.7711
118634,1201,121.4606
118634,1202,119.6607
118634,1203,122.9646
118634,1204,123.492
118634,1207,125.5059
118634,1208,125.0261
118634,1209,122.9084
118634,1210,120.505
118634,1211,118.8978
118634,1214,119.6548
118634,1215,120.7438
118634,1216,122.0027
118634,1217,119.2798
118634,1218,119.3832
118634,1221,117.5722
118634,1222,118.4213
118634,1223,119.4223
118634,1224,117.3404
118634,1225,119.247
118634,1228,123.8292
118634,1229,125.5776
118634,1230,125.3653
118634,1231,124.8509
118634,1232,124.5492
118634,1235,123.1734
118634,1236,123.772
118634,1237,121.6788
118634,1238,118.2142
118634,1239,118.7273
118634,1242,118.8708
118634,1243,117.9092
118634,1244,115.6522
118634,1245,116.2826
118634,1246,114.5834
118634,1249,114.4328
118634,1250,117.7609
118634,1251,119.0787
118634,1252,116.6404
118634,1253,114.4218
118634,1256,114.7959
118634,1257,112.4343
118634,1258,109.0404
118634,1259,110.0544
118634,1260,110.7087
118634,1263,111.5945
118634,1264,112.1556
118634,1265,112.1382
118634,1266,111.0717
118634,1267,112.076
118634,1270,114.9094
118634,1271,114.1055
118634,1272,112.384
118634,1273,110.4892
118634,1274,109.0865
118634,1277,109.5307
118634,1278,105.9939
118634,1279,106.8228
118634,1280,108.0058
118634,1281,105.082
118634,1284,103.5643
118634,1285,103.785
118634,1286,103.6412
118634,1287,104.5841
118634,1288,104.443
118634,1291,106.6372
118634,1292,106.1919
118634,1293,104.6519
118634,1294,103.0037
118634,1295,104.2947
118634,1298,104.4345
118634,1299,105.5741
118634,1300,106.6915
118634,1301,103.4414
118634,1302,101.6895
118634,1305,100.1554
118634,1306,98.9628
118634,1307,98.3957
118634,1308,100.0436
118634,1309,102.0388
118634,1312,101.6579
118634,1313,101.3449
118634,1314,100.3127
118634,1315,100.5415
118634,1316,100.9507
118634,1319,102.3304
118634,1320,103.7157
118634,1321,100.1102
118634,1322,99.9572
118634,1323,102.2492
118634,1326,101.6348
118634,1327,103.5651
118634,1328,103.1565
118634,1329,103.5314
118634,1330,101.7831
118634,1333,100.1236
118634,1334,101.3626
118634,1335,102.8698
118634,1336,103.0025
118634,1337,101.1187
118634,1340,101.2768
118634,1341,103.3923
118634,1342,106.3623
118634,1343,105.9255
118634,1344,103.2826
118634,1347,104.75
118634,1348,104.3868
118634,1349,106.0412
118634,1350,106.6047
118634,1351,105.2236
118634,1354,105.4121
118634,1355,107.7006
118634,1356,107.5417
118634,1357,105.8958
118634,1358,103.3695
118634,1361,102.2093
118634,1362,101.6399
118634,1363,103.0509
118634,1364,101.3363
118634,1365,103.9372
118634,1368,101.8602
118634,1369,105.7621
118634,1370,108.7704
118634,1371,109.1077
118634,1372,106.4058
118634,1375,106.4058
118634,1376,105.8519
118634,1377,103.8394
118634,1378,104.4075
118634,1379,103.152
118634,1382,102.0862
118634,1383,101.8482
118634,1384,101.0184
118634,1385,104.4703
118634,1386,103.6831
118634,1389,104.4967
118634,1390,104.828
118634,1391,105.504
118634,1392,106.3121
118634,1393,107.8922
118634,1396,108.4405
118634,1397,108.9203
118634,1398,109.1159
118634,1399,108.9734
118634,1400,107.5136
118634,1403,107.5044
118634,1404,108.0079
118634,1405,108.789
118634,1406,109.1936
118634,1407,108.8888
118634,1410,108.886
118634,1411,108.035
118634,1412,108.664
118634,1413,108.3809
118634,1414,108.7844
118634,1417,110.6091
118634,1418,109.4759
118634,1419,110.606
118634,1420,110.7605
118634,1421,114.4427
118634,1424,114.1531
118634,1425,115.5105
118634,1426,115.6393
118634,1427,113.2373
118634,1428,112.4106
118634,1431,114.0797
118634,1432,113.4039
118634,1433,109.6029
118634,1434,109.6444
118634,1435,107.8684
118634,1438,108.187
118634,1439,110.9592
118634,1440,112.4101
118634,1441,115.2641
118634,1442,114.3491
118634,1445,114.1913
118634,1446,112.4265
118634,1447,111.319
118634,1448,109.8017
118634,1449,107.6591
118634,1452,110.096
118634,1453,106.621
118634,1454,109.0418
118634,1455,111.2999
118634,1456,112.2773
118634,1459,110.4202
118634,1460,107.797
118634,1461,106.9633
118634,1462,108.1159
118634,1463,108.2155
118634,1466,106.5447
118634,1467,108.5835
118634,1468,111.5998
118634,1469,111.2994
118634,1470,111.5886
118634,1473,109.0634
118634,1474,108.4486
118634,1475,109.4194
118634,1476,110.1287
118634,1477,109.3472
118634,1480,108.971
118634,1481,108.3007
118634,1482,107.921
118634,1483,108.7376
118634,1484,105.5121
118634,1487,105.4806
118634,1488,106.1562
118634,1489,105.2987
118634,1490,104.598
118634,1491,103.9495
118634,1494,103.2583
118634,1495,103.3581
118634,1496,103.6587
118634,1497,100.3734
118634,1498,101.4993
118634,1501,101.125
118634,1502,104.3418
118634,1503,102.4913
118634,1504,101.1892
118634,1505,100.9545
118634,1508,101.7024
118634,1509,98.7116
118634,1510,97.5161
118634,1511,98.5145
118634,1512,97.1392
118634,1515,99.3445
118634,1516,98.7231
118634,1517,97.4197
118634,1518,98.4463
118634,1519,101.0588
118634,1522,101.8125
118634,1523,103.9443
118634,1524,106.8187
118634,1525,105.3711
118634,1526,107.0332
118634,1529,104.5871
118634,1530,105.3813
118634,1531,105.3549
118634,1532,107.5313
118634,1533,109.6306
118634,1536,110.7154
118634,1537,111.3341
118634,1538,112.327
118634,1539,112.5346
118634,1540,112.5244
118634,1543,115.2105
118634,1544,118.1846
118634,1545,118.0242
118634,1546,118.5702
118634,1547,118.8264
118634,1550,115.9495
118634,1551,115.4376
118634,1552,118.4861
118634,1553,117.1975
118634,1554,121.2719
118634,1557,123.6391
118634,1558,124.532
118634,1559,125.7466
118634,1560,124.0515
118634,1561,123.6423
118634,1564,126.5916
118634,1565,125.4818
118634,1566,127.7079
118634,1567,125.0773
118634,1568,122.8465
118634,1571,126.6912
118634,1572,126.7782
118634,1573,125.8174
118634,1574,128.6591
118634,1575,131.3229
118634,1578,133.3573
118634,1579,132.2812
118634,1580,131.7999
118634,1581,132.564
118634,1582,134.1387
118634,1585,133.185
118634,1586,133.6603
118634,1587,134.3415
118634,1588,137.2114
118634,1589,138.9727
118634,1592,135.8323
118634,1593,135.4943
118634,1594,133.6435
118634,1595,134.9623
118634,1596,137.0583
118634,1599,137.3976
118634,1600,136.9381
118634,1601,137.2071
118634,1602,137.7795
118634,1603,136.5167
118634,1606,134.0385
118634,1607,129.8933
118634,1608,132.6273
118634,1609,133.7849
118634,1610,134.6683
118635,3,170.3428
118635,4,168.6874
118635,5,166.3925
118635,6,167.003
118635,7,167.491
118635,10,165.2183
118635,11,165.7909
118635,12,165.3337
118635,13,164.3293
118635,14,163.9658
118635,17,160.8029
118635,18,160.1086
118635,19,159.2699
118635,20,160.0808
118635,21,159.956
118635,24,160.878
118635,25,157.6352
118635,26,156.6365
118635,27,157.4325
118635,28,157.1158
118635,31,158.2891
118635,32,156.0475
118635,33,157.0656
118635,34,156.3263
118635,35,155.4668
118635,38,156.8146
118635,39,158.3955
118635,40,159.8258
118635,41,162.6003
118635,42,164.3807
118635,45,163.3977
118635,46,163.6717
118635,47,163.2739
118635,48,166.0953
118635,49,167.6914
118635,52,167.5186
118635,53,168.8144
118635,54,167.2057
118635,55,167.6352
118635,56,166.4384
118635,59,164.2374
118635,60,165.3813
118635,61,166.7024
118635,62,167.4141
118635,63,167.2496
118635,66,165.6096
118635,67,164.1266
118635,68,162.913
118635,69,162.6855
118635,70,164.2103
118635,73,165.7279
118635,74,163.5899
118635,75,162.7478
118635,76,161.8743
118635,77,158.6347
118635,80,159.4541
118635,81,159.2151
118635,82,159.1497
118635,83,160.9966
118635,84,161.1962
118635,87,160.7115
118635,88,161.5495
118635,89,163.0405
118635,90,163.5211
118635,91,164.5315
118635,94,164.4203
118635,95,164.3949
118635,96,164.632
118635,97,163.7042
118635,98,163.0285
118635,101,164.9636
118635,102,167.7851
118635,103,170.0749
118635,104,168.3287
118635,105,166.4686
118635,108,164.9383
118635,109,165.2051
118635,110,161.5319
118635,111,160.8378
118635,112,162.7859
118635,115,164.1855
118635,116,163.5868
118635,117,163.0914
118635,118,163.9353
118635,119,165.281
118635,122,164.6458
118635,123,164.4149
118635,124,163.739
118635,125,162.0471
118635,126,161.8392
118635,129,161.5308
118635,130,159.9543
118635,131,160.8858
118635,132,161.6072
118635,133,162.6144
118635,136,161.6782
118635,137,159.1552
118635,138,159.8479
118635,139,159.063
118635,140,157.9885
118635,143,156.4511
118635,144,156.1793
118635,145,158.2914
118635,146,157.7189
118635,147,156.3983
118635,150,157.3166
118635,151,157.6207
118635,152,154.9887
118635,153,155.912
118635,154,158.7353
118635,157,155.4708
118635,158,153.9848
118635,159,150.512
118635,160,150.4968
118635,161,151.8007
118635,164,152.0103
118635,165,153.8324
118635,166,154.9622
118635,167,157.2184
118635,168,158.8012
118635,171,158.3597
118635,172,158.5281
118635,173,157.4855
118635,174,157.2695
118635,175,157.4303
118635,178,157.4021
118635,179,159.2239
118635,180,158.8759
118635,181,157.7492
118635,182,156.7106
118635,185,157.6348
118635,186,155.9143
118635,187,155.7379
118635,188,157.5215
118635,189,157.9809
118635,192,157.9658
118635,193,158.0009
118635,194,156.7552
118635,195,155.739
118635,196,155.5705
118635,199,155.997
118635,200,157.2941
118635,201,157.4946
118635,202,159.3312
118635,203,161.5228
118635,206,162.662
118635,207,164.3868
118635,208,163.1426
118635,209,161.6979
118635,210,162.469
118635,213,160.7772
118635,214,160.4781
118635,215,161.5782
118635,216,163.5436
118635,217,163.2877
118635,220,162.5047
118635,221,163.0158
118635,222,161.6723
118635,223,161.5263
118635,224,161.5991
118635,227,161.6454
118635,228,161.8461
118635,229,160.8268
118635,230,159.9546
118635,231,159.061
118635,234,157.0456
118635,235,157.5671
118635,236,158.8077
118635,237,159.9292
118635,238,159.6681
118635,241,158.693
118635,242,159.7456
118635,243,160.6665
118635,244,161.0359
118635,245,163.437
118635,248,163.486
118635,249,163.2266
118635,250,162.777
118635,251,160.7925
118635,252,161.7491
118635,255,161.6928
118635,256,162.4532
118635,257,165.0073
118635,258,164.565
118635,259,161.5274
118635,262,162.2487
118635,263,162.5544
118635,264,161.6656
118635,265,162.2761
118635,266,163.4084
118635,269,162.2303
118635,270,161.9139
118635,271,163.9685
118635,272,163.0865
118635,273,163.2597
118635,276,159.8709
118635,277,158.024
118635,278,158.3097
118635,279,159.9922
118635,280,158.2992
118635,283,158.4776
118635,284,158.0723
118635,285,159.3931
118635,286,157.8928
118635,287,158.5317
118635,290,157.7666
118635,291,158.1366
118635,292,158.3076
118635,293,158.063
118635,294,158.7646
118635,297,158.9033
118635,298,158.8125
118635,299,158.4313
118635,300,158.6138
118635,301,158.9845
118635,304,157.7833
118635,305,157.4135
118635,306,156.1397
118635,307,156.1693
118635,308,155.4938
118635,311,156.5591
118635,312,157.5052
118635,313,156.4002
118635,314,156.4779
118635,315,157.3795
118635,318,157.2348
118635,319,156.3805
118635,320,155.0678
118635,321,156.237
118635,322,157.4775
118635,325,157.2906
118635,326,158.3623
118635,327,154.6429
118635,328,156.4139
118635,329,156.2936
118635,332,156.5559
118635,333,156.2261
118635,334,158.1035
118635,335,156.817
118635,336,158.8039
118635,339,159.4023
118635,340,160.2998
118635,341,159.9508
118635,342,158.328
118635,343,159.6214
118635,346,160.1115
118635,347,161.9904
118635,348,161.817
118635,349,161.3456
118635,350,163.2744
118635,353,165.9365
118635,354,166.0348
118635,355,165.0996
118635,356,166.2848
118635,357,166.0249
118635,360,166.9278
118635,361,166.6597
118635,362,168.8951
118635,363,168.017
118635,364,168.7666
118635,367,168.1792
118635,368,167.8785
118635,369,167.3993
118635,370,168.5018
118635,371,169.8615
118635,374,170.7271
118635,375,170.6642
118635,376,170.9484
118635,377,172.2987
118635,378,173.7045
118635,381,170.0071
118635,382,169.7161
118635,383,169.4921
118635,384,170.5115
118635,385,170.5062
118635,388,171.6019
118635,389,170.1805
118635,390,170.6313
118635,391,171.9826
118635,392,170.0062
118635,395,173.6316
118635,396,175.4237
118635,397,175.5161
118635,398,174.4194
118635,399,174.2594
118635,402,174.469
118635,403,175.1901
118635,404,177.4478
118635,405,176.8485
118635,406,177.757
118635,409,175.9763
118635,410,175.4718
118635,411,176.1048
118635,412,177.1959
118635,413,176.1971
118635,416,175.6529
118635,417,177.8582
118635,418,179.6512
118635,419,180.051
118635,420,176.8744
118635,423,180.6425
118635,424,180.7062
118635,425,180.3373
118635,426,179.6601
118635,427,180.3077
118635,430,180.9728
118635,431,182.4812
118635,432,181.196
118635,433,180.8262
118635,434,183.9531
118635,437,184.3868
118635,438,184.2215
118635,439,182.9008
118635,440,183.7549
118635,441,185.4086
118635,444,186.8376
118635,445,186.5383
118635,446,187.1875
118635,447,189.8655
118635,448,191.6368
118635,451,190.5083
118635,452,186.6737
118635,453,187.2245
118635,454,188.5501
118635,455,186.9722
118635,458,187.0552
118635,459,186.748
118635,460,187.004
118635,461,186.2677
118635,462,188.3438
118635,465,188.6695
118635,466,187.4129
118635,467,188.9237
118635,468,187.0744
118635,469,189.1502
118635,472,190.79
118635,473,193.0734
118635,474,192.9229
118635,475,192.2398
118635,476,192.4714
118635,479,192.4376
118635,480,191.5104
118635,481,190.7425
118635,482,190.2692
118635,483,188.5521
118635,486,189.6997
118635,487,189.7163
118635,488,189.3355
118635,489,187.7185
118635,490,186.0391
118635,493,189.1095
118635,494,188.2377
118635,495,189.2788
118635,496,189.6288
118635,497,185.4635
118635,500,188.303
118635,501,189.4586
118635,502,188.3684
118635,503,188.4219
118635,504,186.7533
118635,507,189.665
118635,508,188.3576
118635,509,187.6493
118635,510,186.6277
118635,511,186.847
118635,514,189.0531
118635,515,191.9428
118635,516,191.4153
118635,517,192.1083
118635,518,192.3364
118635,521,190.8949
118635,522,194.8203
118635,523,197.1083
118635,524,197.5157
118635,525,200.1943
118635,528,202.2957
118635,529,202.5358
118635,530,203.182
118635,531,205.8198
118635,532,204.3366
118635,535,207.2635
118635,536,206.9885
118635,537,209.6973
118635,538,209.7965
118635,539,210.4859
118635,542,210.5353
118635,543,209.7285
118635,544,209.3732
118635,545,211.8605
118635,546,207.9906
118635,549,205.9972
118635,550,204.8826
118635,551,203.1861
118635,552,205.8203
118635,553,208.0584
118635,556,209.1775
118635,557,208.1952
118635,558,210.5925
118635,559,207.9786
118635,560,211.7682
118635,563,210.6929
118635,564,210.3497
118635,565,209.7196
118635,566,207.9919
118635,567,211.406
118635,570,212.886
118635,571,215.1265
118635,572,213.0914
118635,573,213.5175
118635,574,214.5412
118635,577,215.1283
118635,578,213.2037
118635,579,215.2008
118635,580,215.5263
118635,581,213.9577
118635,584,210.8403
118635,585,211.9997
118635,586,216.4086
118635,587,214.7275
118635,588,215.1384
118635,591,217.2159
118635,592,215.08
118635,593,214.3468
118635,594,212.9521
118635,595,214.787
118635,598,217.2433
118635,599,217.6386
118635,600,216.2551
118635,601,215.5835
118635,602,214.584
118635,605,212.9833
118635,606,212.9152
118635,607,214.0302
118635,608,215.0022
118635,609,215.0986
118635,612,215.3102
118635,613,215.2774
118635,614,213.1125
118635,615,213.5023
118635,616,212.594
118635,619,210.3696
118635,620,211.1181
118635,621,210.1716
118635,622,210.6726
118635,623,212.2495
118635,626,210.7129
118635,627,210.9808
118635,628,207.9831
118635,629,210.7185
118635,630,208.4938
118635,633,207.7237
118635,634,210.1214
118635,635,209.8264
118635,636,207.8862
118635,637,209.2116
118635,640,210.5066
118635,641,209.5259
118635,642,208.7348
118635,643,208.0992
118635,644,207.8539
118635,647,204.7622
118635,648,204.5637
118635,649,207.6812
118635,650,206.2693
118635,651,205.392
118635,654,203.5157
118635,655,204.644
118635,656,206.7771
118635,657,208.8932
118635,658,206.8758
118635,661,207.8314
118635,662,210.3946
118635,663,211.3835
118635,664,212.3228
118635,665,211.6135
118635,668,212.1046
118635,669,214.3736
118635,670,215.0614
118635,671,212.984
118635,672,212.2996
118635,675,214.5231
118635,676,215.2054
118635,677,215.5264
118635,678,214.6615
118635,679,216.873
118635,682,219.9592
118635,683,222.361
118635,684,225.1196
118635,685,224.5751
118635,686,223.7725
118635,689,223.6015
118635,690,223.7876
118635,691,226.5424
118635,692,228.8338
118635,693,229.9637
118635,696,227.4014
118635,697,224.3953
118635,698,224.9536
118635,699,226.698
118635,700,226.6672
118635,703,230.3686
118635,704,228.4534
118635,705,226.3206
118635,706,225.2089
118635,707,224.0329
118635,710,225.1166
118635,711,224.4563
118635,712,221.7435
118635,713,223.4837
118635,714,220.3995
118635,717,218.5872
118635,718,215.813
118635,719,216.2909
118635,720,216.7325
118635,721,220.2744
118635,724,222.0435
118635,725,224.7964
118635,726,225.4446
118635,727,223.7636
118635,728,224.1141
118635,731,225.3202
118635,732,226.7396
118635,733,225.9806
118635,734,227.004
118635,735,225.3924
118635,738,223.5903
118635,739,221.6709
118635,740,221.83
118635,741,219.8139
118635,742,219.1637
118635,745,220.9042
118635,746,219.1633
118635,747,218.3727
118635,748,218.6136
118635,749,219.169
118635,752,218.3874
118635,753,219.9126
118635,754,221.0925
118635,755,223.2811
118635,756,223.2471
118635,759,222.4262
118635,760,221.3004
118635,761,221.972
118635,762,221.4017
118635,763,220.4858
118635,766,219.7912
118635,767,218.6769
118635,768,219.1466
118635,769,216.7379
118635,770,217.3885
118635,773,218.7091
118635,774,217.7835
118635,775,221.3527
118635,776,221.4988
118635,777,218.7976
118635,780,218.4069
118635,781,218.6317
118635,782,219.5503
118635,783,219.201
118635,784,217.5048
118635,787,215.6744
118635,788,214.6338
118635,789,213.7659
118635,790,211.8975
118635,791,210.7383
118635,794,211.9888
118635,795,214.9808
118635,796,216.4265
118635,797,218.8663
118635,798,220.7331
118635,801,222.3589
118635,802,221.8591
118635,803,222.2299
118635,804,221.58
118635,805,221.2969
118635,808,221.5347
118635,809,222.948
118635,810,223.8377
118635,811,223.6566
118635,812,223.8738
118635,815,224.7858
118635,816,226.1344
118635,817,223.4541
118635,818,221.6055
118635,819,223.7396
118635,822,223.7435
118635,823,223.0828
118635,824,222.7168
118635,825,222.3511
118635,826,223.4846
118635,829,221.5802
118635,830,221.7395
118635,831,222.3015
118635,832,223.1392
118635,833,223.6621
118635,836,224.725
118635,837,223.7889
118635,838,222.1841
118635,839,226.817
118635,840,226.3748
118635,843,226.1498
118635,844,227.526
118635,845,230.6384
118635,846,229.7306
118635,847,227.9768
118635,850,225.786
118635,851,228.869
118635,852,227.0486
118635,853,227.1145
118635,854,225.4204
118635,857,222.8774
118635,858,222.4592
118635,859,220.8712
118635,860,219.7371
118635,861,223.4921
118635,864,224.3868
118635,865,226.2217
118635,866,227.8721
118635,867,227.8015
118635,868,227.0998
118635,871,227.6806
118635,872,228.1126
118635,873,227.1696
118635,874,227.5287
118635,875,226.3331
118635,878,226.1321
118635,879,225.6285
118635,880,223.4113
118635,881,219.2639
118635,882,217.6965
118635,885,221.0507
118635,886,220.6046
118635,887,222.1254
118635,888,218.4071
118635,889,216.7228
118635,892,214.4428
118635,893,214.1983
118635,894,218.6018
118635,895,219.5405
118635,896,222.7251
118635,899,222.3762
118635,900,224.9918
118635,901,228.9625
118635,902,228.8755
118635,903,227.9846
118635,906,225.6538
118635,907,225.1996
118635,908,225.4669
118635,909,229.3665
118635,910,227.0641
118635,913,227.2923
118635,914,224.0557
118635,915,223.3893
118635,916,224.0752
118635,917,225.1339
118635,920,226.3392
118635,921,227.1942
118635,922,228.3945
118635,923,228.5979
118635,924,226.7616
118635,927,223.4643
118635,928,222.5809
118635,929,222.4504
118635,930,224.8624
118635,931,224.7931
118635,934,224.5474
118635,935,225.3737
118635,936,224.9919
118635,937,226.6072
118635,938,230.4291
118635,941,234.7215
118635,942,235.0294
118635,943,235.8003
118635,944,238.9922
118635,945,238.822
118635,948,240.278
118635,949,238.1775
118635,950,237.6946
118635,951,240.0795
118635,952,238.7948
118635,955,238.6676
118635,956,235.7321
118635,957,239.7598
118635,958,242.3776
118635,959,242.8765
118635,962,244.0139
118635,963,244.9326
118635,964,247.8529
118635,965,246.9294
118635,966,248.5428
118635,969,250.8749
118635,970,253.5149
118635,971,248.9958
118635,972,247.9047
118635,973,245.9711
118635,976,246.3997
118635,977,242.4901
118635,978,238.5848
118635,979,242.988
118635,980,244.3463
118635,983,244.7148
118635,984,245.5713
118635,985,245.9926
118635,986,248.138
118635,987,246.9835
118635,990,247.4889
118635,991,248.0782
118635,992,246.0874
118635,993,248.8027
118635,994,248.0242
118635,997,250.2284
118635,998,250.5933
118635,999,254.0992
118635,1000,252.0715
118635,1001,249.9711
118635,1004,248.2519
118635,1005,248.6513
118635,1006,251.94
118635,1007,255.3801
118635,1008,250.7238
118635,1011,251.3667
118635,1012,244.9654
118635,1013,246.6927
118635,1014,249.0905
118635,1015,249.1369
118635,1018,249.437
118635,1019,249.7162
118635,1020,248.2452
118635,1021,249.253
118635,1022,248.9094
118635,1025,250.9424
118635,1026,250.8384
118635,1027,249.2044
118635,1028,246.2166
118635,1029,242.6117
118635,1032,245.3601
118635,1033,244.5681
118635,1034,245.3737
118635,1035,249.1117
118635,1036,248.0941
118635,1039,246.9499
118635,1040,246.8101
118635,1041,246.997
118635,1042,250.9741
118635,1043,254.3442
118635,1046,255.7726
118635,1047,258.9601
118635,1048,258.7159
118635,1049,259.4843
118635,1050,258.978
118635,1053,256.388
118635,1054,259.0617
118635,1055,260.3265
118635,1056,260.4994
118635,1057,260.6285
118635,1060,257.5663
118635,1061,255.6446
118635,1062,256.4816
118635,1063,255.5045
118635,1064,255.1809
118635,1067,255.0939
118635,1068,253.8031
118635,1069,251.9292
118635,1070,248.7529
118635,1071,248.5828
118635,1074,249.9742
118635,1075,246.7593
118635,1076,246.838
118635,1077,247.5347
118635,1078,245.6635
118635,1081,248.6695
118635,1082,248.0132
118635,1083,247.9355
118635,1084,247.736
118635,1085,244.2954
118635,1088,246.449
118635,1089,244.6543
118635,1090,244.3068
118635,1091,245.6322
118635,1092,248.7168
118635,1095,246.6541
118635,1096,245.8807
118635,1097,248.8084
118635,1098,249.8839
118635,1099,251.3908
118635,1102,249.3647
118635,1103,248.7198
118635,1104,248.5064
118635,1105,246.894
118635,1106,243.657
118635,1109,242.7657
118635,1110,245.5997
118635,1111,245.8456
118635,1112,248.7563
118635,1113,249.2498
118635,1116,247.8216
118635,1117,250.5573
118635,1118,251.1229
118635,1119,253.2393
118635,1120,251.163
118635,1123,253.4394
118635,1124,255.7995
118635,1125,256.5395
118635,1126,254.9814
118635,1127,255.0168
118635,1130,256.4289
118635,1131,257.0545
118635,1132,258.4563
118635,1133,260.7421
118635,1134,259.495
118635,1137,257.1846
118635,1138,257.2383
118635,1139,256.6769
118635,1140,258.4674
118635,1141,256.3353
118635,1144,258.6196
118635,1145,261.6373
118635,1146,261.7729
118635,1147,262.0383
118635,1148,260.5308
118635,1151,259.5094
118635,1152,258.7765
118635,1153,261.9876
118635,1154,261.9686
118635,1155,259.2811
118635,1158,259.9579
118635,1159,261.858
118635,1160,261.9386
118635,1161,265.246
118635,1162,267.078
118635,1165,264.9299
118635,1166,263.8723
118635,1167,264.498
118635,1168,261.0481
118635,1169,261.9033
118635,1172,258.2854
118635,1173,260.5936
118635,1174,262.6724
118635,1175,263.8966
118635,1176,262.5754
118635,1179,263.0773
118635,1180,262.1088
118635,1181,260.0396
118635,1182,259.4531
118635,1183,261.0756
118635,1186,261.3041
118635,1187,264.5634
118635,1188,266.3651
118635,1189,267.944
118635,1190,264.5732
118635,1193,264.0923
118635,1194,261.9354
118635,1195,261.6781
118635,1196,260.3309
118635,1197,259.6611
118635,1200,262.0626
118635,1201,263.2202
118635,1202,265.5371
118635,1203,262.2142
118635,1204,262.4741
118635,1207,264.6968
118635,1208,268.1204
118635,1209,264.8794
118635,1210,264.2543
118635,1211,266.6395
118635,1214,266.3573
118635,1215,264.5152
118635,1216,261.3137
118635,1217,259.4251
118635,1218,255.9938
118635,1221,256.2486
118635,1222,258.2696
118635,1223,255.7482
118635,1224,256.4208
118635,1225,258.3352
118635,1228,258.4627
118635,1229,255.2075
118635,1230,256.1481
118635,1231,256.1656
118635,1232,255.9695
118635,1235,254.9573
118635,1236,255.2702
118635,1237,256.4704
118635,1238,261.6759
118635,1239,262.0519
118635,1242,265.4519
118635,1243,266.3681
118635,1244,266.2884
118635,1245,266.7501
118635,1246,264.2309
118635,1249,265.0302
118635,1250,260.8763
118635,1251,259.1734
118635,1252,259.5405
118635,1253,262.226
118635,1256,265.4531
118635,1257,265.0761
118635,1258,265.5513
118635,1259,267.8387
118635,1260,265.0752
118635,1263,266.0925
118635,1264,264.4309
118635,1265,264.1953
118635,1266,263.3399
118635,1267,264.4168
118635,1270,265.7481
118635,1271,267.8326
118635,1272,268.736
118635,1273,269.2529
118635,1274,273.5132
118635,1277,270.2595
118635,1278,274.1798
118635,1279,273.671
118635,1280,275.0953
118635,1281,274.5042
118635,1284,273.0703
118635,1285,274.2975
118635,1286,276.7912
118635,1287,278.0088
118635,1288,276.9202
118635,1291,285.3794
118635,1292,288.343
118635,1293,290.7052
118635,1294,290.0157
118635,1295,288.6837
118635,1298,288.1715
118635,1299,290.8848
118635,1300,288.6835
118635,1301,286.3169
118635,1302,287.7331
118635,1305,288.6351
118635,1306,286.9681
118635,1307,284.5619
118635,1308,288.081
118635,1309,289.0736
118635,1312,286.0112
118635,1313,283.1432
118635,1314,282.4519
118635,1315,284.2987
118635,1316,285.8348
118635,1319,288.645
118635,1320,285.2907
118635,1321,285.9616
118635,1322,289.4697
118635,1323,292.7975
118635,1326,293.8108
118635,1327,299.6696
118635,1328,301.324
118635,1329,304.0649
118635,1330,304.3325
118635,1333,302.5484
118635,1334,300.5427
118635,1335,301.1453
118635,1336,300.7793
118635,1337,296.6074
118635,1340,294.278
118635,1341,293.6631
118635,1342,295.5698
118635,1343,295.6834
118635,1344,295.6614
118635,1347,293.4328
118635,1348,293.6399
118635,1349,296.9823
118635,1350,297.5144
118635,1351,294.0161
118635,1354,291.1683
118635,1355,292.7266
118635,1356,292.3401
118635,1357,292.3124
118635,1358,290.9994
118635,1361,292.3523
118635,1362,291.7832
118635,1363,291.488
118635,1364,289.6125
118635,1365,291.9573
118635,1368,291.5795
118635,1369,293.1858
118635,1370,290.4838
118635,1371,294.7899
118635,1372,298.0435
118635,1375,293.5698
118635,1376,291.7987
118635,1377,293.0935
118635,1378,290.0925
118635,1379,289.9296
118635,1382,291.0944
118635,1383,290.8044
118635,1384,292.2412
118635,1385,290.7365
118635,1386,285.5894
118635,1389,288.0442
118635,1390,290.505
118635,1391,296.6757
118635,1392,291.5117
118635,1393,293.461
118635,1396,288.9168
118635,1397,293.254
118635,1398,294.5798
118635,1399,292.4432
118635,1400,294.4696
118635,1403,293.2902
118635,1404,294.1643
118635,1405,294.813
118635,1406,299.2084
118635,1407,303.8454
118635,1410,302.5189
118635,1411,305.3091
118635,1412,306.3556
118635,1413,302.9881
118635,1414,301.421
118635,1417,307.4016
118635,1418,308.4629
118635,1419,311.1592
118635,1420,310.7797
118635,1421,309.5682
118635,1424,309.7971
118635,1425,309.2822
118635,1426,305.6808
118635,1427,303.3359
118635,1428,305.2569
118635,1431,304.4638
118635,1432,304.685
118635,1433,305.4292
118635,1434,306.3713
118635,1435,309.4211
118635,1438,306.8078
118635,1439,308.403
118635,1440,310.4759
118635,1441,313.1541
118635,1442,309.7113
118635,1445,310.5185
118635,1446,315.0756
118635,1447,314.9824
118635,1448,316.3952
118635,1449,318.588
118635,1452,316.0868
118635,1453,321.0351
118635,1454,322.5173
118635,1455,324.0594
118635,1456,319.8436
118635,1459,322.0976
118635,1460,323.6031
118635,1461,328.1052
118635,1462,327.4388
118635,1463,324.9687
118635,1466,323.3249
118635,1467,322.1568
118635,1468,319.3832
118635,1469,322.9421
118635,1470,326.641
118635,1473,326.286
118635,1474,325.406
118635,1475,320.7693
118635,1476,322.7691
118635,1477,327.3381
118635,1480,325.8025
118635,1481,325.659
118635,1482,326.9879
118635,1483,331.8094
118635,1484,332.5242
118635,1487,333.2287
118635,1488,333.8906
118635,1489,330.187
118635,1490,326.4664
118635,1491,324.4807
118635,1494,327.3522
118635,1495,326.6229
118635,1496,325.3772
118635,1497,324.0896
118635,1498,323.8915
118635,1501,328.6073
118635,1502,328.37
118635,1503,326.4307
118635,1504,326.6667
118635,1505,331.5667
118635,1508,330.3746
118635,1509,327.3636
118635,1510,326.1915
118635,1511,326.7042
118635,1512,328.7203
118635,1515,331.613
118635,1516,328.955
118635,1517,326.5719
118635,1518,325.8765
118635,1519,327.8775
118635,1522,324.6791
118635,1523,323.235
118635,1524,321.8358
118635,1525,324.4948
118635,1526,326.0698
118635,1529,328.6614
118635,1530,332.4557
118635,1531,331.7957
118635,1532,328.7545
118635,1533,325.7584
118635,1536,321.0572
118635,1537,320.0183
118635,1538,319.1776
118635,1539,321.4085
118635,1540,321.6189
118635,1543,320.4954
118635,1544,320.3563
118635,1545,317.806
118635,1546,320.6513
118635,1547,318.7586
118635,1550,315.9598
118635,1551,318.2473
118635,1552,319.9122
118635,1553,315.5909
118635,1554,317.9723
118635,1557,316.2102
118635,1558,315.4056
118635,1559,316.052
118635,1560,317.7379
118635,1561,319.0637
118635,1564,319.0981
118635,1565,318.1545
118635,1566,319.395
118635,1567,319.2502
118635,1568,324.1723
118635,1571,325.9009
118635,1572,323.6126
118635,1573,322.5157
118635,1574,322.8095
118635,1575,326.4314
118635,1578,330.3958
118635,1579,329.4957
118635,1580,327.1548
118635,1581,324.4905
118635,1582,325.3298
118635,1585,331.6969
118635,1586,333.3364
118635,1587,329.1834
118635,1588,327.401
118635,1589,325.9005
118635,1592,323.8811
118635,1593,323.0205
118635,1594,324.1663
118635,1595,326.15
118635,1596,329.2489
118635,1599,330.836
118635,1600,325.7517
118635,1601,323.11
118635,1602,322.8585
118635,1603,323.4149
118635,1606,325.8726
118635,1607,326.156
118635,1608,326.4599
118635,1609,327.265
118635,1610,326.7508
118636,3,30.1152
118636,4,30.2094
118636,5,30.2116
118636,6,30.218
118636,7,30.224
118636,10,30.3317
118636,11,30.2558
118636,12,30.4001
118636,13,30.3188
118636,14,30.2775
118636,17,30.3431
118636,18,30.4306
118636,19,30.3319
118636,20,30.2571
118636,21,30.287
118636,24,30.4751
118636,25,30.5797
118636,26,30.5693
118636,27,30.3922
118636,28,30.4072
118636,31,30.4436
118636,32,30.423
118636,33,30.3665
118636,34,30.3874
118636,35,30.324
118636,38,30.4761
118636,39,30.6015
118636,40,30.6611
118636,41,30.6768
118636,42,30.6345
118636,45,30.6417
118636,46,30.7773
118636,47,30.8536
118636,48,30.8782
118636,49,30.959
118636,52,31.0105
118636,53,31.0503
118636,54,31.136
118636,55,31.1855
118636,56,31.262
118636,59,31.2837
118636,60,31.2726
118636,61,31.2383
118636,62,31.1948
118636,63,31.0777
118636,66,31.0153
118636,67,30.9507
118636,68,30.9199
118636,69,31.0508
118636,70,31.0473
118636,73,31.0751
118636,74,31.1054
118636,75,31.239
118636,76,31.2027
118636,77,31.1941
118636,80,31.1946
118636,81,31.293
118636,82,31.4082
118636,83,31.4547
118636,84,31.5616
118636,87,31.5848
118636,88,31.5801
118636,89,31.6831
118636,90,31.7311
118636,91,31.6814
118636,94,31.7702
118636,95,31.7626
118636,96,31.7452
118636,97,31.8258
118636,98,31.8277
118636,101,31.8681
118636,102,31.9304
118636,103,31.8765
118636,104,31.9166
118636,105,32.0345
118636,108,31.9665
118636,109,32.0119
118636,110,31.9542
118636,111,32.0457
118636,112,32.1367
118636,115,32.1172
118636,116,32.3057
118636,117,32.4052
118636,118,32.4722
118636,119,32.5348
118636,122,32.6249
118636,123,32.5524
118636,124,32.5777
118636,125,32.6185
118636,126,32.5949
118636,129,32.6425
118636,130,32.7533
118636,131,32.7278
118636,132,32.7327
118636,133,32.6744
118636,136,32.5369
118636,137,32.6102
118636,138,32.6174
118636,139,32.6306
118636,140,32.5589
118636,143,32.553
118636,144,32.6524
118636,145,32.6618
118636,146,32.6735
118636,147,32.6999
118636,150,32.6075
118636,151,32.6682
118636,152,32.5744
118636,153,32.5066
118636,154,32.4301
118636,157,32.425
118636,158,32.4055
118636,159,32.4147
118636,160,32.35
118636,161,32.4414
118636,164,32.5189
118636,165,32.514
118636,166,32.4841
118636,167,32.446
118636,168,32.4299
118636,171,32.3249
118636,172,32.256
118636,173,32.3353
118636,174,32.3691
118636,175,32.512
118636,178,32.4967
118636,179,32.4764
118636,180,32.4523
118636,181,32.4355
118636,182,32.3909
118636,185,32.4223
118636,186,32.4339
118636,187,32.4015
118636,188,32.5131
118636,189,32.6782
118636,192,32.7838
118636,193,32.8393
118636,194,32.9118
118636,195,33.0756
118636,196,33.1484
118636,199,33.1091
118636,200,33.1513
118636,201,33.2131
118636,202,33.1394
118636,203,33.1251
118636,206,33.2266
118636,207,33.0837
118636,208,32.9891
118636,209,32.9838
118636,210,33.0227
118636,213,32.9193
118636,214,32.9182
118636,215,33.0235
118636,216,33.0386
118636,217,33.1264
118636,220,33.0864
118636,221,33.0284
118636,222,33.1086
118636,223,33.1489
118636,224,33.0594
118636,227,33.0022
118636,228,33.142
118636,229,33.0744
118636,230,33.1618
118636,231,33.1313
118636,234,33.1405
118636,235,33.1746
118636,236,33.0089
118636,237,32.8969
118636,238,32.9134
118636,241,32.8628
118636,242,32.9548
118636,243,32.8311
118636,244,32.8873
118636,245,32.7828
118636,248,32.7631
118636,249,32.6847
118636,250,32.8511
118636,251,32.7498
118636,252,32.7491
118636,255,32.6162
118636,256,32.7573
118636,257,32.7998
118636,258,32.8205
118636,259,32.9521
118636,262,32.9737
118636,263,33.0014
118636,264,33.0218
118636,265,33.0782
118636,266,33.0466
118636,269,33.0382
118636,270,33.1152
118636,271,33.1478
118636,272,33.1477
118636,273,33.0404
118636,276,33.1748
118636,277,33.129
118636,278,33.2211
118636,279,33.2453
118636,280,33.1466
118636,283,33.2608
118636,284,33.2917
118636,285,33.4134
118636,286,33.4076
118636,287,33.4765
118636,290,33.3377
118636,291,33.3052
118636,292,33.208
118636,293,33.1862
118636,294,33.2351
118636,297,33.194
118636,298,33.2759
118636,299,33.2136
118636,300,33.2973
118636,301,33.4169
118636,304,33.5119
118636,305,33.4924
118636,306,33.3231
118636,307,33.3815
118636,308,33.3805
118636,311,33.3078
118636,312,33.2707
118636,313,33.4007
118636,314,33.3146
118636,315,33.3635
118636,318,33.3914
118636,319,33.3708
118636,320,33.4346
118636,321,33.582
118636,322,33.5666
118636,325,33.5556
118636,326,33.6178
118636,327,33.7053
118636,328,33.7041
118636,329,33.6878
118636,332,33.5097
118636,333,33.4536
118636,334,33.3672
118636,335,33.4344
118636,336,33.4234
118636,339,33.4091
118636,340,33.4179
118636,341,33.3542
118636,342,33.4946
118636,343,33.614
118636,346,33.7609
118636,347,33.8288
118636,348,33.8359
118636,349,33.9836
118636,350,33.935
118636,353,33.8703
118636,354,33.8287
118636,355,33.8829
118636,356,33.8276
118636,357,33.824
118636,360,33.6974
118636,361,33.7479
118636,362,33.6288
118636,363,33.5595
118636,364,33.6722
118636,367,33.7821
118636,368,33.8236
118636,369,33.8568
118636,370,33.8212
118636,371,33.7651
118636,374,33.7439
118636,375,33.625
118636,376,33.656
118636,377,33.6698
118636,378,33.6003
118636,381,33.743
118636,382,33.8043
118636,383,33.873
118636,384,33.8411
118636,385,33.8506
118636,388,33.9139
118636,389,33.9366
118636,390,34.0836
118636,391,34.0759
118636,392,34.0423
118636,395,34.1065
118636,396,34.0077
118636,397,34.0967
118636,398,33.9949
118636,399,34.0593
118636,402,34.0135
118636,403,34.0641
118636,404,34.1518
118636,405,34.1748
118636,406,34.0814
118636,409,34.0141
118636,410,33.9615
118636,411,33.8093
118636,412,33.9152
118636,413,33.9343
118636,416,33.847
118636,417,33.9811
118636,418,33.9308
118636,419,33.9619
118636,420,33.9011
118636,423,33.7387
118636,424,33.6326
118636,425,33.6042
118636,426,33.6899
118636,427,33.729
118636,430,33.7506
118636,431,33.5897
118636,432,33.707
118636,433,33.7356
118636,434,33.7351
118636,437,33.8412
118636,438,33.9574
118636,439,34.0661
118636,440,34.0546
118636,441,33.9783
118636,444,34.0728
118636,445,33.9655
118636,446,34.1423
118636,447,34.1545
118636,448,34.0731
118636,451,33.9772
118636,452,33.8776
118636,453,33.8993
118636,454,33.9084
118636,455,33.8127
118636,458,33.792
118636,459,33.6853
118636,460,33.745
118636,461,33.75
118636,462,33.7275
118636,465,33.6278
118636,466,33.612
118636,467,33.5865
118636,468,33.623
118636,469,33.6467
118636,472,33.7236
118636,473,33.6921
118636,474,33.5441
118636,475,33.6375
118636,476,33.5679
118636,479,33.484
118636,480,33.4899
118636,481,33.525
118636,482,33.4897
118636,483,33.4539
118636,486,33.4305
118636,487,33.5596
118636,488,33.569
118636,489,33.4968
118636,490,33.4256
118636,493,33.414
118636,494,33.4436
118636,495,33.4939
118636,496,33.514
118636,497,33.4525
118636,500,33.4264
118636,501,33.4978
118636,502,33.4108
118636,503,33.3811
118636,504,33.441
118636,507,33.5244
118636,508,33.5177
118636,509,33.4925
118636,510,33.3907
118636,511,33.4445
118636,514,33.5654
118636,515,33.7927
118636,516,33.8353
118636,517,33.8406
118636,518,33.7719
118636,521,33.622
118636,522,33.6466
118636,523,33.8561
118636,524,33.9744
118636,525,34.0799
118636,528,34.1107
118636,529,34.1514
118636,530,33.9532
118636,531,34.0282
118636,532,33.9883
118636,535,33.9379
118636,536,33.92
118636,537,33.8991
118636,538,33.8476
118636,539,33.8584
118636,542,33.8205
118636,543,33.8387
118636,544,33.7218
118636,545,33.7132
118636,546,33.6298
118636,549,33.5851
118636,550,33.6069
118636,551,33.4809
118636,552,33.4211
118636,553,33.4786
118636,556,33.3691
118636,557,33.5285
118636,558,33.6401
118636,559,33.6078
118636,560,33.5508
118636,563,33.5774
118636,564,33.4647
118636,565,33.3059
118636,566,33.2768
118636,567,33.2751
118636,570,33.2925
118636,571,33.2505
118636,572,33.3669
118636,573,33.251
118636,574,33.1652
118636,577,33.2154
118636,578,33.1278
118636,579,33.0372
118636,580,33.0569
118636,581,32.9787
118636,584,32.977
118636,585,32.9283
118636,586,32.8663
118636,587,32.702
118636,588,32.7229
118636,591,32.6295
118636,592,32.625
118636,593,32.5922
118636,594,32.5846
118636,595,32.5816
118636,598,32.6068
118636,599,32.5564
118636,600,32.6678
118636,601,32.5254
118636,602,32.5161
118636,605,32.594
118636,606,32.6425
118636,607,32.5717
118636,608,32.5148
118636,609,32.4417
118636,612,32.5
118636,613,32.4487
118636,614,32.4788
118636,615,32.5098
118636,616,32.7137
118636,619,32.7489
118636,620,32.6914
118636,621,32.5806
118636,622,32.5673
118636,623,32.5668
118636,626,32.3951
118636,627,32.3462
118636,628,32.3797
118636,629,32.3455
118636,630,32.4338
118636,633,32.3159
118636,634,32.3803
118636,635,32.4643
118636,636,32.5519
118636,637,32.433
118636,640,32.468
118636,641,32.4226
118636,642,32.3171
118636,643,32.2927
118636,644,32.2283
118636,647,32.3124
118636,648,32.3635
118636,649,32.2788
118636,650,32.2292
118636,651,32.2075
118636,654,32.2108
118636,655,32.3018
118636,656,32.3674
118636,657,32.3808
118636,658,32.3688
118636,661,32.2337
118636,662,32.348
118636,663,32.3208
118636,664,32.457
118636,665,32.4823
118636,668,32.6578
118636,669,32.7171
118636,670,32.6086
118636,671,32.5674
118636,672,32.5629
118636,675,32.5005
118636,676,32.479
118636,677,32.3765
118636,678,32.3862
118636,679,32.4149
118636,682,32.3422
118636,683,32.51
118636,684,32.5245
118636,685,32.4669
118636,686,32.3431
118636,689,32.3572
118636,690,32.3452
118636,691,32.4184
118636,692,32.4159
118636,693,32.3278
118636,696,32.4735
118636,697,32.5184
118636,698,32.5069
118636,699,32.5297
118636,700,32.5779
118636,703,32.4701
118636,704,32.4923
118636,705,32.4647
118636,706,32.5155
118636,707,32.4642
118636,710,32.424
118636,711,32.5695
118636,712,32.68
118636,713,32.419
118636,714,32.5229
118636,717,32.5262
118636,718,32.4775
118636,719,32.4044
118636,720,32.3362
118636,721,32.2901
118636,724,32.2077
118636,725,32.1072
118636,726,32.0322
118636,727,32.0675
118636,728,32.0807
118636,731,32.1349
118636,732,32.1387
118636,733,32.0422
118636,734,32.0913
118636,735,32.0193
118636,738,32.0807
118636,739,31.9957
118636,740,31.9495
118636,741,31.9295
118636,742,31.993
118636,745,32.0163
118636,746,32.0271
118636,747,32.1888
118636,748,32.0493
118636,749,31.9747
118636,752,31.8968
118636,753,31.7639
118636,754,31.7154
118636,755,31.7795
118636,756,31.7412
118636,759,31.7237
118636,760,31.5953
118636,761,31.541
118636,762,31.5133
118636,763,31.5734
118636,766,31.4494
118636,767,31.4223
118636,768,31.5175
118636,769,31.4912
118636,770,31.3327
118636,773,31.4428
118636,774,31.5101
118636,775,31.5882
118636,776,31.4587
118636,777,31.5879
118636,780,31.5354
118636,781,31.5039
118636,782,31.4572
118636,783,31.5413
118636,784,31.5361
118636,787,31.5834
118636,788,31.5985
118636,789,31.5999
118636,790,31.5336
118636,791,31.687
118636,794,31.5794
118636,795,31.6212
118636,796,31.6603
118636,797,31.7616
118636,798,31.882
118636,801,31.8801
118636,802,31.9318
118636,803,32.0833
118636,804,32.0872
118636,805,32.0103
118636,808,31.9884
118636,809,31.8925
118636,810,31.9315
118636,811,32.0264
118636,812,32.0258
118636,815,31.9044
118636,816,31.9958
118636,817,31.862
118636,818,31.7472
118636,819,31.742
118636,822,31.7712
118636,823,31.8141
118636,824,31.8179
118636,825,31.9685
118636,826,31.9829
118636,829,32.0755
118636,830,32.1484
118636,831,32.053
118636,832,32.0484
118636,833,32.2295
118636,836,32.1978
118636,837,32.1523
118636,838,32.1753
118636,839,32.1465
118636,840,32.0915
118636,843,32.0616
118636,844,32.1867
118636,845,32.1848
118636,846,32.0864
118636,847,31.9736
118636,850,32.1611
118636,851,32.1521
118636,852,32.1966
118636,853,32.1432
118636,854,32.1784
118636,857,32.3062
118636,858,32.2624
118636,859,32.3089
118636,860,32.2039
118636,861,32.3777
118636,864,32.4088
118636,865,32.3844
118636,866,32.3694
118636,867,32.337
118636,868,32.3089
118636,871,32.1194
118636,872,32.1207
118636,873,32.1185
118636,874,32.1673
118636,875,32.1341
118636,878,32.0809
118636,879,32.0894
118636,880,31.9684
118636,881,31.9891
118636,882,31.8485
118636,885,31.9477
118636,886,32.012
118636,887,31.9465
118636,888,32.0089
118636,889,32.0271
118636,892,31.9549
118636,893,31.8015
118636,894,31.8359
118636,895,31.7814
118636,896,31.8783
118636,899,31.8885
118636,900,31.8414
118636,901,31.9952
118636,902,32.0508
118636,903,31.7661
118636,906,31.7362
118636,907,31.6348
118636,908,31.5801
118636,909,31.5776
118636,910,31.6148
118636,913,31.6447
118636,914,31.7398
118636,915,31.7999
118636,916,31.855
118636,917,31.8803
118636,920,31.993
118636,921,31.9767
118636,922,31.9624
118636,923,31.8184
118636,924,31.9123
118636,927,31.9152
118636,928,32.1612
118636,929,32.1375
118636,930,32.1539
118636,931,32.2074
118636,934,32.1273
118636,935,32.1655
118636,936,32.1775
118636,937,32.1621
118636,938,32.2665
118636,941,32.2023
118636,942,32.2338
118636,943,32.3614
118636,944,32.3131
118636,945,32.2981
118636,948,32.4989
118636,949,32.547
118636,950,32.5148
118636,951,32.59
118636,952,32.5527
118636,955,32.4338
118636,956,32.5555
118636,957,32.4744
118636,958,32.685
118636,959,32.654
118636,962,32.8394
118636,963,32.7357
118636,964,32.8298
118636,965,32.8805
118636,966,32.9594
118636,969,33.0493
118636,970,33.0174
118636,971,32.918
118636,972,32.9232
118636,973,32.9511
118636,976,32.9214
118636,977,32.9538
118636,978,32.9907
118636,979,32.9245
118636,980,32.9667
118636,983,32.9539
118636,984,32.9052
118636,985,32.98
118636,986,32.9249
118636,987,32.8965
118636,990,32.9118
118636,991,33.0354
118636,992,33.0609
118636,993,33.1144
118636,994,33.0991
118636,997,33.102
118636,998,33.1073
118636,999,33.1413
118636,1000,33.1261
118636,1001,33.2476
118636,1004,33.2258
118636,1005,33.0927
118636,1006,33.3317
118636,1007,33.3137
118636,1008,33.4337
118636,1011,33.5618
118636,1012,33.6515
118636,1013,33.6443
118636,1014,33.6782
118636,1015,33.5798
118636,1018,33.7583
118636,1019,33.6955
118636,1020,33.6836
118636,1021,33.7016
118636,1022,33.7022
118636,1025,33.656
118636,1026,33.7841
118636,1027,33.8748
118636,1028,33.912
118636,1029,33.8875
118636,1032,33.9883
118636,1033,33.9582
118636,1034,34.1026
118636,1035,34.1219
118636,1036,34.2376
118636,1039,34.2375
118636,1040,34.2535
118636,1041,34.3692
118636,1042,34.5696
118636,1043,34.7157
118636,1046,34.8025
118636,1047,34.8642
118636,1048,34.8296
118636,1049,34.8655
118636,1050,34.7953
118636,1053,34.8382
118636,1054,34.8868
118636,1055,34.7248
118636,1056,34.7381
118636,1057,34.7844
118636,1060,34.787
118636,1061,34.8284
118636,1062,34.7207
118636,1063,34.6628
118636,1064,34.7633
118636,1067,34.7732
118636,1068,34.813
118636,1069,34.775
118636,1070,34.7867
118636,1071,34.5953
118636,1074,34.6791
118636,1075,34.8474
118636,1076,34.7639
118636,1077,34.6915
118636,1078,34.74
118636,1081,34.8793
118636,1082,34.889
118636,1083,34.7911
118636,1084,34.7827
118636,1085,34.7025
118636,1088,34.654
118636,1089,34.6373
118636,1090,34.5662
118636,1091,34.5083
118636,1092,34.5247
118636,1095,34.5533
118636,1096,34.4393
118636,1097,34.4836
118636,1098,34.4603
118636,1099,34.5327
118636,1102,34.6106
118636,1103,34.573
118636,1104,34.6365
118636,1105,34.5734
118636,1106,34.6988
118636,1109,34.6389
118636,1110,34.6796
118636,1111,34.6731
118636,1112,34.5943
118636,1113,34.6828
118636,1116,34.6391
118636,1117,34.5009
118636,1118,34.261
118636,1119,34.1953
118636,1120,34.3239
118636,1123,34.4427
118636,1124,34.3902
118636,1125,34.3676
118636,1126,34.3372
118636,1127,34.2318
118636,1130,34.1598
118636,1131,34.2541
118636,1132,34.3074
118636,1133,34.3409
118636,1134,34.2353
118636,1137,34.2538
118636,1138,34.0652
118636,1139,34.1474
118636,1140,34.1794
118636,1141,34.0735
118636,1144,34.2223
118636,1145,34.0775
118636,1146,34.1329
118636,1147,34.1904
118636,1148,34.0935
118636,1151,34.1
118636,1152,33.9694
118636,1153,33.7362
118636,1154,33.6552
118636,1155,33.6125
118636,1158,33.6768
118636,1159,33.6921
118636,1160,33.7097
118636,1161,33.6332
118636,1162,33.598
118636,1165,33.5289
118636,1166,33.4351
118636,1167,33.3947
118636,1168,33.4105
118636,1169,33.3718
118636,1172,33.3542
118636,1173,33.4222
118636,1174,33.3896
118636,1175,33.287
118636,1176,33.3439
118636,1179,33.3757
118636,1180,33.4129
118636,1181,33.4752
118636,1182,33.5234
118636,1183,33.5354
118636,1186,33.7477
118636,1187,33.6482
118636,1188,33.6081
118636,1189,33.6998
118636,1190,33.7215
118636,1193,33.7956
118636,1194,33.8198
118636,1195,33.9467
118636,1196,33.8704
118636,1197,33.9948
118636,1200,34.105
118636,1201,34.0109
118636,1202,34.0747
118636,1203,34.0808
118636,1204,34.0384
118636,1207,33.8865
118636,1208,33.81
118636,1209,33.88
118636,1210,33.9593
118636,1211,33.951
118636,1214,34.0306
118636,1215,34.1215
118636,1216,34.1446
118636,1217,34.0922
118636,1218,34.1399
118636,1221,34.1916
118636,1222,34.2595
118636,1223,34.3441
118636,1224,34.2362
118636,1225,34.202
118636,1228,34.0485
118636,1229,34.1224
118636,1230,34.1139
118636,1231,34.1607
118636,1232,34.0436
118636,1235,34.1738
118636,1236,34.0808
118636,1237,34.1572
118636,1238,34.1771
118636,1239,34.1705
118636,1242,34.157
118636,1243,34.1119
118636,1244,34.2332
118636,1245,34.2441
118636,1246,34.1445
118636,1249,34.1212
118636,1250,34.142
118636,1251,34.2291
118636,1252,34.1868
118636,1253,34.1502
118636,1256,34.162
118636,1257,34.2471
118636,1258,34.1389
118636,1259,34.1922
118636,1260,34.162
118636,1263,34.1438
118636,1264,34.3263
118636,1265,34.3191
118636,1266,34.3942
118636,1267,34.4664
118636,1270,34.3739
118636,1271,34.2242
118636,1272,34.3049
118636,1273,34.2211
118636,1274,34.0877
118636,1277,34.1857
118636,1278,34.1077
118636,1279,34.0511
118636,1280,34.2307
118636,1281,34.0976
118636,1284,33.9996
118636,1285,33.9699
118636,1286,33.9591
118636,1287,33.8923
118636,1288,33.8032
118636,1291,33.9418
118636,1292,33.974
118636,1293,34.0338
118636,1294,34.0318
118636,1295,34.0663
118636,1298,34.1563
118636,1299,34.0804
118636,1300,34.1129
118636,1301,34.1825
118636,1302,34.3256
118636,1305,34.5044
118636,1306,34.5203
118636,1307,34.6294
118636,1308,34.407
118636,1309,34.5517
118636,1312,34.4984
118636,1313,34.4873
118636,1314,34.5356
118636,1315,34.5321
118636,1316,34.559
118636,1319,34.7075
118636,1320,34.6838
118636,1321,34.5988
118636,1322,34.7672
118636,1323,34.8234
118636,1326,35.0024
118636,1327,35.0887
118636,1328,34.9819
118636,1329,35.0488
118636,1330,34.972
118636,1333,34.9827
118636,1334,34.986
118636,1335,34.8536
118636,1336,34.7923
118636,1337,34.9961
118636,1340,35.0271
118636,1341,35.0217
118636,1342,35.1921
118636,1343,35.167
118636,1344,35.1689
118636,1347,35.2669
118636,1348,35.2414
118636,1349,35.1852
118636,1350,34.996
118636,1351,34.9235
118636,1354,34.8503
118636,1355,34.8742
118636,1356,34.8305
118636,1357,35.0304
118636,1358,34.9472
118636,1361,35.0808
118636,1362,35.1102
118636,1363,35.1917
118636,1364,35.268
118636,1365,35.0814
118636,1368,35.0905
118636,1369,35.0773
118636,1370,34.9873
118636,1371,35.0378
118636,1372,35.1998
118636,1375,34.9735
118636,1376,34.9364
118636,1377,34.8369
118636,1378,34.8531
118636,1379,34.8345
118636,1382,34.7913
118636,1383,34.8618
118636,1384,35.0158
118636,1385,35.2615
118636,1386,35.2059
118636,1389,35.0547
118636,1390,35.1142
118636,1391,35.267
118636,1392,35.3495
118636,1393,35.503
118636,1396,35.493
118636,1397,35.4486
118636,1398,35.4691
118636,1399,35.4497
118636,1400,35.5191
118636,1403,35.6162
118636,1404,35.7206
118636,1405,35.7768
118636,1406,35.8092
118636,1407,35.8912
118636,1410,35.7243
118636,1411,35.7535
118636,1412,35.7684
118636,1413,35.7979
118636,1414,35.8002
118636,1417,35.8494
118636,1418,35.8078
118636,1419,35.9201
118636,1420,35.9733
118636,1421,35.9972
118636,1424,35.9443
118636,1425,36.0285
118636,1426,36.0575
118636,1427,35.9992
118636,1428,36.0044
118636,1431,36.0718
118636,1432,36.1323
118636,1433,36.187
118636,1434,36.2058
118636,1435,36.3099
118636,1438,36.4337
118636,1439,36.5119
118636,1440,36.4683
118636,1441,36.3816
118636,1442,36.3421
118636,1445,36.5319
118636,1446,36.5683
118636,1447,36.7753
118636,1448,36.7747
118636,1449,36.7612
118636,1452,36.7648
118636,1453,36.7668
118636,1454,36.7057
118636,1455,36.61
118636,1456,36.6668
118636,1459,36.7749
118636,1460,37.0127
118636,1461,36.9829
118636,1462,36.9606
118636,1463,36.8993
118636,1466,37.0147
118636,1467,37.1014
118636,1468,37.0301
118636,1469,36.9566
118636,1470,37.056
118636,1473,37.1024
118636,1474,37.184
118636,1475,37.1119
118636,1476,36.9473
118636,1477,36.8765
118636,1480,36.951
118636,1481,37.1587
118636,1482,37.1291
118636,1483,37.3533
118636,1484,37.4422
118636,1487,37.3217
118636,1488,37.3525
118636,1489,37.4446
118636,1490,37.2271
118636,1491,37.2982
118636,1494,37.4193
118636,1495,37.4676
118636,1496,37.4725
118636,1497,37.4669
118636,1498,37.4557
118636,1501,37.3556
118636,1502,37.3016
118636,1503,37.2731
118636,1504,37.2944
118636,1505,37.2528
118636,1508,37.1819
118636,1509,37.2638
118636,1510,37.3093
118636,1511,37.2693
118636,1512,37.3275
118636,1515,37.2955
118636,1516,37.3121
118636,1517,37.4146
118636,1518,37.3684
118636,1519,37.2688
118636,1522,37.2658
118636,1523,37.1486
118636,1524,37.1333
118636,1525,37.1176
118636,1526,36.8985
118636,1529,36.9584
118636,1530,36.952
118636,1531,37.0728
118636,1532,37.1035
118636,1533,37.183
118636,1536,37.3053
118636,1537,37.3035
118636,1538,37.3141
118636,1539,37.1771
118636,1540,37.3041
118636,1543,37.301
118636,1544,37.2172
118636,1545,37.2973
118636,1546,37.1036
118636,1547,37.0741
118636,1550,37.1697
118636,1551,37.1393
118636,1552,37.0828
118636,1553,37.0545
118636,1554,36.8778
118636,1557,36.955
118636,1558,36.9541
118636,1559,36.9393
118636,1560,36.9248
118636,1561,36.9367
118636,1564,37.0081
118636,1565,37.0138
118636,1566,36.8976
118636,1567,36.9617
118636,1568,37.0187
118636,1571,37.0485
118636,1572,37.1596
118636,1573,37.1731
118636,1574,37.288
118636,1575,37.4311
118636,1578,37.4968
118636,1579,37.4369
118636,1580,37.4353
118636,1581,37.563
118636,1582,37.4323
118636,1585,37.406
118636,1586,37.3844
118636,1587,37.3136
118636,1588,37.4064
118636,1589,37.4527
118636,1592,37.3963
118636,1593,37.4641
118636,1594,37.4599
118636,1595,37.3866
118636,1596,37.3302
118636,1599,37.3819
118636,1600,37.4812
118636,1601,37.4459
118636,1602,37.508
118636,1603,37.6686
118636,1606,37.56
118636,1607,37.6044
118636,1608,37.694
118636,1609,37.6957
118636,1610,37.8243
120841,3,275.837
120841,4,276.8163
120841,5,276.3892
120841,6,278.9247
120841,7,281.1488
120841,10,275.1141
120841,11,275.2495
120841,12,274.4348
120841,13,275.5387
120841,14,275.2105
120841,17,275.1457
120841,18,273.1999
120841,19,275.1173
120841,20,279.3065
120841,21,277.3693
120841,24,274.1142
120841,25,274.304
120841,26,274.3762
120841,27,277.3673
120841,28,274.5184
120841,31,273.36
120841,32,268.3694
120841,33,271.7837
120841,34,272.5255
120841,35,271.554
120841,38,268.5442
120841,39,265.7828
120841,40,266.8933
120841,41,264.4357
120841,42,264.815
120841,45,269.7685
120841,46,269.0816
120841,47,266.9473
120841,48,267.9864
120841,49,265.2418
120841,52,269.4348
120841,53,272.9316
120841,54,272.6773
120841,55,270.6676
120841,56,269.7923
120841,59,269.2286
120841,60,270.2803
120841,61,272.9105
120841,62,270.5667
120841,63,273.1306
120841,66,274.7642
120841,67,273.6776
120841,68,271.2071
120841,69,271.6254
120841,70,269.2378
120841,73,271.8197
120841,74,269.2777
120841,75,270.7211
120841,76,270.6683
120841,77,269.4723
120841,80,269.367
120841,81,272.0852
120841,82,269.3782
120841,83,268.5393
120841,84,266.9025
120841,87,266.9493
120841,88,265.4792
120841,89,261.5065
120841,90,259.2181
120841,91,263.125
120841,94,263.8342
120841,95,264.4652
120841,96,263.943
120841,97,263.959
120841,98,263.096
120841,101,264.4579
120841,102,264.8297
120841,103,262.2434
120841,104,262.9665
120841,105,257.4585
120841,108,258.5332
120841,109,255.4715
120841,110,255.3869
120841,111,252.8407
120841,112,252.9775
120841,115,254.4022
120841,116,257.9294
120841,117,254.5782
120841,118,256.9103
120841,119,257.3403
120841,122,256.4518
120841,123,258.3094
120841,124,257.9055
120841,125,259.6766
120841,126,257.547
120841,129,256.2454
120841,130,258.52
120841,131,262.064
120841,132,262.1183
120841,133,255.8855
120841,136,255.5685
120841,137,255.7735
120841,138,255.3807
120841,139,256.2715
120841,140,255.3276
120841,143,257.3563
120841,144,254.8532
120841,145,257.7813
120841,146,261.4644
120841,147,259.5012
120841,150,257.5516
120841,151,258.6195
120841,152,256.0579
120841,153,255.0795
120841,154,257.7047
120841,157,259.5204
120841,158,264.2287
120841,159,264.7635
120841,160,263.4769
120841,161,263.732
120841,164,263.5179
120841,165,263.3365
120841,166,263.4171
120841,167,261.3962
120841,168,262.1828
120841,171,259.0794
120841,172,257.5796
120841,173,257.4425
120841,174,252.4933
120841,175,254.3427
120841,178,249.9076
120841,179,251.5174
120841,180,248.7943
120841,181,248.0354
120841,182,249.3022
120841,185,254.3134
120841,186,254.7061
120841,187,250.4204
120841,188,252.6658
120841,189,252.2796
120841,192,252.5655
120841,193,253.9421
120841,194,249.1353
120841,195,249.2782
120841,196,248.5073
120841,199,251.3293
120841,200,253.0766
120841,201,249.5999
120841,202,252.5251
120841,203,253.659
120841,206,250.3503
120841,207,250.6027
120841,208,253.0308
120841,209,250.4652
120841,210,253.6575
120841,213,250.4253
120841,214,248.8123
120841,215,246.8792
120841,216,250.0244
120841,217,249.0725
120841,220,246.6585
120841,221,247.7567
120841,222,249.3342
120841,223,250.9358
120841,224,250.4652
120841,227,251.1576
120841,228,249.8503
120841,229,253.6989
120841,230,256.4042
120841,231,258.9983
120841,234,260.9532
120841,235,262.2873
120841,236,259.5585
120841,237,261.1469
120841,238,261.5451
120841,241,264.612
120841,242,266.6404
120841,243,268.0761
120841,244,264.2599
120841,245,264.1889
120841,248,263.0279
120841,249,263.7499
120841,250,262.9207
120841,251,262.417
120841,252,263.6174
120841,255,262.7502
120841,256,263.1678
120841,257,259.7989
120841,258,258.0318
120841,259,259.6629
120841,262,256.9935
120841,263,259.9666
120841,264,262.3455
120841,265,261.8607
120841,266,269.0171
120841,269,272.1229
120841,270,269.9935
120841,271,271.9163
120841,272,272.2147
120841,273,270.4959
120841,276,268.0939
120841,277,270.5961
120841,278,269.3118
120841,279,269.2087
120841,280,267.1687
120841,283,265.5486
120841,284,265.3884
120841,285,266.4359
120841,286,260.5572
120841,287,260.7306
120841,290,259.1542
120841,291,262.5146
120841,292,269.5558
120841,293,268.8417
120841,294,264.9258
120841,297,265.3359
120841,298,264.9923
120841,299,269.7788
120841,300,273.9145
120841,301,276.1554
120841,304,274.872
120841,305,276.6626
120841,306,277.4531
120841,307,278.1877
120841,308,274.5325
120841,311,277.2583
120841,312,277.6652
120841,313,277.5615
120841,314,276.2388
120841,315,274.4537
120841,318,275.3647
120841,319,271.2894
120841,320,273.3258
120841,321,270.9364
120841,322,266.199
120841,325,270.6503
120841,326,268.7485
120841,327,267.1801
120841,328,270.0061
120841,329,274.5998
120841,332,271.0521
120841,333,268.9147
120841,334,266.9672
120841,335,269.3161
120841,336,273.3785
120841,339,270.9262
120841,340,274.4692
120841,341,272.899
120841,342,273.8504
120841,343,270.9366
120841,346,270.785
120841,347,270.6594
120841,348,270.0474
120841,349,271.1057
120841,350,268.8472
120841,353,266.8977
120841,354,268.0686
120841,355,271.4002
120841,356,271.4856
120841,357,272.835
120841,360,274.8069
120841,361,276.9699
120841,362,274.7923
120841,363,273.0565
120841,364,271.5398
120841,367,276.3404
120841,368,277.7249
120841,369,279.006
120841,370,280.053
120841,371,276.9526
120841,374,281.8727
120841,375,283.2125
120841,376,285.1716
120841,377,280.9106
120841,378,282.9947
120841,381,282.2526
120841,382,279.123
120841,383,276.9279
120841,384,273.9971
120841,385,271.057
120841,388,271.3417
120841,389,270.5573
120841,390,271.4956
120841,391,275.6805
120841,392,275.5079
120841,395,270.2464
120841,396,269.8095
120841,397,272.8049
120841,398,272.7389
120841,399,276.585
120841,402,277.8353
120841,403,273.5084
120841,404,273.9142
120841,405,274.7743
120841,406,277.5479
120841,409,282.1834
120841,410,284.5982
120841,411,285.8534
120841,412,287.7115
120841,413,287.4338
120841,416,283.8957
120841,417,284.1462
120841,418,285.2101
120841,419,282.3442
120841,420,285.8143
120841,423,288.5087
120841,424,285.1865
120841,425,288.7914
120841,426,288.1558
120841,427,286.3319
120841,430,289.2195
120841,431,289.2385
120841,432,294.2756
120841,433,292.2211
120841,434,287.9408
120841,437,287.3777
120841,438,289.5343
120841,439,287.3247
120841,440,284.1205
120841,441,284.8416
120841,444,281.3334
120841,445,282.241
120841,446,281.5396
120841,447,282.9159
120841,448,279.6283
120841,451,282.9941
120841,452,282.6834
120841,453,284.7402
120841,454,287.309
120841,455,284.5379
120841,458,286.9084
120841,459,283.4714
120841,460,280.2112
120841,461,285.2541
120841,462,288.2135
120841,465,293.6844
120841,466,292.8781
120841,467,293.294
120841,468,294.8133
120841,469,294.9337
120841,472,293.1505
120841,473,290.9931
120841,474,291.6928
120841,475,289.1103
120841,476,286.4799
120841,479,287.6244
120841,480,287.5314
120841,481,290.0674
120841,482,289.1315
120841,483,287.8016
120841,486,289.0277
120841,487,287.1134
120841,488,285.5991
120841,489,284.1921
120841,490,283.8134
120841,493,288.4334
120841,494,285.0994
120841,495,288.5243
120841,496,290.5576
120841,497,294.7528
120841,500,303.1767
120841,501,307.1868
120841,502,309.8646
120841,503,306.4566
120841,504,303.4238
120841,507,304.5463
120841,508,300.1743
120841,509,301.9637
120841,510,296.4844
120841,511,299.6671
120841,514,298.9723
120841,515,299.4607
120841,516,297.6443
120841,517,292.8532
120841,518,296.2123
120841,521,299.8769
120841,522,299.103
120841,523,301.0094
120841,524,300.1283
120841,525,301.0482
120841,528,303.2268
120841,529,304.8721
120841,530,308.6582
120841,531,310.2339
120841,532,310.4709
120841,535,308.5521
120841,536,307.4113
120841,537,309.7751
120841,538,305.857
120841,539,309.0137
120841,542,308.4075
120841,543,306.347
120841,544,303.5495
120841,545,305.5177
120841,546,305.6359
120841,549,310.1084
120841,550,306.8315
120841,551,305.4285
120841,552,305.3376
120841,553,303.4762
120841,556,303.6492
120841,557,304.6631
120841,558,306.1256
120841,559,310.3791
120841,560,306.9898
120841,563,308.0645
120841,564,306.4699
120841,565,307.7931
120841,566,309.1256
120841,567,306.6049
120841,570,304.3348
120841,571,305.8689
120841,572,306.0899
120841,573,305.6552
120841,574,307.5927
120841,577,309.7438
120841,578,308.4595
120841,579,306.3083
120841,580,303.0745
120841,581,303.3204
120841,584,299.6918
120841,585,300.1094
120841,586,303.5039
120841,587,302.7154
120841,588,301.4428
120841,591,306.9594
120841,592,311.2342
120841,593,309.3021
120841,594,309.8413
120841,595,310.9011
120841,598,311.6207
120841,599,316.8114
120841,600,317.2188
120841,601,318.0472
120841,602,320.1498
120841,605,323.6941
120841,606,326.5482
120841,607,328.2708
120841,608,323.9562
120841,609,322.731
120841,612,325.2395
120841,613,326.1267
120841,614,328.681
120841,615,334.3695
120841,616,331.0875
120841,619,334.5994
120841,620,333.7981
120841,621,336.7367
120841,622,336.788
120841,623,343.3423
120841,626,343.9138
120841,627,342.153
120841,628,343.5996
120841,629,344.7604
120841,630,348.4179
120841,633,349.9779
120841,634,357.8858
120841,635,357.7188
120841,636,357.5891
120841,637,355.8733
120841,640,356.326
120841,641,357.2371
120841,642,358.3089
120841,643,358.7063
120841,644,356.9664
120841,647,354.3844
120841,648,353.396
120841,649,357.1559
120841,650,361.6418
120841,651,361.5829
120841,654,358.7778
120841,655,358.706
120841,656,365.573
120841,657,368.9982
120841,658,370.9862
120841,661,374.3423
120841,662,379.6589
120841,663,376.0122
120841,664,374.9078
120841,665,373.3562
120841,668,375.4881
120841,669,376.2127
120841,670,378.9259
120841,671,377.4304
120841,672,382.222
120841,675,382.1854
120841,676,384.7321
120841,677,389.0102
120841,678,393.0575
120841,679,394.5137
120841,682,397.5798
120841,683,403.9421
120841,684,405.9853
120841,685,403.5894
120841,686,405.8793
120841,689,405.9553
120841,690,397.8406
120841,691,399.671
120841,692,400.2888
120841,693,404.6008
120841,696,402.1405
120841,697,397.0405
120841,698,397.8368
120841,699,399.3789
120841,700,399.9158
120841,703,400.1952
120841,704,396.6456
120841,705,396.3643
120841,706,395.3522
120841,707,399.3161
120841,710,400.8609
120841,711,400.0857
120841,712,406.4243
120841,713,405.6709
120841,714,407.8817
120841,717,407.4919
120841,718,413.6095
120841,719,414.14
120841,720,414.7794
120841,721,414.4818
120841,724,415.415
120841,725,420.0496
120841,726,423.4131
120841,727,423.7365
120841,728,430.3643
120841,731,433.9142
120841,732,432.4637
120841,733,427.4514
120841,734,426.1095
120841,735,427.8864
120841,738,430.3679
120841,739,435.7823
120841,740,431.8186
120841,741,430.3714
120841,742,426.1445
120841,745,421.3599
120841,746,419.2496
120841,747,420.8243
120841,748,423.9156
120841,749,420.6018
120841,752,417.8261
120841,753,411.5311
120841,754,412.5226
120841,755,410.079
120841,756,416.3525
120841,759,418.0756
120841,760,417.6594
120841,761,415.5189
120841,762,410.2891
120841,763,405.5785
120841,766,403.5674
120841,767,401.2946
120841,768,397.9792
120841,769,399.511
120841,770,401.5341
120841,773,400.1197
120841,774,407.2169
120841,775,401.1988
120841,776,401.6118
120841,777,401.0452
120841,780,399.3081
120841,781,397.0636
120841,782,397.2441
120841,783,396.6593
120841,784,395.4948
120841,787,391.1925
120841,788,385.8487
120841,789,385.0668
120841,790,383.9017
120841,791,383.4329
120841,794,383.2634
120841,795,381.6983
120841,796,381.1805
120841,797,378.5172
120841,798,383.8367
120841,801,381.3357
120841,802,380.2862
120841,803,378.0615
120841,804,375.7941
120841,805,376.0698
120841,808,375.9247
120841,809,374.5977
120841,810,373.8552
120841,811,371.6811
120841,812,373.1927
120841,815,380.2147
120841,816,377.4871
120841,817,378.9964
120841,818,379.3423
120841,819,381.7827
120841,822,384.3343
120841,823,385.2298
120841,824,385.2933
120841,825,384.0179
120841,826,381.6328
120841,829,381.5037
120841,830,377.4007
120841,831,375.623
120841,832,379.5033
120841,833,380.0292
120841,836,383.2304
120841,837,388.4302
120841,838,388.0243
120841,839,388.935
120841,840,388.1012
120841,843,385.5287
120841,844,382.4994
120841,845,385.553
120841,846,386.4624
120841,847,393.0104
120841,850,396.5985
120841,851,394.2526
120841,852,397.3902
120841,853,396.527
120841,854,401.0121
120841,857,399.5019
120841,858,396.0153
120841,859,393.4487
120841,860,391.075
120841,861,388.388
120841,864,386.631
120841,865,389.7642
120841,866,396.1914
120841,867,391.7728
120841,868,396.3673
120841,871,394.9046
120841,872,396.3224
120841,873,390.7843
120841,874,392.7971
120841,875,386.1106
120841,878,387.3809
120841,879,388.4611
120841,880,389.3168
120841,881,387.0013
120841,882,389.082
120841,885,390.6278
120841,886,390.1063
120841,887,392.6271
120841,888,392.4987
120841,889,394.5368
120841,892,394.3024
120841,893,395.2605
120841,894,397.474
120841,895,396.286
120841,896,392.1995
120841,899,393.3584
120841,900,397.7114
120841,901,398.9678
120841,902,400.2952
120841,903,400.3528
120841,906,403.179
120841,907,402.7261
120841,908,401.3242
120841,909,405.4644
120841,910,403.78
120841,913,407.1699
120841,914,411.3727
120841,915,413.6476
120841,916,409.3265
120841,917,409.6358
120841,920,409.1177
120841,921,407.5422
120841,922,408.2661
120841,923,411.2572
120841,924,409.8088
120841,927,409.401
120841,928,408.7424
120841,929,413.1726
120841,930,412.4495
120841,931,408.1943
120841,934,402.7769
120841,935,404.2759
120841,936,401.7801
120841,937,404.3651
120841,938,399.8518
120841,941,398.1612
120841,942,393.7194
120841,943,395.4353
120841,944,397.9098
120841,945,399.3058
120841,948,395.704
120841,949,393.3128
120841,950,394.3298
120841,951,388.7043
120841,952,388.0787
120841,955,393.5082
120841,956,393.0869
120841,957,388.1605
120841,958,386.286
120841,959,384.3416
120841,962,391.8673
120841,963,397.8715
120841,964,400.6512
120841,965,399.6469
120841,966,404.1095
120841,969,400.2965
120841,970,404.3237
120841,971,407.8566
120841,972,407.5228
120841,973,411.8501
120841,976,410.4406
120841,977,406.0962
120841,978,409.8252
120841,979,409.7285
120841,980,412.1214
120841,983,419.0091
120841,984,416.5634
120841,985,416.2517
120841,986,422.2717
120841,987,424.9886
120841,990,422.5918
120841,991,419.2637
120841,992,417.531
120841,993,415.0348
120841,994,416.1191
120841,997,416.6219
120841,998,417.8647
120841,999,414.9916
120841,1000,414.9464
120841,1001,407.7017
120841,1004,408.4341
120841,1005,412.903
120841,1006,407.9577
120841,1007,409.9121
120841,1008,407.9196
120841,1011,411.0288
120841,1012,411.8167
120841,1013,413.5024
120841,1014,413.9524
120841,1015,419.0464
120841,1018,420.5491
120841,1019,418.1566
120841,1020,418.7367
120841,1021,417.5921
120841,1022,418.4064
120841,1025,417.0754
120841,1026,414.8073
120841,1027,415.7513
120841,1028,416.1706
120841,1029,420.3107
120841,1032,418.9915
120841,1033,411.9479
120841,1034,410.84
120841,1035,405.198
120841,1036,406.896
120841,1039,401.1403
120841,1040,397.8641
120841,1041,396.7994
120841,1042,402.4468
120841,1043,398.8626
120841,1046,399.112
120841,1047,401.3657
120841,1048,406.8632
120841,1049,409.8751
120841,1050,414.062
120841,1053,417.4455
120841,1054,413.2308
120841,1055,414.7577
120841,1056,418.0892
120841,1057,414.7911
120841,1060,412.8887
120841,1061,410.1859
120841,1062,413.2035
120841,1063,413.1642
120841,1064,412.2093
120841,1067,407.7866
120841,1068,407.7545
120841,1069,405.9279
120841,1070,407.0099
120841,1071,403.1358
120841,1074,403.9771
120841,1075,402.6239
120841,1076,398.4177
120841,1077,393.9844
120841,1078,390.1171
120841,1081,389.6085
120841,1082,390.2258
120841,1083,391.3573
120841,1084,392.6227
120841,1085,390.2063
120841,1088,394.0688
120841,1089,392.7375
120841,1090,394.5032
120841,1091,394.1358
120841,1092,395.6476
120841,1095,395.1042
120841,1096,396.6828
120841,1097,396.8617
120841,1098,399.9266
120841,1099,397.2544
120841,1102,391.3036
120841,1103,388.1591
120841,1104,392.0378
120841,1105,391.7058
120841,1106,392.2262
120841,1109,388.799
120841,1110,389.2246
120841,1111,385.9284
120841,1112,383.1567
120841,1113,381.9961
120841,1116,383.6964
120841,1117,385.7673
120841,1118,387.9424
120841,1119,382.7444
120841,1120,382.9193
120841,1123,382.4526
120841,1124,377.5142
120841,1125,377.7622
120841,1126,377.1233
120841,1127,379.0239
120841,1130,379.4913
120841,1131,377.8522
120841,1132,381.1463
120841,1133,373.9454
120841,1134,373.9264
120841,1137,368.3466
120841,1138,365.5838
120841,1139,367.4693
120841,1140,363.5505
120841,1141,359.1996
120841,1144,367.0143
120841,1145,362.828
120841,1146,368.338
120841,1147,367.9688
120841,1148,366.4586
120841,1151,368.485
120841,1152,373.0467
120841,1153,369.4857
120841,1154,368.0165
120841,1155,370.9668
120841,1158,372.1021
120841,1159,375.9297
120841,1160,377.8362
120841,1161,384.108
120841,1162,384.9119
120841,1165,385.8646
120841,1166,387.1607
120841,1167,386.874
120841,1168,389.9796
120841,1169,390.9973
120841,1172,393.9278
120841,1173,397.4278
120841,1174,399.1382
120841,1175,401.1151
120841,1176,397.7621
120841,1179,396.0404
120841,1180,399.203
120841,1181,404.4553
120841,1182,397.7979
120841,1183,396.0149
120841,1186,396.3018
120841,1187,393.4435
120841,1188,390.8013
120841,1189,392.6441
120841,1190,398.3639
120841,1193,391.4911
120841,1194,391.1047
120841,1195,392.9085
120841,1196,395.8255
120841,1197,397.1459
120841,1200,403.5716
120841,1201,403.8828
120841,1202,408.7939
120841,1203,406.68
120841,1204,407.098
120841,1207,402.975
120841,1208,406.399
120841,1209,406.177
120841,1210,407.671
120841,1211,406.7557
120841,1214,409.0758
120841,1215,410.724
120841,1216,407.3469
120841,1217,404.204
120841,1218,404.3135
120841,1221,406.8821
120841,1222,413.8354
120841,1223,415.1569
120841,1224,419.0784
120841,1225,413.3728
120841,1228,420.9939
120841,1229,423.4671
120841,1230,423.5003
120841,1231,423.1038
120841,1232,419.2087
120841,1235,416.398
120841,1236,423.6917
120841,1237,420.2289
120841,1238,416.7237
120841,1239,414.3646
120841,1242,410.2207
120841,1243,410.4877
120841,1244,414.6626
120841,1245,412.6489
120841,1246,407.8916
120841,1249,409.1538
120841,1250,409.1637
120841,1251,413.011
120841,1252,411.5711
120841,1253,410.8398
120841,1256,410.5101
120841,1257,411.0444
120841,1258,409.8352
120841,1259,408.0458
120841,1260,401.6482
120841,1263,399.8567
120841,1264,402.5944
120841,1265,405.8339
120841,1266,404.3598
120841,1267,409.2316
120841,1270,409.3391
120841,1271,404.7466
120841,1272,399.097
120841,1273,403.6162
120841,1274,402.4982
120841,1277,398.4171
120841,1278,390.7588
120841,1279,389.5984
120841,1280,391.1933
120841,1281,388.9943
120841,1284,385.5966
120841,1285,383.9309
120841,1286,388.3637
120841,1287,383.8198
120841,1288,381.8508
120841,1291,386.1491
120841,1292,388.0359
120841,1293,388.8499
120841,1294,386.832
120841,1295,387.1357
120841,1298,385.5026
120841,1299,382.7894
120841,1300,379.3562
120841,1301,382.1856
120841,1302,382.1792
120841,1305,383.4385
120841,1306,384.1499
120841,1307,385.8455
120841,1308,385.1784
120841,1309,383.7436
120841,1312,381.191
120841,1313,376.6613
120841,1314,373.1449
120841,1315,372.1362
120841,1316,367.1015
120841,1319,362.8406
120841,1320,366.3797
120841,1321,367.2942
120841,1322,366.0223
120841,1323,373.6216
120841,1326,368.4199
120841,1327,371.7952
120841,1328,371.6216
120841,1329,374.3965
120841,1330,374.9498
120841,1333,368.9999
120841,1334,369.5012
120841,1335,370.7876
120841,1336,363.8762
120841,1337,370.3596
120841,1340,371.5691
120841,1341,373.9706
120841,1342,370.3372
120841,1343,372.792
120841,1344,376.5854
120841,1347,377.6233
120841,1348,377.7869
120841,1349,375.0148
120841,1350,374.4936
120841,1351,372.9986
120841,1354,375.0784
120841,1355,372.4698
120841,1356,374.5224
120841,1357,371.9533
120841,1358,371.2851
120841,1361,373.5005
120841,1362,371.3809
120841,1363,373.7104
120841,1364,375.7312
120841,1365,375.0279
120841,1368,379.0857
120841,1369,379.5416
120841,1370,383.4469
120841,1371,389.7611
120841,1372,389.1332
120841,1375,391.5548
120841,1376,389.5603
120841,1377,386.2272
120841,1378,385.761
120841,1379,381.3497
120841,1382,378.4045
120841,1383,380.5797
120841,1384,379.0551
120841,1385,381.6346
120841,1386,382.8411
120841,1389,389.3433
120841,1390,391.3497
120841,1391,395.4182
120841,1392,397.0269
120841,1393,398.3242
120841,1396,402.6445
120841,1397,405.2354
120841,1398,406.1963
120841,1399,407.1437
120841,1400,409.292
120841,1403,407.0857
120841,1404,404.7398
120841,1405,410.0714
120841,1406,417.0849
120841,1407,413.8955
120841,1410,411.6731
120841,1411,416.0567
120841,1412,418.2346
120841,1413,420.9542
120841,1414,424.5149
120841,1417,423.8332
120841,1418,425.2877
120841,1419,426.4546
120841,1420,423.4564
120841,1421,424.8539
120841,1424,429.7384
120841,1425,428.695
120841,1426,429.4938
120841,1427,430.4995
120841,1428,429.6416
120841,1431,432.4372
120841,1432,430.0731
120841,1433,435.3821
120841,1434,438.0191
120841,1435,434.6395
120841,1438,441.4248
120841,1439,442.3079
120841,1440,439.7235
120841,1441,444.2571
120841,1442,446.4296
120841,1445,439.7342
120841,1446,437.9262
120841,1447,439.232
120841,1448,431.1681
120841,1449,431.7143
120841,1452,432.5393
120841,1453,428.2691
120841,1454,429.514
120841,1455,429.764
120841,1456,425.4919
120841,1459,429.1779
120841,1460,432.584
120841,1461,431.7027
120841,1462,431.1697
120841,1463,434.1641
120841,1466,433.6201
120841,1467,426.5185
120841,1468,428.5751
120841,1469,425.7318
120841,1470,424.4895
120841,1473,430.2044
120841,1474,429.9181
120841,1475,430.1465
120841,1476,432.3072
120841,1477,434.4622
120841,1480,431.1769
120841,1481,431.17
120841,1482,431.53
120841,1483,432.7898
120841,1484,434.119
120841,1487,444.3682
120841,1488,440.0108
120841,1489,444.0596
120841,1490,448.9498
120841,1491,451.1378
120841,1494,448.7893
120841,1495,455.6616
120841,1496,447.1682
120841,1497,444.7111
120841,1498,449.5621
120841,1501,448.3283
120841,1502,454.9198
120841,1503,449.1263
120841,1504,444.9724
120841,1505,443.1195
120841,1508,444.9832
120841,1509,444.3419
120841,1510,442.6526
120841,1511,448.4637
120841,1512,454.7242
120841,1515,453.2992
120841,1516,446.7457
120841,1517,438.5519
120841,1518,439.7052
120841,1519,442.4844
120841,1522,442.9588
120841,1523,442.9103
120841,1524,440.0057
120841,1525,442.7831
120841,1526,449.617
120841,1529,441.1394
120841,1530,441.0655
120841,1531,437.5327
120841,1532,432.042
120841,1533,427.9786
120841,1536,429.6356
120841,1537,431.3952
120841,1538,437.2124
120841,1539,437.4719
120841,1540,430.963
120841,1543,430.2806
120841,1544,425.2711
120841,1545,420.9861
120841,1546,423.3654
120841,1547,424.3099
120841,1550,426.7344
120841,1551,425.6106
120841,1552,428.8094
120841,1553,427.4693
120841,1554,431.9227
120841,1557,433.4611
120841,1558,432.8937
120841,1559,433.928
120841,1560,434.0835
120841,1561,440.4642
120841,1564,441.6464
120841,1565,441.868
120841,1566,441.1672
120841,1567,444.6893
120841,1568,447.7052
120841,1571,446.8557
120841,1572,442.5529
120841,1573,439.273
120841,1574,438.7865
120841,1575,444.2667
120841,1578,443.5164
120841,1579,441.4262
120841,1580,434.8489
120841,1581,440.9197
120841,1582,443.3666
120841,1585,446.7204
120841,1586,450.7578
120841,1587,450.3357
120841,1588,450.9043
120841,1589,457.0986
120841,1592,458.0594
120841,1593,460.6766
120841,1594,464.4666
120841,1595,467.3487
120841,1596,467.0616
120841,1599,467.163
120841,1600,470.6206
120841,1601,474.0969
120841,1602,479.2539
120841,1603,481.8373
120841,1606,484.6292
120841,1607,482.9748
120841,1608,480.7537
120841,1609,484.3247
120841,1610,482.127
120842,3,62.1265
120842,4,63.2031
120842,5,64.1764
120842,6,64.4521
120842,7,64.2674
120842,10,64.2159
120842,11,64.93
120842,12,64.9455
120842,13,64.5565
120842,14,65.547
120842,17,65.7339
120842,18,65.3254
120842,19,65.7453
120842,20,66.5588
120842,21,65.8053
120842,24,65.6919
120842,25,65.5424
120842,26,65.9427
120842,27,66.4882
120842,28,66.0954
120842,31,64.9688
120842,32,65.8205
120842,33,64.9879
120842,34,65.2432
120842,35,65.1842
120842,38,65.3551
120842,39,66.7046
120842,40,69.2216
120842,41,67.9272
120842,42,68.7783
120842,45,68.6961
120842,46,69.61
120842,47,70.4597
120842,48,71.707
120842,49,72.0005
120842,52,71.2861
120842,53,72.1306
120842,54,72.2813
120842,55,72.1279
120842,56,71.7664
120842,59,72.685
120842,60,74.1433
120842,61,73.1394
120842,62,73.7357
120842,63,73.4573
120842,66,72.2272
120842,67,72.4039
120842,68,71.7338
120842,69,70.4394
120842,70,69.8305
120842,73,69.0233
120842,74,68.5374
120842,75,67.5038
120842,76,67.2307
120842,77,66.7042
120842,80,67.0499
120842,81,67.5735
120842,82,67.83
120842,83,67.6848
120842,84,67.518
120842,87,66.8901
120842,88,66.287
120842,89,66.8927
120842,90,65.5428
120842,91,65.5237
120842,94,65.3145
120842,95,65.8289
120842,96,64.7594
120842,97,64.8128
120842,98,65.1233
120842,101,63.6984
120842,102,62.927
120842,103,62.9003
120842,104,63.3313
120842,105,63.5126
120842,108,63.9832
120842,109,63.2046
120842,110,62.0559
120842,111,62.1606
120842,112,61.294
120842,115,60.7034
120842,116,61.426
120842,117,61.6067
120842,118,61.2305
120842,119,60.7621
120842,122,61.2566
120842,123,61.4537
120842,124,60.6077
120842,125,59.251
120842,126,60.6416
120842,129,59.8011
120842,130,60.2206
120842,131,61.3607
120842,132,61.5107
120842,133,61.1114
120842,136,60.1178
120842,137,59.1304
120842,138,59.4376
120842,139,60.5197
120842,140,60.2746
120842,143,59.9154
120842,144,60.4584
120842,145,60.0046
120842,146,60.2427
120842,147,60.3135
120842,150,60.0591
120842,151,60.0885
120842,152,61.4114
120842,153,61.8991
120842,154,62.7561
120842,157,62.1118
120842,158,62.9743
120842,159,63.5006
120842,160,62.4132
120842,161,62.8601
120842,164,62.5173
120842,165,61.4126
120842,166,61.5496
120842,167,61.9898
120842,168,62.1443
120842,171,62.1051
120842,172,61.9016
120842,173,63.7993
120842,174,62.9451
120842,175,63.6491
120842,178,63.7038
120842,179,63.0982
120842,180,63.1042
120842,181,62.1027
120842,182,61.7033
120842,185,61.7103
120842,186,60.6161
120842,187,61.0257
120842,188,60.3665
120842,189,59.3667
120842,192,58.6435
120842,193,60.2315
120842,194,58.8619
120842,195,59.2099
120842,196,58.7192
120842,199,58.5132
120842,200,58.9774
120842,201,59.4104
120842,202,58.9681
120842,203,58.0567
120842,206,58.5301
120842,207,58.9581
120842,208,58.797
120842,209,59.1487
120842,210,58.8736
120842,213,58.3331
120842,214,58.3752
120842,215,58.7786
120842,216,59.0364
120842,217,59.4374
120842,220,58.9385
120842,221,60.1056
120842,222,59.9001
120842,223,59.8553
120842,224,58.9578
120842,227,58.8609
120842,228,59.277
120842,229,59.8608
120842,230,61.0316
120842,231,61.4542
120842,234,61.6999
120842,235,61.4126
120842,236,60.9692
120842,237,61.723
120842,238,62.4717
120842,241,61.7132
120842,242,62.2917
120842,243,62.8208
120842,244,62.0307
120842,245,62.4754
120842,248,61.7372
120842,249,60.0084
120842,250,59.9339
120842,251,60.1597
120842,252,60.1175
120842,255,62.2583
120842,256,62.5834
120842,257,62.736
120842,258,63.102
120842,259,62.8119
120842,262,63.5575
120842,263,63.8757
120842,264,64.1604
120842,265,63.7259
120842,266,62.5861
120842,269,62.2536
120842,270,62.5067
120842,271,62.2168
120842,272,62.4766
120842,273,62.3451
120842,276,62.7095
120842,277,62.0225
120842,278,62.2078
120842,279,61.774
120842,280,60.688
120842,283,60.609
120842,284,61.7755
120842,285,60.7474
120842,286,60.8753
120842,287,61.5007
120842,290,63.2599
120842,291,62.9302
120842,292,62.4981
120842,293,61.673
120842,294,62.5629
120842,297,61.9585
120842,298,61.7259
120842,299,60.4157
120842,300,61.0995
120842,301,61.9942
120842,304,62.6672
120842,305,61.5161
120842,306,62.0066
120842,307,60.8186
120842,308,60.9019
120842,311,61.0928
120842,312,61.3614
120842,313,61.797
120842,314,61.8327
120842,315,60.4381
120842,318,60.8675
120842,319,60.9798
120842,320,60.3652
120842,321,59.2819
120842,322,60.4255
120842,325,61.364
120842,326,61.9264
120842,327,61.4686
120842,328,59.6847
120842,329,60.2741
120842,332,60.5801
120842,333,60.3497
120842,334,61.209
120842,335,61.8751
120842,336,62.0475
120842,339,62.1154
120842,340,62.1953
120842,341,62.7458
120842,342,62.1471
120842,343,62.5069
120842,346,61.8636
120842,347,62.9037
120842,348,63.3483
120842,349,62.871
120842,350,62.9742
120842,353,62.376
120842,354,63.5519
120842,355,64.8422
120842,356,65.4289
120842,357,66.7043
120842,360,66.8707
120842,361,67.5301
120842,362,68.5736
120842,363,68.6151
120842,364,68.7199
120842,367,69.539
120842,368,70.1265
120842,369,69.5422
120842,370,67.7913
120842,371,67.6947
120842,374,66.0614
120842,375,65.3265
120842,376,64.6901
120842,377,64.2947
120842,378,64.973
120842,381,65.8293
120842,382,66.2761
120842,383,66.8248
120842,384,67.3971
120842,385,65.4569
120842,388,65.5091
120842,389,64.1588
120842,390,64.5946
120842,391,63.0389
120842,392,62.9454
120842,395,63.4022
120842,396,62.6018
120842,397,63.3693
120842,398,63.7978
120842,399,64.1325
120842,402,64.7142
120842,403,64.48
120842,404,64.641
120842,405,64.6924
120842,406,64.7263
120842,409,64.2511
120842,410,63.3454
120842,411,63.133
120842,412,62.88
120842,413,62.37
120842,416,63.0518
120842,417,62.2154
120842,418,62.1297
120842,419,63.0456
120842,420,63.7784
120842,423,64.7573
120842,424,64.3444
120842,425,64.9951
120842,426,64.2167
120842,427,64.0482
120842,430,63.9522
120842,431,63.5558
120842,432,63.3238
120842,433,62.9935
120842,434,62.2992
120842,437,62.9835
120842,438,62.8885
120842,439,63.0829
120842,440,63.2493
120842,441,63.3335
120842,444,63.4466
120842,445,63.2578
120842,446,64.3843
120842,447,65.017
120842,448,65.0752
120842,451,64.7716
120842,452,64.7232
120842,453,65.0914
120842,454,66.3153
120842,455,65.2784
120842,458,65.8403
120842,459,66.7793
120842,460,65.6458
120842,461,65.5478
120842,462,64.7616
120842,465,65.1401
120842,466,64.9051
120842,467,64.8478
120842,468,64.5731
120842,469,65.176
120842,472,65.3991
120842,473,65.6243
120842,474,65.795
120842,475,66.2921
120842,476,66.1291
120842,479,67.5346
120842,480,66.5887
120842,481,65.2713
120842,482,63.9166
120842,483,62.3874
120842,486,62.9346
120842,487,63.394
120842,488,64.3605
120842,489,63.5945
120842,490,64.2078
120842,493,64.2948
120842,494,64.4666
120842,495,64.995
120842,496,64.4528
120842,497,66.5248
120842,500,67.6393
120842,501,67.2556
120842,502,66.4281
120842,503,66.403
120842,504,66.593
120842,507,67.4933
120842,508,66.6006
120842,509,66.8737
120842,510,65.7053
120842,511,66.0939
120842,514,66.0535
120842,515,67.6481
120842,516,66.4527
120842,517,67.5974
120842,518,66.2775
120842,521,65.277
120842,522,64.023
120842,523,64.2584
120842,524,63.4048
120842,525,62.4319
120842,528,62.6258
120842,529,63.0079
120842,530,63.0805
120842,531,63.0006
120842,532,64.4383
120842,535,64.5945
120842,536,65.2644
120842,537,65.4203
120842,538,64.6098
120842,539,65.0803
120842,542,64.6151
120842,543,64.5883
120842,544,64.8686
120842,545,63.4214
120842,546,62.2533
120842,549,62.9771
120842,550,62.521
120842,551,62.1034
120842,552,62.2692
120842,553,62.0242
120842,556,62.3771
120842,557,62.381
120842,558,62.5716
120842,559,62.0901
120842,560,62.2761
120842,563,63.1479
120842,564,62.7626
120842,565,63.4967
120842,566,63.5004
120842,567,64.1043
120842,570,64.2465
120842,571,64.2642
120842,572,64.5773
120842,573,65.5664
120842,574,65.7963
120842,577,66.2189
120842,578,65.9719
120842,579,67.2694
120842,580,67.8327
120842,581,67.9416
120842,584,67.8878
120842,585,68.7334
120842,586,68.2825
120842,587,66.886
120842,588,66.9891
120842,591,67.996
120842,592,69.3502
120842,593,69.3079
120842,594,69.3909
120842,595,69.8708
120842,598,69.6971
120842,599,70.1766
120842,600,70.1522
120842,601,71.0545
120842,602,71.7203
120842,605,72.4681
120842,606,72.339
120842,607,74.0758
120842,608,74.5564
120842,609,74.8279
120842,612,74.1995
120842,613,74.1634
120842,614,74.3151
120842,615,73.6674
120842,616,73.4597
120842,619,73.3635
120842,620,73.4622
120842,621,71.9771
120842,622,71.9091
120842,623,71.6334
120842,626,71.6638
120842,627,72.6063
120842,628,74.4622
120842,629,75.1199
120842,630,74.0681
120842,633,73.8123
120842,634,74.3909
120842,635,74.8729
120842,636,75.8141
120842,637,75.7769
120842,640,75.4989
120842,641,77.1512
120842,642,77.2575
120842,643,76.3746
120842,644,77.7874
120842,647,76.4585
120842,648,73.3755
120842,649,74.1043
120842,650,74.9671
120842,651,75.3903
120842,654,74.2742
120842,655,74.272
120842,656,74.0751
120842,657,73.6499
120842,658,74.9558
120842,661,74.0726
120842,662,74.4036
120842,663,75.5255
120842,664,75.9223
120842,665,77.1105
120842,668,77.6849
120842,669,78.1378
120842,670,78.5346
120842,671,79.1668
120842,672,78.8555
120842,675,77.6887
120842,676,78.6339
120842,677,79.7887
120842,678,80.0837
120842,679,79.6135
120842,682,78.1957
120842,683,78.3288
120842,684,77.1264
120842,685,75.8152
120842,686,75.8475
120842,689,75.208
120842,690,75.5705
120842,691,75.4774
120842,692,74.9819
120842,693,73.5169
120842,696,72.8194
120842,697,72.1602
120842,698,71.1577
120842,699,70.9258
120842,700,70.0058
120842,703,69.9158
120842,704,70.1646
120842,705,69.5211
120842,706,69.9232
120842,707,68.8395
120842,710,67.975
120842,711,67.9288
120842,712,68.5359
120842,713,69.2979
120842,714,70.6959
120842,717,70.4254
120842,718,70.3655
120842,719,69.548
120842,720,68.5584
120842,721,68.7926
120842,724,68.2027
120842,725,69.2629
120842,726,68.1071
120842,727,68.5509
120842,728,67.7764
120842,731,67.1594
120842,732,67.6397
120842,733,67.1401
120842,734,66.7719
120842,735,66.1706
120842,738,67.6451
120842,739,67.1924
120842,740,67.2792
120842,741,67.1621
120842,742,67.3858
120842,745,66.9369
120842,746,66.8213
120842,747,67.1824
120842,748,66.5369
120842,749,67.4556
120842,752,68.4657
120842,753,69.011
120842,754,69.1154
120842,755,66.7302
120842,756,67.1152
120842,759,66.8467
120842,760,66.6949
120842,761,65.2414
120842,762,65.6722
120842,763,64.587
120842,766,64.7222
120842,767,65.471
120842,768,65.1482
120842,769,66.1479
120842,770,65.6034
120842,773,66.1212
120842,774,65.1405
120842,775,65.9939
120842,776,66.7345
120842,777,67.1549
120842,780,66.8847
120842,781,65.8161
120842,782,65.5533
120842,783,66.4751
120842,784,66.6235
120842,787,65.4406
120842,788,64.6092
120842,789,65.6298
120842,790,66.0587
120842,791,65.1342
120842,794,63.815
120842,795,63.3821
120842,796,62.035
120842,797,61.9611
120842,798,63.8493
120842,801,62.6827
120842,802,62.5855
120842,803,63.6189
120842,804,64.2352
120842,805,64.1642
120842,808,64.0952
120842,809,63.2572
120842,810,63.0974
120842,811,63.3242
120842,812,64.2107
120842,815,63.7788
120842,816,63.677
120842,817,63.0002
120842,818,63.2129
120842,819,63.8518
120842,822,64.3782
120842,823,63.5257
120842,824,63.6804
120842,825,63.2088
120842,826,64.0216
120842,829,63.9412
120842,830,62.8312
120842,831,62.7084
120842,832,63.096
120842,833,63.3232
120842,836,62.979
120842,837,62.5816
120842,838,61.888
120842,839,61.6379
120842,840,61.051
120842,843,61.8056
120842,844,61.1839
120842,845,61.3148
120842,846,61.3961
120842,847,62.1369
120842,850,62.9948
120842,851,63.5646
120842,852,63.8768
120842,853,63.1226
120842,854,62.3623
120842,857,61.7759
120842,858,62.3765
120842,859,62.4734
120842,860,63.1689
120842,861,63.9748
120842,864,63.4641
120842,865,63.5313
120842,866,63.5643
120842,867,63.3581
120842,868,62.9963
120842,871,63.9391
120842,872,64.0221
120842,873,64.0754
120842,874,63.5055
120842,875,64.064
120842,878,63.3406
120842,879,63.7294
120842,880,64.1416
120842,881,63.8687
120842,882,64.1553
120842,885,64.3414
120842,886,64.3545
120842,887,64.4079
120842,888,64.499
120842,889,64.643
120842,892,64.7333
120842,893,63.9268
120842,894,63.8535
120842,895,64.0995
120842,896,64.2175
120842,899,64.9986
120842,900,65.527
120842,901,64.8916
120842,902,64.806
120842,903,64.6086
120842,906,64.6488
120842,907,64.6901
120842,908,65.2093
120842,909,65.392
120842,910,66.407
120842,913,66.6438
120842,914,66.0291
120842,915,65.7051
120842,916,66.2263
120842,917,65.003
120842,920,64.0074
120842,921,64.0588
120842,922,64.8358
120842,923,65.9025
120842,924,65.7758
120842,927,66.6612
120842,928,66.7639
120842,929,65.5956
120842,930,65.6335
120842,931,65.1931
120842,934,65.958
120842,935,65.9822
120842,936,65.0245
120842,937,63.9109
120842,938,63.9379
120842,941,62.1543
120842,942,61.8117
120842,943,62.0247
120842,944,61.2863
120842,945,62.0616
120842,948,62.9951
120842,949,62.2752
120842,950,62.0953
120842,951,62.8814
120842,952,62.9228
120842,955,61.9231
120842,956,61.8587
120842,957,61.2717
120842,958,62.1317
120842,959,62.6262
120842,962,62.4336
120842,963,62.5821
120842,964,61.6515
120842,965,61.139
120842,966,62.3283
120842,969,62.4103
120842,970,63.1515
120842,971,63.3699
120842,972,64.4181
120842,973,62.9377
120842,976,62.8384
120842,977,64.131
120842,978,64.9129
120842,979,65.9953
120842,980,66.0345
120842,983,65.6557
120842,984,64.8972
120842,985,64.0939
120842,986,64.7597
120842,987,65.2027
120842,990,65.1948
120842,991,65.6368
120842,992,65.7932
120842,993,66.6002
120842,994,67.4094
120842,997,66.5998
120842,998,66.8634
120842,999,65.5853
120842,1000,65.7341
120842,1001,66.256
120842,1004,65.2663
120842,1005,64.9857
120842,1006,65.0369
120842,1007,65.2633
120842,1008,65.0899
120842,1011,64.2263
120842,1012,64.2281
120842,1013,63.013
120842,1014,62.8802
120842,1015,62.5911
120842,1018,62.5327
120842,1019,62.1574
120842,1020,61.087
120842,1021,60.8608
120842,1022,61.5842
120842,1025,62.5632
120842,1026,64.4602
120842,1027,65.8231
120842,1028,64.9306
120842,1029,64.6575
120842,1032,64.6835
120842,1033,64.6609
120842,1034,64.7584
120842,1035,66.6967
120842,1036,65.8829
120842,1039,65.3667
120842,1040,66.7105
120842,1041,66.2652
120842,1042,66.623
120842,1043,67.4987
120842,1046,67.9387
120842,1047,68.1407
120842,1048,68.9571
120842,1049,68.2699
120842,1050,67.9114
120842,1053,68.3943
120842,1054,66.766
120842,1055,67.9535
120842,1056,68.2468
120842,1057,68.418
120842,1060,67.141
120842,1061,66.1596
120842,1062,65.8892
120842,1063,66.5739
120842,1064,64.9835
120842,1067,65.6438
120842,1068,65.4057
120842,1069,65.275
120842,1070,65.5176
120842,1071,65.7735
120842,1074,65.2591
120842,1075,65.7934
120842,1076,64.0352
120842,1077,63.7339
120842,1078,63.8943
120842,1081,63.674
120842,1082,62.3389
120842,1083,62.9495
120842,1084,62.0577
120842,1085,62.0495
120842,1088,62.2052
120842,1089,62.2619
120842,1090,63.1818
120842,1091,63.1842
120842,1092,63.5511
120842,1095,63.5514
120842,1096,64.0626
120842,1097,65.184
120842,1098,65.3354
120842,1099,65.9942
120842,1102,67.1991
120842,1103,68.3457
120842,1104,68.0772
120842,1105,68.9735
120842,1106,69.2258
120842,1109,70.2051
120842,1110,70.7322
120842,1111,71.0139
120842,1112,71.4318
120842,1113,71.6987
120842,1116,72.0003
120842,1117,71.9121
120842,1118,71.7441
120842,1119,73.3237
120842,1120,73.7937
120842,1123,73.3386
120842,1124,73.1448
120842,1125,74.1254
120842,1126,73.5247
120842,1127,72.2807
120842,1130,71.1204
120842,1131,69.7108
120842,1132,68.6818
120842,1133,67.7636
120842,1134,68.943
120842,1137,68.9514
120842,1138,68.6986
120842,1139,67.5675
120842,1140,67.4974
120842,1141,66.1529
120842,1144,65.9055
120842,1145,67.5999
120842,1146,68.1851
120842,1147,68.06
120842,1148,68.6774
120842,1151,68.2961
120842,1152,67.6904
120842,1153,69.1318
120842,1154,68.2391
120842,1155,67.9963
120842,1158,68.2919
120842,1159,67.5765
120842,1160,68.1507
120842,1161,67.9469
120842,1162,68.5352
120842,1165,69.0642
120842,1166,68.9101
120842,1167,70.383
120842,1168,69.8718
120842,1169,71.0569
120842,1172,72.1119
120842,1173,73.7064
120842,1174,73.9099
120842,1175,73.265
120842,1176,75.1596
120842,1179,74.9097
120842,1180,74.2339
120842,1181,74.1154
120842,1182,73.2991
120842,1183,73.8119
120842,1186,73.3282
120842,1187,73.1257
120842,1188,74.0276
120842,1189,74.6326
120842,1190,74.6969
120842,1193,74.9003
120842,1194,74.9618
120842,1195,74.6263
120842,1196,74.6744
120842,1197,75.1651
120842,1200,75.1023
120842,1201,75.5315
120842,1202,74.8294
120842,1203,74.3406
120842,1204,73.7398
120842,1207,73.2922
120842,1208,74.4803
120842,1209,75.181
120842,1210,74.2683
120842,1211,74.7086
120842,1214,74.4103
120842,1215,73.8549
120842,1216,72.6021
120842,1217,73.5012
120842,1218,72.3599
120842,1221,72.3637
120842,1222,71.597
120842,1223,72.3137
120842,1224,72.0735
120842,1225,72.0062
120842,1228,71.9679
120842,1229,72.2778
120842,1230,72.3378
120842,1231,72.3491
120842,1232,71.9502
120842,1235,70.6544
120842,1236,69.7618
120842,1237,70.4118
120842,1238,70.2019
120842,1239,69.6932
120842,1242,68.5767
120842,1243,67.225
120842,1244,66.7065
120842,1245,67.4648
120842,1246,67.0617
120842,1249,67.4294
120842,1250,66.9896
120842,1251,67.5494
120842,1252,67.311
120842,1253,66.3706
120842,1256,66.2019
120842,1257,67.7168
120842,1258,69.2299
120842,1259,69.6812
120842,1260,69.6139
120842,1263,69.9147
120842,1264,70.2277
120842,1265,70.2416
120842,1266,70.6609
120842,1267,70.8851
120842,1270,70.6652
120842,1271,69.7084
120842,1272,69.3724
120842,1273,70.0867
120842,1274,70.1076
120842,1277,70.4075
120842,1278,70.2168
120842,1279,69.3787
120842,1280,69.2275
120842,1281,68.4316
120842,1284,67.5933
120842,1285,68.622
120842,1286,68.3239
120842,1287,67.7659
120842,1288,69.1376
120842,1291,69.8624
120842,1292,69.5994
120842,1293,70.0038
120842,1294,69.8536
120842,1295,69.3236
120842,1298,69.7657
120842,1299,69.5423
120842,1300,69.6521
120842,1301,70.5564
120842,1302,71.3782
120842,1305,70.9577
120842,1306,71.4198
120842,1307,70.5097
120842,1308,70.9387
120842,1309,71.1129
120842,1312,71.4844
120842,1313,71.2784
120842,1314,73.1281
120842,1315,72.3922
120842,1316,73.2884
120842,1319,72.4378
120842,1320,72.9256
120842,1321,73.4794
120842,1322,73.5774
120842,1323,73.1919
120842,1326,73.3651
120842,1327,73.6496
120842,1328,75.2952
120842,1329,74.5635
120842,1330,74.119
120842,1333,74.4222
120842,1334,74.2445
120842,1335,74.2057
120842,1336,75.2132
120842,1337,72.7658
120842,1340,72.2956
120842,1341,70.8514
120842,1342,69.8916
120842,1343,71.9809
120842,1344,72.5471
120842,1347,73.4275
120842,1348,73.4063
120842,1349,74.1259
120842,1350,72.6241
120842,1351,73.5818
120842,1354,72.9125
120842,1355,72.4992
120842,1356,72.9881
120842,1357,73.3145
120842,1358,73.4383
120842,1361,72.2987
120842,1362,72.4339
120842,1363,73.3209
120842,1364,72.9043
120842,1365,74.1107
120842,1368,73.3902
120842,1369,73.4454
120842,1370,74.8581
120842,1371,74.3001
120842,1372,75.2941
120842,1375,77.1469
120842,1376,77.3572
120842,1377,76.9226
120842,1378,76.2659
120842,1379,77.5184
120842,1382,78.7651
120842,1383,80.1974
120842,1384,80.22
120842,1385,81.2775
120842,1386,81.2848
120842,1389,80.4845
120842,1390,81.6298
120842,1391,83.298
120842,1392,82.3422
120842,1393,81.379
120842,1396,81.4729
120842,1397,82.4662
120842,1398,81.4096
120842,1399,81.6862
120842,1400,81.1657
120842,1403,81.9046
120842,1404,81.1809
120842,1405,81.9896
120842,1406,81.8897
120842,1407,81.0309
120842,1410,81.1475
120842,1411,79.3404
120842,1412,78.8644
120842,1413,79.237
120842,1414,77.6267
120842,1417,75.3251
120842,1418,73.2947
120842,1419,74.5184
120842,1420,74.5003
120842,1421,74.0769
120842,1424,74.9702
120842,1425,74.6585
120842,1426,74.9494
120842,1427,75.0231
120842,1428,74.6517
120842,1431,74.9655
120842,1432,75.7136
120842,1433,75.5972
120842,1434,75.2324
120842,1435,74.9751
120842,1438,72.9904
120842,1439,73.2875
120842,1440,72.2833
120842,1441,72.8793
120842,1442,72.8496
120842,1445,72.9905
120842,1446,73.6546
120842,1447,72.8915
120842,1448,73.2637
120842,1449,73.5484
120842,1452,73.4354
120842,1453,72.6731
120842,1454,73.2421
120842,1455,73.9112
120842,1456,74.0618
120842,1459,73.1684
120842,1460,72.757
120842,1461,72.7535
120842,1462,73.4051
120842,1463,72.0755
120842,1466,71.6391
120842,1467,71.3428
120842,1468,71.3199
120842,1469,70.265
120842,1470,70.1296
120842,1473,69.9166
120842,1474,69.1003
120842,1475,69.0494
120842,1476,68.6499
120842,1477,69.1049
120842,1480,68.4226
120842,1481,68.5425
120842,1482,67.9283
120842,1483,67.4879
120842,1484,67.7742
120842,1487,68.0107
120842,1488,67.7178
120842,1489,67.5453
120842,1490,66.4251
120842,1491,67.5954
120842,1494,68.1999
120842,1495,68.7801
120842,1496,67.525
120842,1497,67.0907
120842,1498,66.8677
120842,1501,65.384
120842,1502,66.1288
120842,1503,67.335
120842,1504,69.064
120842,1505,68.2509
120842,1508,68.3929
120842,1509,69.5313
120842,1510,69.3673
120842,1511,68.9446
120842,1512,67.4674
120842,1515,68.4344
120842,1516,68.4648
120842,1517,67.9155
120842,1518,68.1926
120842,1519,68.3637
120842,1522,68.5478
120842,1523,68.416
120842,1524,69.8046
120842,1525,69.74
120842,1526,71.1528
120842,1529,71.6832
120842,1530,72.0337
120842,1531,71.9847
120842,1532,72.8779
120842,1533,73.0257
120842,1536,72.2643
120842,1537,71.4822
120842,1538,71.8931
120842,1539,71.1645
120842,1540,71.1595
120842,1543,72.1143
120842,1544,72.426
120842,1545,71.8511
120842,1546,73.1233
120842,1547,73.654
120842,1550,74.6071
120842,1551,72.6585
120842,1552,72.996
120842,1553,73.7852
120842,1554,75.353
120842,1557,74.0943
120842,1558,75.2224
120842,1559,76.7693
120842,1560,74.9885
120842,1561,75.4702
120842,1564,76.0814
120842,1565,75.8354
120842,1566,75.4427
120842,1567,76.0995
120842,1568,75.5924
120842,1571,75.447
120842,1572,76.2356
120842,1573,77.9055
120842,1574,78.4617
120842,1575,78.6402
120842,1578,78.2084
120842,1579,77.3202
120842,1580,78.4068
120842,1581,78.3157
120842,1582,79.4554
120842,1585,79.196
120842,1586,78.636
120842,1587,79.0864
120842,1588,79.0673
120842,1589,77.9872
120842,1592,79.756
120842,1593,79.2131
120842,1594,80.1515
120842,1595,81.0178
120842,1596,79.8596
120842,1599,78.9604
120842,1600,78.7291
120842,1601,77.9702
120842,1602,79.6518
120842,1603,79.5148
120842,1606,80.4204
120842,1607,80.9709
120842,1608,81.282
120842,1609,81.3761
120842,1610,82.6457
120843,3,49.9131
120843,4,50.8195
120843,5,50.1942
120843,6,50.6213
120843,7,49.9391
120843,10,49.8101
120843,11,49.8867
120843,12,49.6721
120843,13,49.6108
120843,14,48.9512
120843,17,48.4953
120843,18,48.7685
120843,19,48.8121
120843,20,48.5024
120843,21,49.1834
120843,24,48.6113
120843,25,48.4633
120843,26,48.2456
120843,27,48.5745
120843,28,48.6271
120843,31,48.603
120843,32,47.7363
120843,33,48.183
120843,34,48.106
120843,35,48.1908
120843,38,47.857
120843,39,47.4503
120843,40,48.2015
120843,41,47.3758
120843,42,46.903
120843,45,47.6365
120843,46,47.9737
120843,47,47.845
120843,48,48.4788
120843,49,48.7267
120843,52,48.8701
120843,53,49.0105
120843,54,49.2702
120843,55,49.5515
120843,56,50.6906
120843,59,50.6212
120843,60,50.5677
120843,61,49.9709
120843,62,49.9746
120843,63,50.9521
120843,66,51.4908
120843,67,51.2399
120843,68,51.2859
120843,69,50.6503
120843,70,50.1878
120843,73,50.2934
120843,74,50.0732
120843,75,49.5783
120843,76,49.8533
120843,77,49.8416
120843,80,49.0896
120843,81,48.1021
120843,82,47.855
120843,83,47.1231
120843,84,46.2713
120843,87,46.8287
120843,88,46.8105
120843,89,46.7132
120843,90,46.6523
120843,91,46.1478
120843,94,46.367
120843,95,46.3335
120843,96,46.0085
120843,97,45.7548
120843,98,45.2192
120843,101,45.0612
120843,102,44.9793
120843,103,44.8104
120843,104,44.862
120843,105,44.8532
120843,108,44.9844
120843,109,45.4411
120843,110,45.7407
120843,111,46.2104
120843,112,45.8446
120843,115,45.6373
120843,116,45.9663
120843,117,46.306
120843,118,46.0177
120843,119,46.3298
120843,122,45.9187
120843,123,46.1693
120843,124,46.1846
120843,125,45.5717
120843,126,45.3998
120843,129,46.437
120843,130,46.5598
120843,131,47.6803
120843,132,47.0194
120843,133,47.4047
120843,136,46.2367
120843,137,46.2641
120843,138,46.5871
120843,139,47.0102
120843,140,46.6608
120843,143,47.1801
120843,144,46.9549
120843,145,46.9052
120843,146,46.7286
120843,147,46.224
120843,150,46.9891
120843,151,47.0398
120843,152,47.5865
120843,153,48.1188
120843,154,47.68
120843,157,48.2968
120843,158,48.5714
120843,159,48.0931
120843,160,48.3399
120843,161,47.8726
120843,164,48.683
120843,165,49.1131
120843,166,49.1072
120843,167,49.7668
120843,168,49.0087
120843,171,48.6689
120843,172,48.5742
120843,173,49.7107
120843,174,49.2065
120843,175,48.3958
120843,178,47.7248
120843,179,48.1914
120843,180,47.9321
120843,181,47.8838
120843,182,48.2822
120843,185,48.234
120843,186,48.3621
120843,187,48.6527
120843,188,48.4708
120843,189,48.4184
120843,192,48.5655
120843,193,49.0215
120843,194,48.6605
120843,195,47.2295
120843,196,47.5824
120843,199,48.058
120843,200,48.1837
120843,201,48.3429
120843,202,48.0974
120843,203,48.3693
120843,206,48.816
120843,207,48.8729
120843,208,50.1455
120843,209,49.3907
120843,210,49.5014
120843,213,48.948
120843,214,49.4134
120843,215,48.661
120843,216,48.0397
120843,217,47.7625
120843,220,47.9192
120843,221,47.6608
120843,222,47.4086
120843,223,47.3504
120843,224,47.2631
120843,227,48.0056
120843,228,48.3674
120843,229,48.2381
120843,230,49.2979
120843,231,49.5723
120843,234,49.1197
120843,235,49.2762
120843,236,49.5724
120843,237,49.2593
120843,238,48.7685
120843,241,48.8401
120843,242,48.6921
120843,243,49.4529
120843,244,49.8533
120843,245,49.5619
120843,248,49.8048
120843,249,50.475
120843,250,49.8005
120843,251,49.3191
120843,252,49.3429
120843,255,49.39
120843,256,49.3934
120843,257,49.2682
120843,258,49.1358
120843,259,49.3559
120843,262,49.9529
120843,263,49.741
120843,264,51.0089
120843,265,52.058
120843,266,52.7915
120843,269,53.1554
120843,270,54.2745
120843,271,54.1482
120843,272,53.7277
120843,273,53.4754
120843,276,52.9691
120843,277,53.0657
120843,278,53.258
120843,279,53.3977
120843,280,53.4228
120843,283,53.5264
120843,284,54.5039
120843,285,54.8782
120843,286,55.4238
120843,287,55.5636
120843,290,54.6987
120843,291,53.7397
120843,292,54.9125
120843,293,54.6514
120843,294,54.3451
120843,297,54.5123
120843,298,54.8481
120843,299,55.2565
120843,300,56.2871
120843,301,57.179
120843,304,56.7473
120843,305,57.3382
120843,306,57.1507
120843,307,57.1055
120843,308,56.5129
120843,311,55.5898
120843,312,55.6052
120843,313,55.1048
120843,314,55.6557
120843,315,55.5313
120843,318,55.7374
120843,319,56.5446
120843,320,55.7376
120843,321,55.365
120843,322,55.499
120843,325,55.7073
120843,326,56.3639
120843,327,56.8925
120843,328,56.982
120843,329,57.1906
120843,332,57.4159
120843,333,56.6053
120843,334,56.5498
120843,335,56.7254
120843,336,57.0221
120843,339,56.5269
120843,340,55.8419
120843,341,55.7432
120843,342,56.8934
120843,343,56.4592
120843,346,57.1652
120843,347,58.1202
120843,348,58.1815
120843,349,57.8186
120843,350,58.1528
120843,353,58.3019
120843,354,57.8336
120843,355,57.4851
120843,356,57.7829
120843,357,58.3638
120843,360,58.2089
120843,361,58.203
120843,362,58.6314
120843,363,58.5644
120843,364,58.4228
120843,367,58.0142
120843,368,57.5984
120843,369,59.2041
120843,370,59.1223
120843,371,59.977
120843,374,61.04
120843,375,60.9635
120843,376,61.2267
120843,377,61.3265
120843,378,60.3739
120843,381,59.4723
120843,382,59.537
120843,383,59.3179
120843,384,60.4956
120843,385,60.3875
120843,388,61.6233
120843,389,61.3647
120843,390,62.5961
120843,391,62.9539
120843,392,63.35
120843,395,63.0616
120843,396,63.4671
120843,397,64.5977
120843,398,64.5419
120843,399,64.3597
120843,402,64.2381
120843,403,65.3345
120843,404,65.9395
120843,405,66.9485
120843,406,67.2004
120843,409,67.2671
120843,410,67.5954
120843,411,68.3691
120843,412,68.2396
120843,413,69.2287
120843,416,69.5258
120843,417,67.9003
120843,418,68.5484
120843,419,67.7153
120843,420,68.3449
120843,423,69.0098
120843,424,69.2809
120843,425,69.703
120843,426,70.5213
120843,427,70.2117
120843,430,70.8175
120843,431,71.6952
120843,432,73.0219
120843,433,72.2556
120843,434,72.5969
120843,437,71.9396
120843,438,71.2577
120843,439,71.5586
120843,440,71.6572
120843,441,72.5321
120843,444,72.3225
120843,445,72.2678
120843,446,72.4652
120843,447,71.8812
120843,448,71.4017
120843,451,72.2525
120843,452,71.8966
120843,453,72.8019
120843,454,73.2925
120843,455,72.2012
120843,458,72.6314
120843,459,73.0584
120843,460,73.4141
120843,461,73.3529
120843,462,72.7044
120843,465,73.7415
120843,466,73.7099
120843,467,73.1
120843,468,73.4816
120843,469,72.9769
120843,472,72.3252
120843,473,72.0949
120843,474,71.6557
120843,475,71.0421
120843,476,71.6645
120843,479,71.625
120843,480,72.5779
120843,481,71.9984
120843,482,70.7977
120843,483,70.9462
120843,486,72.3289
120843,487,72.7603
120843,488,75.2017
120843,489,75.4987
120843,490,75.7232
120843,493,74.1401
120843,494,74.5049
120843,495,74.6761
120843,496,74.4143
120843,497,74.3561
120843,500,74.3493
120843,501,74.2588
120843,502,75.8846
120843,503,75.6465
120843,504,75.8208
120843,507,75.5577
120843,508,76.2021
120843,509,76.3834
120843,510,76.2135
120843,511,74.7929
120843,514,75.0212
120843,515,74.832
120843,516,74.8307
120843,517,73.9882
120843,518,75.1095
120843,521,75.806
120843,522,76.9528
120843,523,77.8939
120843,524,78.407
120843,525,77.5556
120843,528,79.0571
120843,529,78.368
120843,530,78.2028
120843,531,78.8089
120843,532,79.4594
120843,535,79.9666
120843,536,79.6921
120843,537,79.2532
120843,538,81.3523
120843,539,81.3685
120843,542,81.2843
120843,543,80.7498
120843,544,80.9974
120843,545,81.2076
120843,546,81.2426
120843,549,81.6044
120843,550,83.1173
120843,551,82.6695
120843,552,82.7546
120843,553,82.265
120843,556,82.5588
120843,557,82.136
120843,558,81.7508
120843,559,80.605
120843,560,80.7325
120843,563,81.1312
120843,564,82.7162
120843,565,83.158
120843,566,82.8313
120843,567,81.7525
120843,570,80.8004
120843,571,79.7996
120843,572,81.373
120843,573,81.6579
120843,574,81.2279
120843,577,80.4937
120843,578,79.8497
120843,579,79.4081
120843,580,80.5165
120843,581,80.5401
120843,584,79.4209
120843,585,81.3405
120843,586,80.459
120843,587,80.0289
120843,588,81.1409
120843,591,81.5297
120843,592,81.1928
120843,593,80.2391
120843,594,79.5084
120843,595,78.8321
120843,598,78.8847
120843,599,79.0838
120843,600,79.0124
120843,601,79.0282
120843,602,78.2423
120843,605,78.5205
120843,606,79.5878
120843,607,79.5047
120843,608,79.406
120843,609,79.5198
120843,612,80.4689
120843,613,79.794
120843,614,81.0176
120843,615,81.4108
120843,616,81.4828
120843,619,82.5344
120843,620,81.6055
120843,621,82.0849
120843,622,82.4907
120843,623,81.7653
120843,626,82.1947
120843,627,82.4788
120843,628,82.3794
120843,629,83.1484
120843,630,82.7198
120843,633,82.9949
120843,634,82.9342
120843,635,82.471
120843,636,82.9394
120843,637,82.8152
120843,640,81.6434
120843,641,80.2224
120843,642,80.9111
120843,643,79.9694
120843,644,80.2426
120843,647,80.3349
120843,648,80.0847
120843,649,81.7284
120843,650,81.9253
120843,651,82.6008
120843,654,82.8876
120843,655,82.7436
120843,656,82.7769
120843,657,84.0528
120843,658,85.0303
120843,661,86.7714
120843,662,87.0172
120843,663,86.3029
120843,664,85.9717
120843,665,84.9992
120843,668,85.7099
120843,669,85.2559
120843,670,82.7197
120843,671,84.8501
120843,672,84.4137
120843,675,83.9746
120843,676,85.4522
120843,677,84.4682
120843,678,85.4922
120843,679,85.0382
120843,682,83.961
120843,683,85.4678
120843,684,86.3181
120843,685,87.1741
120843,686,87.5498
120843,689,88.1325
120843,690,87.0966
120843,691,87.2466
120843,692,86.4851
120843,693,85.3336
120843,696,85.7388
120843,697,86.7972
120843,698,86.5139
120843,699,86.3806
120843,700,85.4462
120843,703,85.5033
120843,704,86.2122
120843,705,86.9544
120843,706,87.4856
120843,707,86.9938
120843,710,86.477
120843,711,87.225
120843,712,87.9942
120843,713,87.8941
120843,714,87.5694
120843,717,88.6585
120843,718,88.39
120843,719,89.1101
120843,720,89.0403
120843,721,88.1576
120843,724,89.6553
120843,725,89.8173
120843,726,89.2292
120843,727,88.0395
120843,728,86.954
120843,731,86.6794
120843,732,88.4303
120843,733,87.9631
120843,734,89.3089
120843,735,89.2444
120843,738,88.2407
120843,739,87.8732
120843,740,86.7976
120843,741,86.1032
120843,742,85.3887
120843,745,83.8158
120843,746,85.1542
120843,747,85.3863
120843,748,84.8482
120843,749,85.0887
120843,752,84.4254
120843,753,82.2318
120843,754,84.7697
120843,755,84.9824
120843,756,84.5297
120843,759,82.9474
120843,760,81.7562
120843,761,83.1805
120843,762,84.4995
120843,763,85.1942
120843,766,84.2922
120843,767,85.6358
120843,768,86.0761
120843,769,86.6978
120843,770,87.1404
120843,773,85.8779
120843,774,84.8976
120843,775,84.5124
120843,776,85.1131
120843,777,83.9871
120843,780,83.8887
120843,781,83.7894
120843,782,84.5118
120843,783,85.1391
120843,784,84.3268
120843,787,85.6163
120843,788,84.6688
120843,789,85.657
120843,790,85.2341
120843,791,85.4259
120843,794,85.6716
120843,795,85.8936
120843,796,86.531
120843,797,86.9249
120843,798,87.6663
120843,801,88.1303
120843,802,87.066
120843,803,87.3551
120843,804,86.9117
120843,805,85.9966
120843,808,85.7968
120843,809,86.0066
120843,810,86.2747
120843,811,87.2498
120843,812,88.4596
120843,815,88.8128
120843,816,89.3301
120843,817,89.4692
120843,818,90.2174
120843,819,90.7153
120843,822,90.7195
120843,823,92.7639
120843,824,92.3095
120843,825,93.7285
120843,826,92.5128
120843,829,93.3301
120843,830,94.7477
120843,831,92.9991
120843,832,93.1849
120843,833,93.9151
120843,836,94.21
120843,837,94.6261
120843,838,94.8125
120843,839,93.8284
120843,840,96.152
120843,843,95.7222
120843,844,96.1993
120843,845,95.631
120843,846,93.518
120843,847,92.7058
120843,850,91.4174
120843,851,92.4838
120843,852,91.9745
120843,853,91.5537
120843,854,90.6307
120843,857,90.7707
120843,858,90.1712
120843,859,91.1318
120843,860,91.4641
120843,861,90.9926
120843,864,91.8304
120843,865,91.8924
120843,866,91.9671
120843,867,90.6752
120843,868,90.6642
120843,871,91.0127
120843,872,92.2992
120843,873,91.6569
120843,874,93.8416
120843,875,94.426
120843,878,93.0463
120843,879,92.312
120843,880,93.6994
120843,881,94.9373
120843,882,95.0112
120843,885,95.2115
120843,886,94.1565
120843,887,95.4757
120843,888,94.5862
120843,889,95.4518
120843,892,96.819
120843,893,96.9237
120843,894,97.9319
120843,895,99.8321
120843,896,100.1617
120843,899,100.0444
120843,900,100.0366
120843,901,99.3493
120843,902,98.6444
120843,903,99.1442
120843,906,99.0394
120843,907,99.4261
120843,908,98.0025
120843,909,97.9694
120843,910,99.0508
120843,913,97.9983
120843,914,98.073
120843,915,96.3141
120843,916,95.1117
120843,917,95.9462
120843,920,95.7045
120843,921,97.5364
120843,922,98.0208
120843,923,98.6051
120843,924,97.5991
120843,927,97.2789
120843,928,96.6207
120843,929,95.6456
120843,930,96.345
120843,931,97.2461
120843,934,97.696
120843,935,96.9417
120843,936,97.3233
120843,937,95.5219
120843,938,96.8619
120843,941,95.6597
120843,942,94.6418
120843,943,94.8082
120843,944,95.0601
120843,945,95.047
120843,948,94.0454
120843,949,95.1825
120843,950,93.6344
120843,951,92.2999
120843,952,92.2554
120843,955,91.1415
120843,956,92.3265
120843,957,91.2909
120843,958,92.7901
120843,959,93.8191
120843,962,95.0508
120843,963,96.9337
120843,964,97.0709
120843,965,96.142
120843,966,96.0995
120843,969,95.609
120843,970,94.9846
120843,971,95.1858
120843,972,94.9437
120843,973,94.2827
120843,976,94.1058
120843,977,94.6843
120843,978,95.6583
120843,979,94.1813
120843,980,93.9499
120843,983,93.872
120843,984,92.815
120843,985,92.7583
120843,986,92.9521
120843,987,93.4951
120843,990,93.6235
120843,991,92.8512
120843,992,94.8098
120843,993,95.6623
120843,994,96.254
120843,997,97.2917
120843,998,97.5899
120843,999,98.9222
120843,1000,99.0379
120843,1001,99.0986
120843,1004,99.7945
120843,1005,101.4531
120843,1006,103.0724
120843,1007,103.7519
120843,1008,104.3556
120843,1011,105.1529
120843,1012,106.2659
120843,1013,107.7302
120843,1014,107.5376
120843,1015,109.0406
120843,1018,109.4834
120843,1019,110.2697
120843,1020,111.8829
120843,1021,112.7957
120843,1022,113.9096
120843,1025,113.531
120843,1026,115.3271
120843,1027,116.2078
120843,1028,116.4248
120843,1029,117.7941
120843,1032,120.979
120843,1033,119.6332
120843,1034,118.7386
120843,1035,122.0688
120843,1036,122.668
120843,1039,122.9773
120843,1040,122.9075
120843,1041,124.4878
120843,1042,127.8838
120843,1043,127.1049
120843,1046,127.0564
120843,1047,126.6835
120843,1048,127.6987
120843,1049,129.3587
120843,1050,131.5677
120843,1053,132.6674
120843,1054,136.1603
120843,1055,135.4544
120843,1056,134.3998
120843,1057,136.4862
120843,1060,136.7367
120843,1061,134.9337
120843,1062,134.5847
120843,1063,135.0123
120843,1064,134.2156
120843,1067,132.9291
120843,1068,132.7302
120843,1069,131.3918
120843,1070,132.3144
120843,1071,129.8246
120843,1074,130.0203
120843,1075,130.7807
120843,1076,130.7393
120843,1077,132.2665
120843,1078,130.5296
120843,1081,129.6877
120843,1082,129.3339
120843,1083,130.3439
120843,1084,130.7091
120843,1085,133.6431
120843,1088,132.641
120843,1089,130.867
120843,1090,133.3275
120843,1091,131.4968
120843,1092,132.4841
120843,1095,131.2618
120843,1096,128.629
120843,1097,128.2203
120843,1098,129.4651
120843,1099,127.9567
120843,1102,128.7785
120843,1103,129.8497
120843,1104,128.2723
120843,1105,128.0544
120843,1106,130.1836
120843,1109,131.1181
120843,1110,130.8509
120843,1111,131.478
120843,1112,130.6507
120843,1113,132.2042
120843,1116,133.7756
120843,1117,134.0185
120843,1118,134.4104
120843,1119,133.1434
120843,1120,131.4195
120843,1123,130.9995
120843,1124,130.9621
120843,1125,132.4511
120843,1126,133.7679
120843,1127,134.0971
120843,1130,135.7967
120843,1131,134.5916
120843,1132,136.142
120843,1133,135.1421
120843,1134,136.9228
120843,1137,136.9859
120843,1138,134.3344
120843,1139,135.4073
120843,1140,136.5979
120843,1141,136.0517
120843,1144,135.6243
120843,1145,135.487
120843,1146,132.9625
120843,1147,129.9082
120843,1148,131.7021
120843,1151,130.6905
120843,1152,133.2366
120843,1153,135.1701
120843,1154,137.4039
120843,1155,136.5876
120843,1158,134.4712
120843,1159,133.0853
120843,1160,132.5667
120843,1161,129.5104
120843,1162,128.968
120843,1165,128.7828
120843,1166,127.1892
120843,1167,125.9373
120843,1168,125.7324
120843,1169,126.2598
120843,1172,125.2058
120843,1173,125.6499
120843,1174,125.8982
120843,1175,126.0327
120843,1176,125.2818
120843,1179,123.6829
120843,1180,125.8908
120843,1181,126.7686
120843,1182,128.1364
120843,1183,128.1047
120843,1186,127.9692
120843,1187,128.6802
120843,1188,126.3977
120843,1189,125.0601
120843,1190,124.1324
120843,1193,123.6386
120843,1194,122.6201
120843,1195,123.1054
120843,1196,123.2798
120843,1197,125.0972
120843,1200,128.3318
120843,1201,126.7842
120843,1202,127.0481
120843,1203,127.3104
120843,1204,127.368
120843,1207,126.0579
120843,1208,124.9723
120843,1209,125.3501
120843,1210,124.2353
120843,1211,124.509
120843,1214,124.2747
120843,1215,124.5264
120843,1216,123.409
120843,1217,123.6787
120843,1218,122.6583
120843,1221,122.9303
120843,1222,124.6753
120843,1223,125.0781
120843,1224,125.5593
120843,1225,126.6731
120843,1228,124.9681
120843,1229,127.2277
120843,1230,125.9563
120843,1231,127.1536
120843,1232,128.1908
120843,1235,127.106
120843,1236,128.4816
120843,1237,129.2047
120843,1238,131.768
120843,1239,132.1037
120843,1242,132.0378
120843,1243,131.4327
120843,1244,129.2203
120843,1245,128.8832
120843,1246,128.6019
120843,1249,129.0188
120843,1250,127.2571
120843,1251,127.0265
120843,1252,127.8425
120843,1253,128.7925
120843,1256,126.476
120843,1257,127.4556
120843,1258,127.2149
120843,1259,127.0535
120843,1260,124.1352
120843,1263,126.0931
120843,1264,126.3932
120843,1265,124.5313
120843,1266,125.0776
120843,1267,125.5874
120843,1270,127.2201
120843,1271,126.8992
120843,1272,126.9901
120843,1273,126.2451
120843,1274,127.0839
120843,1277,126.1593
120843,1278,125.1034
120843,1279,125.0924
120843,1280,123.6299
120843,1281,125.7172
120843,1284,128.2595
120843,1285,127.7505
120843,1286,126.0525
120843,1287,126.5562
120843,1288,126.0177
120843,1291,127.5945
120843,1292,126.6616
120843,1293,127.4345
120843,1294,127.6569
120843,1295,126.8653
120843,1298,127.2483
120843,1299,128.4565
120843,1300,128.6456
120843,1301,128.8484
120843,1302,127.796
120843,1305,129.3553
120843,1306,130.8022
120843,1307,130.3396
120843,1308,130.2539
120843,1309,132.2025
120843,1312,130.7785
120843,1313,131.6558
120843,1314,130.9946
120843,1315,133.4427
120843,1316,133.6076
120843,1319,135.3963
120843,1320,134.4413
120843,1321,132.8391
120843,1322,132.6048
120843,1323,133.0355
120843,1326,132.4312
120843,1327,133.5267
120843,1328,133.3238
120843,1329,130.6337
120843,1330,131.4418
120843,1333,130.3554
120843,1334,129.9585
120843,1335,132.0875
120843,1336,134.5489
120843,1337,133.8504
120843,1340,134.7123
120843,1341,134.0443
120843,1342,133.7369
120843,1343,133.0019
120843,1344,130.7882
120843,1347,130.9915
120843,1348,131.4507
120843,1349,130.6425
120843,1350,132.1613
120843,1351,131.6601
120843,1354,130.8951
120843,1355,131.6699
120843,1356,129.7156
120843,1357,130.9844
120843,1358,130.5322
120843,1361,131.9188
120843,1362,133.7222
120843,1363,134.6679
120843,1364,133.6499
120843,1365,132.0541
120843,1368,130.2366
120843,1369,131.7708
120843,1370,131.6702
120843,1371,130.9553
120843,1372,130.859
120843,1375,132.3708
120843,1376,133.4933
120843,1377,134.1645
120843,1378,135.1102
120843,1379,135.4364
120843,1382,135.9303
120843,1383,136.3146
120843,1384,136.3957
120843,1385,137.5171
120843,1386,138.101
120843,1389,136.962
120843,1390,137.776
120843,1391,138.202
120843,1392,139.1391
120843,1393,139.0758
120843,1396,140.3018
120843,1397,140.2985
120843,1398,141.41
120843,1399,140.8447
120843,1400,140.3796
120843,1403,141.3181
120843,1404,140.9302
120843,1405,144.1843
120843,1406,145.0961
120843,1407,145.219
120843,1410,146.5112
120843,1411,145.8899
120843,1412,147.3412
120843,1413,148.7652
120843,1414,150.7464
120843,1417,150.1675
120843,1418,148.4165
120843,1419,147.5944
120843,1420,147.2637
120843,1421,149.8483
120843,1424,153.2917
120843,1425,153.9167
120843,1426,154.023
120843,1427,153.5721
120843,1428,154.9461
120843,1431,158.4963
120843,1432,161.4711
120843,1433,163.4311
120843,1434,165.3904
120843,1435,166.8829
120843,1438,166.9027
120843,1439,165.7669
120843,1440,165.8308
120843,1441,166.6374
120843,1442,164.3115
120843,1445,164.1561
120843,1446,162.8922
120843,1447,164.6632
120843,1448,163.8509
120843,1449,164.4917
120843,1452,163.4325
120843,1453,166.1845
120843,1454,163.4573
120843,1455,164.3409
120843,1456,162.3354
120843,1459,161.6004
120843,1460,162.033
120843,1461,162.5473
120843,1462,163.0203
120843,1463,163.3671
120843,1466,162.4103
120843,1467,162.2385
120843,1468,162.3868
120843,1469,162.8038
120843,1470,162.7929
120843,1473,164.0921
120843,1474,164.3444
120843,1475,164.7763
120843,1476,164.2397
120843,1477,162.6035
120843,1480,162.9531
120843,1481,165.0466
120843,1482,165.8853
120843,1483,164.622
120843,1484,166.0783
120843,1487,165.6168
120843,1488,166.9134
120843,1489,166.3931
120843,1490,167.0861
120843,1491,166.3142
120843,1494,165.5883
120843,1495,163.0918
120843,1496,164.0333
120843,1497,164.7445
120843,1498,165.5527
120843,1501,166.1116
120843,1502,164.9384
120843,1503,166.6511
120843,1504,168.4273
120843,1505,167.194
120843,1508,168.1932
120843,1509,169.7841
120843,1510,169.0821
120843,1511,168.6788
120843,1512,169.6903
120843,1515,167.2262
120843,1516,165.5
120843,1517,163.9548
120843,1518,161.1089
120843,1519,162.9773
120843,1522,159.8391
120843,1523,160.4883
120843,1524,161.903
120843,1525,161.5207
120843,1526,160.5318
120843,1529,161.0048
120843,1530,161.1037
120843,1531,162.8383
120843,1532,158.6753
120843,1533,157.3064
120843,1536,158.2935
120843,1537,158.4683
120843,1538,159.7691
120843,1539,160.287
120843,1540,160.1647
120843,1543,159.7726
120843,1544,163.6583
120843,1545,166.3089
120843,1546,167.2411
120843,1547,167.4731
120843,1550,168.4842
120843,1551,169.9953
120843,1552,170.8161
120843,1553,169.6283
120843,1554,172.8097
120843,1557,173.3422
120843,1558,177.002
120843,1559,177.4418
120843,1560,177.1084
120843,1561,179.7035
120843,1564,180.3571
120843,1565,180.7074
120843,1566,178.6406
120843,1567,179.9403
120843,1568,179.1545
120843,1571,178.4539
120843,1572,177.6795
120843,1573,178.5737
120843,1574,175.9363
120843,1575,175.6673
120843,1578,177.5172
120843,1579,175.4067
120843,1580,175.8173
120843,1581,174.8059
120843,1582,174.1998
120843,1585,177.2357
120843,1586,174.4155
120843,1587,175.8713
120843,1588,175.1304
120843,1589,174.3051
120843,1592,172.4658
120843,1593,173.8848
120843,1594,173.653
120843,1595,173.201
120843,1596,173.4961
120843,1599,173.3017
120843,1600,169.9431
120843,1601,169.2052
120843,1602,170.8409
120843,1603,168.3664
120843,1606,166.6261
120843,1607,166.0096
120843,1608,164.8981
120843,1609,164.9499
120843,1610,163.2397
120844,3,3180.6318
120844,4,3181.4042
120844,5,3182.8754
120844,6,3184.945
120844,7,3185.5042
120844,10,3188.2214
120844,11,3188.8591
120844,12,3190.5146
120844,13,3193.2798
120844,14,3194.2437
120844,17,3193.6857
120844,18,3194.6011
120844,19,3194.8097
120844,20,3195.3576
120844,21,3198.1808
120844,24,3197.774
120844,25,3198.9017
120844,26,3198.8425
120844,27,3199.3576
120844,28,3200.9338
120844,31,3202.0804
120844,32,3202.6795
120844,33,3202.8501
120844,34,3203.9953
120844,35,3206.546
120844,38,3206.4628
120844,39,3209.2217
120844,40,3211.2626
120844,41,3213.4767
120844,42,3214.618
120844,45,3216.6335
120844,46,3216.4411
120844,47,3216.594
120844,48,3218.1999
120844,49,3219.3301
120844,52,3220.0101
120844,53,3218.303
120844,54,3218.6917
120844,55,3218.3317
120844,56,3219.6623
120844,59,3220.299
120844,60,3220.4924
120844,61,3224.0058
120844,62,3225.8922
120844,63,3227.7977
120844,66,3230.8706
120844,67,3232.5207
120844,68,3232.5696
120844,69,3232.4993
120844,70,3234.316
120844,73,3233.0526
120844,74,3233.8074
120844,75,3232.4304
120844,76,3233.365
120844,77,3235.0692
120844,80,3236.1886
120844,81,3237.98
120844,82,3240.8203
120844,83,3241.5098
120844,84,3245.2146
120844,87,3246.2692
120844,88,3248.0775
120844,89,3248.2902
120844,90,3250.7857
120844,91,3252.6914
120844,94,3255.0387
120844,95,3255.9343
120844,96,3255.4867
120844,97,3256.7988
120844,98,3255.8982
120844,101,3256.3932
120844,102,3257.4293
120844,103,3260.7102
120844,104,3261.8786
120844,105,3262.8635
120844,108,3263.6404
120844,109,3263.1027
120844,110,3264.0327
120844,111,3264.9805
120844,112,3264.8266
120844,115,3264.4484
120844,116,3264.7953
120844,117,3265.7043
120844,118,3266.076
120844,119,3265.8374
120844,122,3266.9775
120844,123,3268.375
120844,124,3269.343
120844,125,3269.6066
120844,126,3271.0629
120844,129,3271.7103
120844,130,3271.3289
120844,131,3273.241
120844,132,3274.45
120844,133,3275.1716
120844,136,3274.3958
120844,137,3274.4722
120844,138,3277.4
120844,139,3276.6884
120844,140,3277.2742
120844,143,3278.1028
120844,144,3279.2794
120844,145,3278.579
120844,146,3279.6046
120844,147,3278.709
120844,150,3279.6554
120844,151,3279.8275
120844,152,3279.779
120844,153,3281.4878
120844,154,3282.0907
120844,157,3283.4273
120844,158,3284.7986
120844,159,3286.9605
120844,160,3286.5575
120844,161,3288.357
120844,164,3289.2224
120844,165,3289.6791
120844,166,3289.3368
120844,167,3290.8141
120844,168,3290.707
120844,171,3292.0928
120844,172,3294.9421
120844,173,3296.8096
120844,174,3299.1056
120844,175,3299.2094
120844,178,3300.8534
120844,179,3300.5152
120844,180,3301.1239
120844,181,3303.787
120844,182,3304.0066
120844,185,3306.016
120844,186,3307.9269
120844,187,3309.9005
120844,188,3309.4334
120844,189,3310.8348
120844,192,3311.5255
120844,193,3313.5156
120844,194,3312.6431
120844,195,3313.8816
120844,196,3314.9728
120844,199,3313.7502
120844,200,3313.6808
120844,201,3312.6255
120844,202,3312.7221
120844,203,3314.1499
120844,206,3315.2089
120844,207,3316.241
120844,208,3316.0104
120844,209,3318.0366
120844,210,3318.8728
120844,213,3319.7643
120844,214,3321.6044
120844,215,3321.424
120844,216,3322.52
120844,217,3323.8204
120844,220,3324.1066
120844,221,3325.6474
120844,222,3327.0052
120844,223,3327.7574
120844,224,3328.4774
120844,227,3329.8851
120844,228,3331.5713
120844,229,3332.4968
120844,230,3334.5328
120844,231,3336.0849
120844,234,3335.0663
120844,235,3334.4508
120844,236,3336.5532
120844,237,3337.1545
120844,238,3338.188
120844,241,3340.2476
120844,242,3341.1025
120844,243,3342.0037
120844,244,3341.9512
120844,245,3343.2029
120844,248,3344.6832
120844,249,3344.9371
120844,250,3344.8285
120844,251,3348.4601
120844,252,3349.2259
120844,255,3349.3686
120844,256,3350.9783
120844,257,3351.7891
120844,258,3351.5074
120844,259,3352.8821
120844,262,3352.846
120844,263,3355.3766
120844,264,3356.7649
120844,265,3357.3381
120844,266,3358.3198
120844,269,3360.142
120844,270,3361.2057
120844,271,3364.3208
120844,272,3366.3928
120844,273,3367.7784
120844,276,3367.6532
120844,277,3368.3661
120844,278,3369.7433
120844,279,3369.7391
120844,280,3371.9818
120844,283,3371.817
120844,284,3372.0099
120844,285,3372.2825
120844,286,3373.9428
120844,287,3373.9577
120844,290,3372.9153
120844,291,3374.9418
120844,292,3375.3399
120844,293,3375.0746
120844,294,3375.1427
120844,297,3377.8394
120844,298,3378.0116
120844,299,3378.7518
120844,300,3379.1477
120844,301,3378.7074
120844,304,3378.7884
120844,305,3378.2753
120844,306,3380.1644
120844,307,3381.1438
120844,308,3384.6617
120844,311,3384.779
120844,312,3384.7364
120844,313,3387.2455
120844,314,3389.2485
120844,315,3390.5337
120844,318,3390.2189
120844,319,3392.9578
120844,320,3393.756
120844,321,3394.1711
120844,322,3396.2691
120844,325,3397.1214
120844,326,3396.7504
120844,327,3397.6698
120844,328,3397.71
120844,329,3395.3667
120844,332,3395.2995
120844,333,3395.6109
120844,334,3395.2508
120844,335,3396.7421
120844,336,3396.7864
120844,339,3398.1747
120844,340,3397.7312
120844,341,3399.5812
120844,342,3399.0913
120844,343,3397.4615
120844,346,3399.6626
120844,347,3399.623
120844,348,3402.3823
120844,349,3403.8652
120844,350,3405.5909
120844,353,3407.5914
120844,354,3408.5914
120844,355,3409.6039
120844,356,3411.8602
120844,357,3412.8601
120844,360,3412.9576
120844,361,3414.4679
120844,362,3413.0758
120844,363,3415.3755
120844,364,3417.6992
120844,367,3419.8712
120844,368,3422.0033
120844,369,3422.7953
120844,370,3423.5632
120844,371,3423.1204
120844,374,3425.8891
120844,375,3426.2495
120844,376,3427.5002
120844,377,3428.6588
120844,378,3428.0956
120844,381,3427.0962
120844,382,3427.9863
120844,383,3428.3806
120844,384,3429.1684
120844,385,3431.2043
120844,388,3432.3326
120844,389,3434.0384
120844,390,3435.4061
120844,391,3435.95
120844,392,3435.7521
120844,395,3436.9249
120844,396,3437.9024
120844,397,3439.7806
120844,398,3440.5045
120844,399,3441.0697
120844,402,3441.7086
120844,403,3441.6004
120844,404,3444.0575
120844,405,3446.1827
120844,406,3445.755
120844,409,3447.5167
120844,410,3446.4027
120844,411,3448.3618
120844,412,3448.4949
120844,413,3449.7756
120844,416,3448.569
120844,417,3448.1566
120844,418,3449.5553
120844,419,3449.6835
120844,420,3449.6606
120844,423,3452.0679
120844,424,3455.3639
120844,425,3457.2755
120844,426,3456.9783
120844,427,3459.7913
120844,430,3458.9822
120844,431,3459.5428
120844,432,3460.4949
120844,433,3463.4859
120844,434,3465.3754
120844,437,3465.7631
120844,438,3465.6255
120844,439,3467.6139
120844,440,3467.9259
120844,441,3469.0573
120844,444,3468.4554
120844,445,3469.9723
120844,446,3471.4018
120844,447,3470.9396
120844,448,3472.9633
120844,451,3474.4663
120844,452,3476.1727
120844,453,3476.6548
120844,454,3477.7477
120844,455,3478.7143
120844,458,3479.4493
120844,459,3480.5338
120844,460,3482.8097
120844,461,3484.8878
120844,462,3484.4895
120844,465,3486.4703
120844,466,3488.6783
120844,467,3489.4122
120844,468,3490.8713
120844,469,3492.3152
120844,472,3492.2811
120844,473,3492.7617
120844,474,3494.4891
120844,475,3494.8447
120844,476,3496.8205
120844,479,3499.1605
120844,480,3501.3242
120844,481,3504.4121
120844,482,3505.2159
120844,483,3506.3159
120844,486,3507.5746
120844,487,3508.4127
120844,488,3509.9172
120844,489,3508.9309
120844,490,3510.0626
120844,493,3509.4452
120844,494,3509.2863
120844,495,3511.002
120844,496,3511.6875
120844,497,3513.3653
120844,500,3514.0273
120844,501,3516.1589
120844,502,3516.8011
120844,503,3515.543
120844,504,3516.6996
120844,507,3515.2046
120844,508,3514.503
120844,509,3514.4321
120844,510,3514.2231
120844,511,3514.5263
120844,514,3514.2793
120844,515,3513.6295
120844,516,3516.2431
120844,517,3516.3991
120844,518,3514.8357
120844,521,3515.3428
120844,522,3515.0042
120844,523,3514.9311
120844,524,3516.6245
120844,525,3517.0352
120844,528,3516.6656
120844,529,3518.0673
120844,530,3520.2496
120844,531,3521.7532
120844,532,3519.9405
120844,535,3519.6122
120844,536,3520.5728
120844,537,3521.2101
120844,538,3521.7554
120844,539,3521.5736
120844,542,3520.923
120844,543,3524.0592
120844,544,3524.9984
120844,545,3526.6209
120844,546,3527.5376
120844,549,3528.4991
120844,550,3529.3403
120844,551,3529.0051
120844,552,3528.2321
120844,553,3529.5716
120844,556,3530.691
120844,557,3532.6457
120844,558,3534.3755
120844,559,3534.3871
120844,560,3536.5603
120844,563,3538.3251
120844,564,3540.0081
120844,565,3543.4308
120844,566,3546.6274
120844,567,3548.3133
120844,570,3549.8606
120844,571,3551.9863
120844,572,3552.2491
120844,573,3552.5279
120844,574,3554.1981
120844,577,3554.1561
120844,578,3555.7367
120844,579,3556.8297
120844,580,3556.7879
120844,581,3557.7345
120844,584,3560.1154
120844,585,3561.1262
120844,586,3562.1419
120844,587,3563.4301
120844,588,3564.8649
120844,591,3565.413
120844,592,3566.7262
120844,593,3566.4677
120844,594,3566.49
120844,595,3566.656
120844,598,3568.104
120844,599,3569.2046
120844,600,3569.9742
120844,601,3571.6722
120844,602,3573.0199
120844,605,3573.6152
120844,606,3573.3718
120844,607,3573.3709
120844,608,3572.6418
120844,609,3573.7216
120844,612,3573.673
120844,613,3574.0372
120844,614,3574.8156
120844,615,3576.9138
120844,616,3578.8833
120844,619,3579.7449
120844,620,3582.0959
120844,621,3580.7496
120844,622,3583.7917
120844,623,3585.4982
120844,626,3586.5393
120844,627,3586.4574
120844,628,3586.8877
120844,629,3588.5017
120844,630,3590.1421
120844,633,3591.8243
120844,634,3591.9266
120844,635,3591.8011
120844,636,3592.9486
120844,637,3594.747
120844,640,3595.678
120844,641,3598.2842
120844,642,3599.25
120844,643,3600.1777
120844,644,3601.8671
120844,647,3604.1801
120844,648,3603.5781
120844,649,3603.2386
120844,650,3603.8126
120844,651,3608.3306
120844,654,3608.9643
120844,655,3609.7568
120844,656,3611.3913
120844,657,3613.4346
120844,658,3614.5601
120844,661,3616.8187
120844,662,3616.3915
120844,663,3616.4517
120844,664,3618.7093
120844,665,3619.6553
120844,668,3619.1497
120844,669,3618.5757
120844,670,3618.5848
120844,671,3619.5207
120844,672,3620.9874
120844,675,3621.5461
120844,676,3622.9197
120844,677,3623.3555
120844,678,3625.6876
120844,679,3629.539
120844,682,3630.0264
120844,683,3631.5117
120844,684,3632.9044
120844,685,3634.0003
120844,686,3635.6858
120844,689,3637.1722
120844,690,3637.5707
120844,691,3640.0182
120844,692,3641.1885
120844,693,3641.6864
120844,696,3645.4301
120844,697,3646.237
120844,698,3647.4705
120844,699,3648.6131
120844,700,3649.405
120844,703,3650.8623
120844,704,3650.8323
120844,705,3652.4603
120844,706,3651.3798
120844,707,3650.8288
120844,710,3653.8711
120844,711,3653.3679
120844,712,3652.0552
120844,713,3651.5807
120844,714,3654.5251
120844,717,3653.4053
120844,718,3653.2478
120844,719,3652.5123
120844,720,3653.1391
120844,721,3653.5797
120844,724,3653.9689
120844,725,3657.0489
120844,726,3656.611
120844,727,3657.4366
120844,728,3658.7703
120844,731,3658.5844
120844,732,3660.0891
120844,733,3660.5723
120844,734,3661.9484
120844,735,3662.7684
120844,738,3661.3478
120844,739,3663.7993
120844,740,3667.1351
120844,741,3667.8769
120844,742,3667.7856
120844,745,3670.4725
120844,746,3673.606
120844,747,3674.3583
120844,748,3675.0531
120844,749,3675.9086
120844,752,3674.9181
120844,753,3675.529
120844,754,3678.4636
120844,755,3679.2171
120844,756,3678.9609
120844,759,3680.4856
120844,760,3680.6615
120844,761,3681.534
120844,762,3681.0123
120844,763,3680.7599
120844,766,3682.5649
120844,767,3683.6494
120844,768,3683.6991
120844,769,3684.7881
120844,770,3685.0339
120844,773,3685.0747
120844,774,3687.377
120844,775,3689.2379
120844,776,3690.1648
120844,777,3691.2846
120844,780,3692.2271
120844,781,3693.7461
120844,782,3693.7687
120844,783,3695.7254
120844,784,3697.0905
120844,787,3697.7379
120844,788,3698.1236
120844,789,3700.0577
120844,790,3700.8368
120844,791,3700.9767
120844,794,3701.4831
120844,795,3703.3351
120844,796,3702.4118
120844,797,3702.9523
120844,798,3705.1568
120844,801,3705.9162
120844,802,3707.1908
120844,803,3709.4167
120844,804,3711.4165
120844,805,3711.8595
120844,808,3712.6645
120844,809,3714.6807
120844,810,3716.7386
120844,811,3717.5943
120844,812,3718.4906
120844,815,3719.7635
120844,816,3722.3253
120844,817,3724.5378
120844,818,3726.3123
120844,819,3726.0075
120844,822,3726.646
120844,823,3727.3464
120844,824,3729.9741
120844,825,3730.6556
120844,826,3733.0915
120844,829,3733.3834
120844,830,3733.7692
120844,831,3735.2988
120844,832,3738.1082
120844,833,3738.8231
120844,836,3736.7701
120844,837,3735.8931
120844,838,3737.2075
120844,839,3736.4356
120844,840,3736.3807
120844,843,3737.3591
120844,844,3735.4403
120844,845,3735.9571
120844,846,3735.5501
120844,847,3734.7498
120844,850,3734.7695
120844,851,3734.4751
120844,852,3735.9909
120844,853,3738.3633
120844,854,3738.8984
120844,857,3739.1608
120844,858,3739.6375
120844,859,3739.2968
120844,860,3738.7435
120844,861,3737.7702
120844,864,3737.1691
120844,865,3740.0552
120844,866,3740.2066
120844,867,3737.7068
120844,868,3737.9797
120844,871,3737.0715
120844,872,3738.1056
120844,873,3739.013
120844,874,3740.0434
120844,875,3740.9602
120844,878,3741.486
120844,879,3740.7354
120844,880,3741.6125
120844,881,3743.779
120844,882,3746.8846
120844,885,3747.5702
120844,886,3748.384
120844,887,3749.942
120844,888,3752.6739
120844,889,3753.0671
120844,892,3754.8543
120844,893,3754.8497
120844,894,3756.2086
120844,895,3758.3264
120844,896,3757.7677
120844,899,3758.1155
120844,900,3760.2156
120844,901,3761.9156
120844,902,3764.1141
120844,903,3766.0914
120844,906,3766.6582
120844,907,3770.2406
120844,908,3771.3758
120844,909,3768.7197
120844,910,3769.3567
120844,913,3769.772
120844,914,3771.6891
120844,915,3772.126
120844,916,3774.4053
120844,917,3776.0427
120844,920,3775.8273
120844,921,3776.6343
120844,922,3776.6859
120844,923,3777.8801
120844,924,3777.9246
120844,927,3778.9878
120844,928,3779.6385
120844,929,3780.4322
120844,930,3783.851
120844,931,3784.3974
120844,934,3783.068
120844,935,3785.2548
120844,936,3787.4335
120844,937,3786.05
120844,938,3786.1907
120844,941,3787.6873
120844,942,3789.29
120844,943,3790.2619
120844,944,3791.261
120844,945,3791.1181
120844,948,3789.2308
120844,949,3792.6558
120844,950,3792.4769
120844,951,3793.6661
120844,952,3794.4549
120844,955,3796.5065
120844,956,3797.6233
120844,957,3798.7866
120844,958,3796.6151
120844,959,3796.5978
120844,962,3798.468
120844,963,3800.2314
120844,964,3800.0726
120844,965,3799.1641
120844,966,3800.2957
120844,969,3797.7974
120844,970,3797.403
120844,971,3800.489
120844,972,3803.2
120844,973,3804.765
120844,976,3806.1149
120844,977,3804.759
120844,978,3804.8528
120844,979,3805.4805
120844,980,3805.5998
120844,983,3806.1616
120844,984,3808.7018
120844,985,3809.0342
120844,986,3809.6077
120844,987,3811.4782
120844,990,3810.7573
120844,991,3810.7317
120844,992,3810.8292
120844,993,3811.879
120844,994,3812.4481
120844,997,3813.0553
120844,998,3813.2403
120844,999,3812.9378
120844,1000,3814.6532
120844,1001,3815.2313
120844,1004,3816.9597
120844,1005,3816.6078
120844,1006,3816.7925
120844,1007,3817.5112
120844,1008,3818.3422
120844,1011,3820.2348
120844,1012,3820.7022
120844,1013,3822.5868
120844,1014,3824.0245
120844,1015,3824.8823
120844,1018,3824.7228
120844,1019,3826.6216
120844,1020,3826.4921
120844,1021,3827.4536
120844,1022,3828.3759
120844,1025,3829.1137
120844,1026,3829.6319
120844,1027,3829.6281
120844,1028,3828.6656
120844,1029,3831.347
120844,1032,3831.7419
120844,1033,3832.5757
120844,1034,3833.4023
120844,1035,3835.7146
120844,1036,3839.041
120844,1039,3840.2247
120844,1040,3841.0254
120844,1041,3840.657
120844,1042,3839.9014
120844,1043,3838.7465
120844,1046,3838.7744
120844,1047,3837.2368
120844,1048,3839.5312
120844,1049,3841.0335
120844,1050,3841.7198
120844,1053,3844.0538
120844,1054,3843.7485
120844,1055,3843.7472
120844,1056,3842.3977
120844,1057,3844.3264
120844,1060,3844.3368
120844,1061,3845.3475
120844,1062,3847.5543
120844,1063,3850.209
120844,1064,3851.1668
120844,1067,3852.6265
120844,1068,3852.5235
120844,1069,3855.5611
120844,1070,3856.3539
120844,1071,3857.4462
120844,1074,3857.9469
120844,1075,3860.4
120844,1076,3861.6387
120844,1077,3863.5607
120844,1078,3864.9883
120844,1081,3865.717
120844,1082,3867.8464
120844,1083,3869.265
120844,1084,3869.0918
120844,1085,3868.8843
120844,1088,3870.0638
120844,1089,3872.1687
120844,1090,3875.1682
120844,1091,3873.9987
120844,1092,3875.0294
120844,1095,3876.6268
120844,1096,3877.988
120844,1097,3880.2218
120844,1098,3882.0242
120844,1099,3881.8205
120844,1102,3881.5811
120844,1103,3882.9645
120844,1104,3885.1781
120844,1105,3886.3559
120844,1106,3885.4269
120844,1109,3885.1476
120844,1110,3886.9964
120844,1111,3887.5722
120844,1112,3888.7195
120844,1113,3891.0282
120844,1116,3890.5585
120844,1117,3891.0544
120844,1118,3891.4173
120844,1119,3892.8569
120844,1120,3894.8092
120844,1123,3893.998
120844,1124,3894.9957
120844,1125,3897.0674
120844,1126,3895.7961
120844,1127,3896.7221
120844,1130,3896.235
120844,1131,3896.4527
120844,1132,3894.3839
120844,1133,3897.0977
120844,1134,3897.6662
120844,1137,3897.6806
120844,1138,3899.0892
120844,1139,3898.8149
120844,1140,3898.424
120844,1141,3901.2851
120844,1144,3904.5152
120844,1145,3904.7942
120844,1146,3907.1148
120844,1147,3908.561
120844,1148,3907.8287
120844,1151,3907.6943
120844,1152,3910.6124
120844,1153,3909.8638
120844,1154,3913.6832
120844,1155,3913.9883
120844,1158,3916.9478
120844,1159,3917.5812
120844,1160,3919.5792
120844,1161,3922.3134
120844,1162,3925.0433
120844,1165,3925.3332
120844,1166,3925.2857
120844,1167,3926.1979
120844,1168,3925.6024
120844,1169,3926.911
120844,1172,3926.9087
120844,1173,3929.2614
120844,1174,3929.5694
120844,1175,3928.4267
120844,1176,3931.1744
120844,1179,3932.4156
120844,1180,3933.4662
120844,1181,3935.8373
120844,1182,3937.9336
120844,1183,3938.0044
120844,1186,3938.4622
120844,1187,3938.0975
120844,1188,3937.2969
120844,1189,3939.0304
120844,1190,3940.5333
120844,1193,3942.4945
120844,1194,3945.1037
120844,1195,3947.0841
120844,1196,3949.1762
120844,1197,3947.6105
120844,1200,3948.2471
120844,1201,3950.4656
120844,1202,3950.031
120844,1203,3951.1641
120844,1204,3952.8301
120844,1207,3954.4013
120844,1208,3955.8809
120844,1209,3957.6479
120844,1210,3958.8942
120844,1211,3958.0913
120844,1214,3959.7446
120844,1215,3961.1213
120844,1216,3960.3344
120844,1217,3963.0779
120844,1218,3964.7668
120844,1221,3964.0658
120844,1222,3964.0679
120844,1223,3964.3862
120844,1224,3964.7035
120844,1225,3966.0924
120844,1228,3965.8957
120844,1229,3968.3286
120844,1230,3970.66
120844,1231,3972.4592
120844,1232,3973.5393
120844,1235,3975.7381
120844,1236,3976.4181
120844,1237,3976.5364
120844,1238,3979.0535
120844,1239,3980.478
120844,1242,3980.6471
120844,1243,3981.1501
120844,1244,3981.2536
120844,1245,3984.8178
120844,1246,3985.851
120844,1249,3987.0773
120844,1250,3989.0119
120844,1251,3988.5138
120844,1252,3990.9209
120844,1253,3991.1862
120844,1256,3994.5176
120844,1257,3995.1546
120844,1258,3997.4915
120844,1259,3995.3795
120844,1260,3994.9313
120844,1263,3995.5923
120844,1264,3994.0675
120844,1265,3995.854
120844,1266,3997.2788
120844,1267,3997.0624
120844,1270,3998.0734
120844,1271,4000.1208
120844,1272,3998.5032
120844,1273,3997.9308
120844,1274,3998.5401
120844,1277,3999.6015
120844,1278,4000.5594
120844,1279,4002.7124
120844,1280,4004.3468
120844,1281,4006.2588
120844,1284,4005.5384
120844,1285,4006.7545
120844,1286,4007.4004
120844,1287,4010.2805
120844,1288,4011.5354
120844,1291,4011.7248
120844,1292,4013.8373
120844,1293,4015.5851
120844,1294,4015.5817
120844,1295,4016.1768
120844,1298,4016.7935
120844,1299,4019.3833
120844,1300,4020.6776
120844,1301,4022.6355
120844,1302,4023.0482
120844,1305,4024.5104
120844,1306,4027.2015
120844,1307,4027.7823
120844,1308,4028.9675
120844,1309,4028.2767
120844,1312,4028.3444
120844,1313,4028.9592
120844,1314,4028.6522
120844,1315,4031.3697
120844,1316,4031.3455
120844,1319,4033.3848
120844,1320,4034.6628
120844,1321,4035.7428
120844,1322,4038.6739
120844,1323,4036.8405
120844,1326,4037.6323
120844,1327,4037.2998
120844,1328,4035.8473
120844,1329,4035.3696
120844,1330,4036.4325
120844,1333,4036.5514
120844,1334,4038.7332
120844,1335,4039.5029
120844,1336,4040.1318
120844,1337,4040.7663
120844,1340,4041.6833
120844,1341,4042.1931
120844,1342,4042.152
120844,1343,4044.4546
120844,1344,4044.7028
120844,1347,4045.2576
120844,1348,4046.8484
120844,1349,4048.2988
120844,1350,4048.2038
120844,1351,4050.2111
120844,1354,4051.9421
120844,1355,4053.2146
120844,1356,4053.7094
120844,1357,4054.2357
120844,1358,4055.0239
120844,1361,4054.4965
120844,1362,4055.4923
120844,1363,4057.6785
120844,1364,4059.8457
120844,1365,4060.4059
120844,1368,4062.8149
120844,1369,4066.3032
120844,1370,4066.9471
120844,1371,4068.8824
120844,1372,4067.0324
120844,1375,4066.4698
120844,1376,4067.6355
120844,1377,4067.3949
120844,1378,4071.0582
120844,1379,4072.8753
120844,1382,4075.1655
120844,1383,4076.1795
120844,1384,4075.9429
120844,1385,4076.3282
120844,1386,4077.7064
120844,1389,4077.9389
120844,1390,4079.8533
120844,1391,4081.8203
120844,1392,4082.8797
120844,1393,4081.5853
120844,1396,4084.8439
120844,1397,4085.624
120844,1398,4090.1668
120844,1399,4092.0629
120844,1400,4092.8478
120844,1403,4094.4811
120844,1404,4092.9334
120844,1405,4095.3127
120844,1406,4099.6824
120844,1407,4098.0424
120844,1410,4098.7285
120844,1411,4099.6499
120844,1412,4101.8381
120844,1413,4105.6186
120844,1414,4107.173
120844,1417,4111.0049
120844,1418,4112.2862
120844,1419,4113.9319
120844,1420,4115.4186
120844,1421,4118.0628
120844,1424,4118.5773
120844,1425,4120.7016
120844,1426,4120.1671
120844,1427,4120.8607
120844,1428,4121.0972
120844,1431,4122.2745
120844,1432,4122.9274
120844,1433,4125.4619
120844,1434,4125.3842
120844,1435,4124.1989
120844,1438,4123.4996
120844,1439,4125.8551
120844,1440,4125.6593
120844,1441,4127.2408
120844,1442,4127.9222
120844,1445,4130.0591
120844,1446,4130.8243
120844,1447,4135.4891
120844,1448,4139.0297
120844,1449,4139.6864
120844,1452,4140.1647
120844,1453,4145.3204
120844,1454,4144.9811
120844,1455,4145.9785
120844,1456,4147.0774
120844,1459,4148.1441
120844,1460,4146.9426
120844,1461,4148.6612
120844,1462,4148.4634
120844,1463,4151.4108
120844,1466,4150.5779
120844,1467,4151.7264
120844,1468,4149.8997
120844,1469,4148.1545
120844,1470,4148.1278
120844,1473,4148.2855
120844,1474,4151.2717
120844,1475,4152.2895
120844,1476,4155.0517
120844,1477,4155.6264
120844,1480,4157.4921
120844,1481,4157.6144
120844,1482,4157.6478
120844,1483,4156.3359
120844,1484,4157.8478
120844,1487,4159.2637
120844,1488,4161.3554
120844,1489,4162.7107
120844,1490,4166.4427
120844,1491,4167.7485
120844,1494,4170.1262
120844,1495,4170.7762
120844,1496,4170.6586
120844,1497,4172.6776
120844,1498,4173.6368
120844,1501,4175.8077
120844,1502,4177.3493
120844,1503,4177.3834
120844,1504,4179.8752
120844,1505,4179.8064
120844,1508,4181.7082
120844,1509,4184.4757
120844,1510,4185.0482
120844,1511,4187.6523
120844,1512,4189.2572
120844,1515,4191.4625
120844,1516,4191.4389
120844,1517,4192.8032
120844,1518,4192.0252
120844,1519,4195.3674
120844,1522,4193.7885
120844,1523,4194.4017
120844,1524,4194.2527
120844,1525,4196.2263
120844,1526,4199.8531
120844,1529,4201.8032
120844,1530,4206.809
120844,1531,4206.0684
120844,1532,4205.4296
120844,1533,4205.3313
120844,1536,4206.5768
120844,1537,4206.3012
120844,1538,4206.3903
120844,1539,4208.2978
120844,1540,4207.7408
120844,1543,4207.3243
120844,1544,4207.8814
120844,1545,4208.5633
120844,1546,4210.9884
120844,1547,4210.8801
120844,1550,4211.0109
120844,1551,4212.869
120844,1552,4215.0196
120844,1553,4218.0046
120844,1554,4219.7162
120844,1557,4220.9781
120844,1558,4222.8317
120844,1559,4223.5653
120844,1560,4224.2893
120844,1561,4223.0186
120844,1564,4225.2968
120844,1565,4226.6683
120844,1566,4228.7935
120844,1567,4226.1346
120844,1568,4227.1621
120844,1571,4227.1129
120844,1572,4230.2033
120844,1573,4232.1132
120844,1574,4233.5173
120844,1575,4234.0333
120844,1578,4235.6555
120844,1579,4235.5097
120844,1580,4236.4693
120844,1581,4236.7903
120844,1582,4240.9097
120844,1585,4243.9681
120844,1586,4246.4846
120844,1587,4245.5867
120844,1588,4247.8379
120844,1589,4249.1849
120844,1592,4251.9192
120844,1593,4253.448
120844,1594,4254.5363
120844,1595,4255.9472
120844,1596,4254.6247
120844,1599,4254.6937
120844,1600,4256.2918
120844,1601,4258.9179
120844,1602,4259.278
120844,1603,4260.322
120844,1606,4259.2727
120844,1607,4262.3302
120844,1608,4264.9256
120844,1609,4266.9021
120844,1610,4268.5497
119092,3,38.7466
119092,4,38.4924
119092,5,38.2033
119092,6,38.5825
119092,7,38.9425
119092,10,38.5546
119092,11,38.3941
119092,12,38.9905
119092,13,39.1525
119092,14,39.4456
119092,17,39.0646
119092,18,39.3117
119092,19,38.8427
119092,20,38.19
119092,21,38.4555
119092,24,38.9651
119092,25,38.8981
119092,26,38.731
119092,27,39.3401
119092,28,39.2929
119092,31,39.2903
119092,32,39.9023
119092,33,39.7986
119092,34,39.5901
119092,35,39.8964
119092,38,39.6672
119092,39,39.6371
119092,40,39.1989
119092,41,39.2833
119092,42,39.3271
119092,45,39.6848
119092,46,40.0066
119092,47,40.2224
119092,48,40.3833
119092,49,40.3781
119092,52,40.6167
119092,53,40.2409
119092,54,39.4362
119092,55,39.863
119092,56,40.1214
119092,59,40.0971
119092,60,40.4998
119092,61,40.2601
119092,62,40.0311
119092,63,39.7547
119092,66,39.9748
119092,67,39.4409
119092,68,39.1953
119092,69,39.3158
119092,70,38.9206
119092,73,38.7146
119092,74,37.9864
119092,75,38.2096
119092,76,37.9981
119092,77,37.6509
119092,80,37.2426
119092,81,37.1246
119092,82,36.6297
119092,83,37.2818
119092,84,36.5248
119092,87,36.3987
119092,88,36.4518
119092,89,36.2221
119092,90,36.3086
119092,91,36.0721
119092,94,36.581
119092,95,36.2405
119092,96,35.5151
119092,97,35.1288
119092,98,35.267
119092,101,35.2485
119092,102,35.5014
119092,103,35.6772
119092,104,35.4959
119092,105,35.3613
119092,108,35.2596
119092,109,35.8689
119092,110,36.1067
119092,111,36.7331
119092,112,37.0256
119092,115,37.0239
119092,116,36.7115
119092,117,36.7958
119092,118,36.795
119092,119,36.7836
119092,122,36.7348
119092,123,36.0944
119092,124,36.5169
119092,125,36.5195
119092,126,36.0854
119092,129,36.2578
119092,130,36.0037
119092,131,36.2013
119092,132,36.5027
119092,133,36.8514
119092,136,36.8182
119092,137,36.703
119092,138,36.5199
119092,139,36.3066
119092,140,36.3198
119092,143,36.2716
119092,144,36.0271
119092,145,35.6839
119092,146,35.6681
119092,147,35.5501
119092,150,35.2122
119092,151,35.4894
119092,152,36.067
119092,153,36.3933
119092,154,36.1815
119092,157,36.1841
119092,158,36.698
119092,159,36.3388
119092,160,36.6094
119092,161,36.1635
119092,164,36.7235
119092,165,36.6033
119092,166,37.3492
119092,167,37.9424
119092,168,37.9263
119092,171,37.7059
119092,172,37.7902
119092,173,37.7497
119092,174,37.6357
119092,175,37.1084
119092,178,36.9595
119092,179,36.6182
119092,180,36.8158
119092,181,37.1581
119092,182,37.4209
119092,185,37.5535
119092,186,37.2913
119092,187,37.3782
119092,188,37.6598
119092,189,37.485
119092,192,37.5437
119092,193,37.5149
119092,194,38.0886
119092,195,38.3955
119092,196,38.6223
119092,199,38.0616
119092,200,38.1393
119092,201,38.1068
119092,202,38.0715
119092,203,37.5696
119092,206,37.2301
119092,207,37.2269
119092,208,37.614
119092,209,37.4379
119092,210,37.3254
119092,213,37.9359
119092,214,37.8562
119092,215,37.8327
119092,216,37.8138
119092,217,37.387
119092,220,37.5954
119092,221,37.3989
119092,222,37.4083
119092,223,37.5745
119092,224,38.2435
119092,227,37.8211
119092,228,38.1304
119092,229,38.4435
119092,230,38.2475
119092,231,38.4701
119092,234,39.0518
119092,235,38.8093
119092,236,38.9121
119092,237,39.0714
119092,238,39.2761
119092,241,39.5639
119092,242,39.6424
119092,243,39.8429
119092,244,39.5443
119092,245,39.622
119092,248,39.4762
119092,249,39.0705
119092,250,38.9156
119092,251,39.0283
119092,252,39.1988
119092,255,38.7827
119092,256,38.4832
119092,257,38.7499
119092,258,38.944
119092,259,39.2702
119092,262,39.7673
119092,263,39.977
119092,264,39.8515
119092,265,39.9125
119092,266,40.522
119092,269,41.5435
119092,270,41.735
119092,271,41.9542
119092,272,42.2454
119092,273,42.2761
119092,276,42.7343
119092,277,43.1381
119092,278,43.2955
119092,279,43.1965
119092,280,42.6431
119092,283,42.9415
119092,284,43.0444
119092,285,42.7873
119092,286,42.3849
119092,287,42.6549
119092,290,42.0785
119092,291,42.2116
119092,292,42.5487
119092,293,42.7776
119092,294,42.6525
119092,297,42.2069
119092,298,42.4478
119092,299,42.9218
119092,300,42.7276
119092,301,42.9411
119092,304,43.5667
119092,305,43.7197
119092,306,43.5894
119092,307,44.0141
119092,308,43.7513
119092,311,43.2755
119092,312,43.6092
119092,313,43.4757
119092,314,43.3768
119092,315,43.1599
119092,318,43.0025
119092,319,43.5604
119092,320,44.2266
119092,321,44.9554
119092,322,45.4131
119092,325,45.6238
119092,326,45.0744
119092,327,45.0231
119092,328,45.9114
119092,329,45.7589
119092,332,46.398
119092,333,46.4445
119092,334,45.3837
119092,335,45.6644
119092,336,46.201
119092,339,46.2049
119092,340,46.7342
119092,341,46.0756
119092,342,45.5395
119092,343,45.6453
119092,346,45.8615
119092,347,46.4374
119092,348,46.7239
119092,349,46.2585
119092,350,46.3694
119092,353,46.6398
119092,354,45.8988
119092,355,45.9049
119092,356,45.7928
119092,357,45.5527
119092,360,45.7771
119092,361,45.3387
119092,362,45.5292
119092,363,45.778
119092,364,46.2415
119092,367,45.8092
119092,368,45.2284
119092,369,45.3632
119092,370,45.2722
119092,371,46.47
119092,374,46.6824
119092,375,46.7305
119092,376,46.6834
119092,377,46.2084
119092,378,46.4627
119092,381,46.4543
119092,382,46.4461
119092,383,46.5088
119092,384,46.6237
119092,385,45.9377
119092,388,46.3019
119092,389,45.9813
119092,390,45.949
119092,391,46.4971
119092,392,47.2569
119092,395,46.5775
119092,396,46.614
119092,397,46.7504
119092,398,46.1568
119092,399,46.5086
119092,402,46.5804
119092,403,46.6843
119092,404,46.3319
119092,405,46.5249
119092,406,46.8943
119092,409,46.9712
119092,410,46.7829
119092,411,46.6274
119092,412,46.7422
119092,413,46.7865
119092,416,47.1857
119092,417,47.0105
119092,418,46.532
119092,419,46.7038
119092,420,46.5316
119092,423,46.8785
119092,424,46.9058
119092,425,47.2018
119092,426,46.8056
119092,427,46.889
119092,430,46.6247
119092,431,46.1494
119092,432,45.8239
119092,433,45.6279
119092,434,46.1554
119092,437,45.9472
119092,438,45.4583
119092,439,45.5345
119092,440,45.5698
119092,441,45.3959
119092,444,45.3547
119092,445,45.7705
119092,446,46.0658
119092,447,46.3277
119092,448,45.8702
119092,451,47.0772
119092,452,47.5402
119092,453,47.7821
119092,454,47.3184
119092,455,47.7402
119092,458,47.5542
119092,459,47.4973
119092,460,46.8226
119092,461,46.3366
119092,462,46.5402
119092,465,46.9792
119092,466,47.2882
119092,467,47.585
119092,468,47.5824
119092,469,47.4365
119092,472,47.582
119092,473,47.9527
119092,474,47.9795
119092,475,48.5194
119092,476,48.4524
119092,479,48.0601
119092,480,48.0805
119092,481,48.1503
119092,482,48.1403
119092,483,48.7122
119092,486,49.0847
119092,487,48.4942
119092,488,49.1802
119092,489,48.0302
119092,490,48.9753
119092,493,48.8766
119092,494,48.8201
119092,495,48.8195
119092,496,49.0109
119092,497,49.0361
119092,500,49.0037
119092,501,49.5982
119092,502,49.872
119092,503,49.4776
119092,504,49.8275
119092,507,50.0842
119092,508,49.8696
119092,509,50.2452
119092,510,50.2013
119092,511,50.1291
119092,514,50.045
119092,515,49.01
119092,516,48.808
119092,517,49.1413
119092,518,49.157
119092,521,48.628
119092,522,49.0688
119092,523,48.965
119092,524,48.4653
119092,525,49.4429
119092,528,49.0111
119092,529,49.4182
119092,530,49.1094
119092,531,49.1936
119092,532,48.829
119092,535,48.3231
119092,536,48.5712
119092,537,48.7703
119092,538,49.2905
119092,539,49.301
119092,542,50.3019
119092,543,50.4471
119092,544,50.726
119092,545,50.1478
119092,546,49.9027
119092,549,50.1578
119092,550,50.1464
119092,551,50.2554
119092,552,49.9206
119092,553,50.0001
119092,556,50.0782
119092,557,49.5851
119092,558,49.8926
119092,559,49.1755
119092,560,49.2809
119092,563,50.0801
119092,564,50.4076
119092,565,50.7344
119092,566,50.3604
119092,567,51.1787
119092,570,51.8306
119092,571,51.473
119092,572,51.2843
119092,573,51.8817
119092,574,52.7373
119092,577,52.1793
119092,578,51.7461
119092,579,51.7072
119092,580,50.7527
119092,581,50.7875
119092,584,51.3478
119092,585,50.7266
119092,586,50.8097
119092,587,50.5758
119092,588,51.3391
119092,591,51.1081
119092,592,51.8241
119092,593,51.5783
119092,594,51.9571
119092,595,52.0996
119092,598,52.0629
119092,599,51.7279
119092,600,51.9023
119092,601,51.7277
119092,602,51.4405
119092,605,52.1399
119092,606,52.4193
119092,607,52.7449
119092,608,52.5901
119092,609,52.5311
119092,612,52.4431
119092,613,52.6264
119092,614,52.9524
119092,615,52.9656
119092,616,52.6238
119092,619,53.0053
119092,620,53.0483
119092,621,52.4055
119092,622,51.4544
119092,623,51.6164
119092,626,51.2666
119092,627,51.4884
119092,628,51.1638
119092,629,51.2504
119092,630,51.106
119092,633,51.9285
119092,634,52.3926
119092,635,53.0462
119092,636,53.0848
119092,637,53.4988
119092,640,53.5697
119092,641,54.2965
119092,642,54.2898
119092,643,53.6524
119092,644,52.7422
119092,647,53.5516
119092,648,53.8058
119092,649,54.0926
119092,650,54.8362
119092,651,54.0711
119092,654,53.9282
119092,655,53.8438
119092,656,54.2254
119092,657,53.923
119092,658,53.3822
119092,661,52.8427
119092,662,53.4086
119092,663,53.0874
119092,664,52.8568
119092,665,53.1808
119092,668,52.8813
119092,669,52.119
119092,670,51.4235
119092,671,51.4243
119092,672,51.677
119092,675,51.6115
119092,676,51.8346
119092,677,51.1289
119092,678,50.4628
119092,679,51.5025
119092,682,52.0924
119092,683,52.4739
119092,684,52.1964
119092,685,52.1138
119092,686,52.1399
119092,689,52.7751
119092,690,52.9902
119092,691,53.264
119092,692,53.2128
119092,693,53.6137
119092,696,53.7846
119092,697,53.8332
119092,698,53.5092
119092,699,53.4832
119092,700,53.0038
119092,703,53.0123
119092,704,53.0813
119092,705,51.9943
119092,706,51.9156
119092,707,51.4065
119092,710,51.6597
119092,711,51.9776
119092,712,51.8093
119092,713,52.0876
119092,714,52.3869
119092,717,52.3078
119092,718,53.0478
119092,719,52.7368
119092,720,53.4532
119092,721,53.3746
119092,724,53.0065
119092,725,52.8697
119092,726,52.3866
119092,727,52.7775
119092,728,52.0636
119092,731,52.7328
119092,732,52.3263
119092,733,52.741
119092,734,52.7795
119092,735,52.933
119092,738,52.6855
119092,739,52.8769
119092,740,52.9672
119092,741,52.3175
119092,742,51.9021
119092,745,51.6817
119092,746,51.3652
119092,747,51.9627
119092,748,51.9927
119092,749,51.6636
119092,752,51.467
119092,753,51.265
119092,754,51.1613
119092,755,50.7045
119092,756,50.3678
119092,759,50.7357
119092,760,50.8449
119092,761,50.8029
119092,762,50.8302
119092,763,50.836
119092,766,50.7686
119092,767,51.0269
119092,768,51.2532
119092,769,50.5737
119092,770,50.5411
119092,773,49.9001
119092,774,50.2065
119092,775,50.5736
119092,776,50.3279
119092,777,50.3021
119092,780,49.3995
119092,781,49.8509
119092,782,50.1897
119092,783,50.7275
119092,784,51.4235
119092,787,50.8976
119092,788,51.3242
119092,789,52.025
119092,790,51.3703
119092,791,51.3192
119092,794,51.1814
119092,795,51.5956
119092,796,50.5438
119092,797,51.3863
119092,798,51.3618
119092,801,51.8052
119092,802,51.8044
119092,803,52.0565
119092,804,51.0279
119092,805,50.8813
119092,808,51.2896
119092,809,51.4469
119092,810,50.7357
119092,811,50.7894
119092,812,50.45
119092,815,50.0746
119092,816,49.433
119092,817,49.7291
119092,818,50.2456
119092,819,51.2203
119092,822,50.5848
119092,823,50.9546
119092,824,51.3569
119092,825,51.121
119092,826,50.7352
119092,829,50.2776
119092,830,50.0701
119092,831,50.1856
119092,832,50.8174
119092,833,51.3417
119092,836,50.6415
119092,837,50.3164
119092,838,50.9227
119092,839,50.6215
119092,840,50.6222
119092,843,49.8923
119092,844,50.4283
119092,845,49.6103
119092,846,48.922
119092,847,49.4029
119092,850,50.2725
119092,851,50.1697
119092,852,50.1749
119092,853,50.6045
119092,854,50.76
119092,857,50.6193
119092,858,50.4291
119092,859,49.7627
119092,860,49.8908
119092,861,49.8761
119092,864,49.7095
119092,865,49.2977
119092,866,48.9329
119092,867,49.2259
119092,868,49.6358
119092,871,49.5183
119092,872,49.3553
119092,873,49.0104
119092,874,49.4425
119092,875,49.4815
119092,878,49.6679
119092,879,49.8509
119092,880,49.7415
119092,881,49.2583
119092,882,48.8526
119092,885,49.3664
119092,886,49.0768
119092,887,48.9248
119092,888,48.4627
119092,889,47.9705
119092,892,47.6708
119092,893,48.4109
119092,894,48.7178
119092,895,48.517
119092,896,49.0078
119092,899,48.9673
119092,900,49.5813
119092,901,50.5839
119092,902,51.071
119092,903,51.14
119092,906,51.4829
119092,907,51.5164
119092,908,50.7151
119092,909,50.4492
119092,910,50.0534
119092,913,49.7812
119092,914,50.601
119092,915,51.1306
119092,916,51.3563
119092,917,51.7522
119092,920,50.9221
119092,921,51.2766
119092,922,51.73
119092,923,50.7444
119092,924,51.1143
119092,927,50.5024
119092,928,49.6582
119092,929,50.2684
119092,930,49.8496
119092,931,49.5614
119092,934,50.0217
119092,935,49.9129
119092,936,49.8594
119092,937,49.7963
119092,938,49.975
119092,941,49.9011
119092,942,49.9771
119092,943,49.7813
119092,944,49.9618
119092,945,50.1261
119092,948,50.9985
119092,949,50.8535
119092,950,50.7972
119092,951,50.9305
119092,952,51.3921
119092,955,50.926
119092,956,50.9988
119092,957,49.909
119092,958,49.8153
119092,959,50.3148
119092,962,50.0194
119092,963,50.1233
119092,964,49.9158
119092,965,49.5645
119092,966,50.0167
119092,969,49.5834
119092,970,49.7373
119092,971,49.8985
119092,972,49.5506
119092,973,49.6443
119092,976,49.262
119092,977,49.5148
119092,978,48.9691
119092,979,48.8479
119092,980,48.7643
119092,983,49.2707
119092,984,49.357
119092,985,49.8002
119092,986,50.0702
119092,987,50.3389
119092,990,50.2176
119092,991,50.6979
119092,992,50.565
119092,993,49.8252
119092,994,49.7565
119092,997,49.9817
119092,998,49.3039
119092,999,48.9458
119092,1000,48.4425
119092,1001,48.8049
119092,1004,49.5558
119092,1005,49.4898
119092,1006,49.748
119092,1007,49.9961
119092,1008,50.712
119092,1011,50.447
119092,1012,50.3753
119092,1013,50.25
119092,1014,50.3094
119092,1015,51.4594
119092,1018,51.5
119092,1019,51.1396
119092,1020,50.6477
119092,1021,51.2367
119092,1022,50.8762
119092,1025,51.2012
119092,1026,50.9215
119092,1027,50.3818
119092,1028,50.6775
119092,1029,50.4224
119092,1032,50.6381
119092,1033,50.8878
119092,1034,51.1599
119092,1035,51.0654
119092,1036,51.4019
119092,1039,51.0117
119092,1040,49.9452
119092,1041,50.2835
119092,1042,50.383
119092,1043,50.1385
119092,1046,49.5177
119092,1047,48.6614
119092,1048,48.7087
119092,1049,49.4476
119092,1050,49.4127
119092,1053,49.2809
119092,1054,49.2958
119092,1055,50.2783
119092,1056,50.6389
119092,1057,50.2496
119092,1060,50.288
119092,1061,50.4617
119092,1062,50.0196
119092,1063,50.3815
119092,1064,50.0453
119092,1067,49.4083
119092,1068,49.467
119092,1069,49.4567
119092,1070,49.4818
119092,1071,49.1746
119092,1074,48.9295
119092,1075,49.4443
119092,1076,49.6627
119092,1077,49.2708
119092,1078,48.4554
119092,1081,48.091
119092,1082,48.1826
119092,1083,47.9396
119092,1084,47.6651
119092,1085,47.4425
119092,1088,47.4366
119092,1089,47.7906
119092,1090,47.8151
119092,1091,47.8659
119092,1092,47.7957
119092,1095,47.6102
119092,1096,48.012
119092,1097,48.3523
119092,1098,49.2578
119092,1099,49.5493
119092,1102,49.3574
119092,1103,48.9905
119092,1104,49.4294
119092,1105,49.1007
119092,1106,49.4781
119092,1109,49.173
119092,1110,49.3501
119092,1111,48.9163
119092,1112,49.2793
119092,1113,48.7712
119092,1116,48.914
119092,1117,48.8539
119092,1118,48.923
119092,1119,48.7777
119092,1120,48.6227
119092,1123,48.7143
119092,1124,48.3105
119092,1125,47.9077
119092,1126,47.7811
119092,1127,47.6384
119092,1130,47.2423
119092,1131,47.6535
119092,1132,47.5376
119092,1133,47.4672
119092,1134,46.9389
119092,1137,47.829
119092,1138,48.8891
119092,1139,48.5788
119092,1140,49.1323
119092,1141,49.1178
119092,1144,49.8432
119092,1145,50.017
119092,1146,50.0869
119092,1147,49.0202
119092,1148,48.667
119092,1151,48.7009
119092,1152,48.8115
119092,1153,48.3162
119092,1154,48.0315
119092,1155,48.2914
119092,1158,47.7305
119092,1159,47.8115
119092,1160,48.3612
119092,1161,48.551
119092,1162,48.72
119092,1165,47.8843
119092,1166,47.563
119092,1167,48.4575
119092,1168,48.227
119092,1169,48.793
119092,1172,48.5559
119092,1173,48.4621
119092,1174,48.7081
119092,1175,48.7765
119092,1176,48.9661
119092,1179,48.6391
119092,1180,48.179
119092,1181,47.8287
119092,1182,47.6292
119092,1183,47.5576
119092,1186,48.0194
119092,1187,48.0812
119092,1188,48.312
119092,1189,48.3973
119092,1190,47.9483
119092,1193,47.9804
119092,1194,48.0605
119092,1195,48.4087
119092,1196,47.9793
119092,1197,47.148
119092,1200,47.2457
119092,1201,47.4178
119092,1202,47.3673
119092,1203,47.4035
119092,1204,47.7969
119092,1207,47.6285
119092,1208,47.5361
119092,1209,47.5938
119092,1210,47.1088
119092,1211,47.07
119092,1214,47.0679
119092,1215,47.777
119092,1216,47.6761
119092,1217,47.7849
119092,1218,48.1985
119092,1221,47.8685
119092,1222,48.4778
119092,1223,49.2632
119092,1224,49.2761
119092,1225,49.0675
119092,1228,49.8024
119092,1229,50.179
119092,1230,50.2412
119092,1231,50.9036
119092,1232,51.5267
119092,1235,51.4006
119092,1236,51.5401
119092,1237,51.8297
119092,1238,51.8696
119092,1239,51.2636
119092,1242,50.8674
119092,1243,50.2877
119092,1244,50.5328
119092,1245,50.0336
119092,1246,50.1444
119092,1249,50.9874
119092,1250,51.6601
119092,1251,50.856
119092,1252,50.3116
119092,1253,49.994
119092,1256,49.5068
119092,1257,48.8151
119092,1258,48.8357
119092,1259,49.1656
119092,1260,49.6066
119092,1263,49.425
119092,1264,49.3321
119092,1265,49.5126
119092,1266,49.4908
119092,1267,49.8715
119092,1270,50.087
119092,1271,49.9468
119092,1272,49.161
119092,1273,49.841
119092,1274,49.5659
119092,1277,49.7481
119092,1278,48.9395
119092,1279,48.9599
119092,1280,49.0285
119092,1281,49.1181
119092,1284,50.4671
119092,1285,50.2129
119092,1286,50.6037
119092,1287,50.864
119092,1288,50.5866
119092,1291,50.9736
119092,1292,50.9261
119092,1293,51.3472
119092,1294,52.2698
119092,1295,52.3664
119092,1298,52.2637
119092,1299,52.7778
119092,1300,53.4595
119092,1301,53.0721
119092,1302,52.8878
119092,1305,53.2312
119092,1306,53.1967
119092,1307,52.7781
119092,1308,53.0577
119092,1309,53.4004
119092,1312,53.2706
119092,1313,53.3269
119092,1314,53.0838
119092,1315,52.6007
119092,1316,52.3976
119092,1319,52.4589
119092,1320,51.8076
119092,1321,51.6408
119092,1322,51.7075
119092,1323,52.2821
119092,1326,52.1651
119092,1327,51.6217
119092,1328,51.5529
119092,1329,51.3224
119092,1330,51.5996
119092,1333,51.4726
119092,1334,50.2827
119092,1335,51.9735
119092,1336,52.0656
119092,1337,52.1335
119092,1340,51.4561
119092,1341,50.822
119092,1342,50.807
119092,1343,50.9841
119092,1344,51.3273
119092,1347,51.4614
119092,1348,50.9523
119092,1349,49.8649
119092,1350,49.8466
119092,1351,49.638
119092,1354,49.1137
119092,1355,49.4992
119092,1356,48.8413
119092,1357,49.1331
119092,1358,48.5509
119092,1361,48.6335
119092,1362,49.061
119092,1363,48.9402
119092,1364,49.7007
119092,1365,50.5746
119092,1368,50.7067
119092,1369,50.9756
119092,1370,51.4813
119092,1371,51.7557
119092,1372,51.9825
119092,1375,51.7695
119092,1376,51.0311
119092,1377,50.4354
119092,1378,51.5328
119092,1379,51.7062
119092,1382,51.621
119092,1383,52.2262
119092,1384,51.909
119092,1385,52.2035
119092,1386,52.266
119092,1389,52.5056
119092,1390,52.377
119092,1391,51.9601
119092,1392,51.611
119092,1393,51.2819
119092,1396,51.307
119092,1397,50.6338
119092,1398,50.1057
119092,1399,50.1915
119092,1400,50.1609
119092,1403,50.271
119092,1404,50.277
119092,1405,51.4329
119092,1406,51.517
119092,1407,51.3716
119092,1410,51.4439
119092,1411,51.9355
119092,1412,51.9396
119092,1413,52.2812
119092,1414,52.4912
119092,1417,52.3839
119092,1418,52.4622
119092,1419,53.2347
119092,1420,53.3765
119092,1421,52.9416
119092,1424,52.8199
119092,1425,51.8709
119092,1426,51.9606
119092,1427,52.5925
119092,1428,52.0008
119092,1431,52.0963
119092,1432,52.5782
119092,1433,53.114
119092,1434,53.7446
119092,1435,52.8936
119092,1438,53.1571
119092,1439,52.483
119092,1440,52.0498
119092,1441,52.4551
119092,1442,52.5554
119092,1445,52.9204
119092,1446,52.5157
119092,1447,53.2301
119092,1448,53.5818
119092,1449,54.0316
119092,1452,53.5469
119092,1453,54.1309
119092,1454,54.008
119092,1455,53.7454
119092,1456,54.0705
119092,1459,54.3774
119092,1460,54.0007
119092,1461,55.0173
119092,1462,55.9335
119092,1463,56.2618
119092,1466,56.5049
119092,1467,56.6987
119092,1468,55.9578
119092,1469,56.0424
119092,1470,56.1206
119092,1473,55.865
119092,1474,55.7416
119092,1475,54.6113
119092,1476,54.1133
119092,1477,54.5832
119092,1480,55.4515
119092,1481,55.0205
119092,1482,55.1377
119092,1483,55.7031
119092,1484,55.4768
119092,1487,55.8374
119092,1488,55.8496
119092,1489,56.4681
119092,1490,55.8619
119092,1491,55.3489
119092,1494,55.5141
119092,1495,55.5899
119092,1496,55.591
119092,1497,55.9028
119092,1498,55.4745
119092,1501,54.8368
119092,1502,54.6237
119092,1503,54.465
119092,1504,54.357
119092,1505,54.9971
119092,1508,55.4006
119092,1509,55.6905
119092,1510,55.8284
119092,1511,55.6437
119092,1512,55.2548
119092,1515,54.7027
119092,1516,54.3967
119092,1517,54.4042
119092,1518,53.8806
119092,1519,53.9891
119092,1522,53.9244
119092,1523,53.7635
119092,1524,54.3451
119092,1525,53.2059
119092,1526,53.0535
119092,1529,51.991
119092,1530,52.1274
119092,1531,52.506
119092,1532,51.9109
119092,1533,51.3804
119092,1536,50.6427
119092,1537,50.6973
119092,1538,50.5713
119092,1539,50.4732
119092,1540,50.3356
119092,1543,49.931
119092,1544,50.4579
119092,1545,50.6054
119092,1546,50.1053
119092,1547,49.8223
119092,1550,49.4661
119092,1551,50.1091
119092,1552,50.4505
119092,1553,50.4202
119092,1554,51.2115
119092,1557,51.8983
119092,1558,51.8195
119092,1559,51.6589
119092,1560,51.5206
119092,1561,51.1159
119092,1564,51.9304
119092,1565,51.4981
119092,1566,51.9207
119092,1567,52.2648
119092,1568,52.1514
119092,1571,53.0179
119092,1572,52.3209
119092,1573,52.3111
119092,1574,52.1128
119092,1575,52.5833
119092,1578,52.7748
119092,1579,52.0037
119092,1580,52.6025
119092,1581,52.8554
119092,1582,52.4019
119092,1585,52.2675
119092,1586,51.6984
119092,1587,51.6472
119092,1588,51.7424
119092,1589,51.6165
119092,1592,51.4384
119092,1593,50.7381
119092,1594,50.9155
119092,1595,50.0845
119092,1596,50.1241
119092,1599,49.3605
119092,1600,49.4079
119092,1601,49.4308
119092,1602,49.6325
119092,1603,50.0372
119092,1606,50.5277
119092,1607,49.841
119092,1608,49.8411
119092,1609,50.7591
119092,1610,50.8387
119093,3,41.814
119093,4,41.8062
119093,5,41.6865
119093,6,41.2775
119093,7,41.6166
119093,10,41.8532
119093,11,41.3848
119093,12,41.3721
119093,13,41.1872
119093,14,40.6305
119093,17,40.1474
119093,18,39.7221
119093,19,39.7221
119093,20,39.5825
119093,21,39.2693
119093,24,39.154
119093,25,39.4333
119093,26,39.578
119093,27,39.9498
119093,28,39.89
119093,31,40.4787
119093,32,40.6241
119093,33,40.4702
119093,34,40.5243
119093,35,40.1013
119093,38,40.0138
119093,39,40.1866
119093,40,40.4248
119093,41,40.2996
119093,42,41.3044
119093,45,41.263
119093,46,40.6777
119093,47,41.1365
119093,48,41.3787
119093,49,41.4847
119093,52,41.3363
119093,53,41.5013
119093,54,42.1199
119093,55,42.2166
119093,56,41.6943
119093,59,40.4645
119093,60,40.6229
119093,61,40.292
119093,62,40.2774
119093,63,40.0116
119093,66,39.7225
119093,67,39.4757
119093,68,39.2617
119093,69,39.5517
119093,70,39.7729
119093,73,39.3717
119093,74,39.0214
119093,75,39.1723
119093,76,39.558
119093,77,39.9421
119093,80,39.6108
119093,81,39.9786
119093,82,39.3775
119093,83,39.3274
119093,84,39.517
119093,87,38.8192
119093,88,39.5627
119093,89,40.049
119093,90,40.2989
119093,91,39.978
119093,94,39.9747
119093,95,40.2751
119093,96,39.8988
119093,97,39.8559
119093,98,40.198
119093,101,39.6921
119093,102,39.8291
119093,103,39.2377
119093,104,38.9326
119093,105,38.7797
119093,108,38.9758
119093,109,38.7557
119093,110,38.8186
119093,111,38.604
119093,112,38.4436
119093,115,38.89
119093,116,38.5174
119093,117,38.7961
119093,118,38.8158
119093,119,38.6392
119093,122,38.2462
119093,123,37.8811
119093,124,37.6545
119093,125,37.6241
119093,126,37.8445
119093,129,37.7639
119093,130,37.7057
119093,131,37.6972
119093,132,37.8756
119093,133,38.1112
119093,136,37.6673
119093,137,37.5931
119093,138,38.0219
119093,139,37.6025
119093,140,37.6466
119093,143,37.6093
119093,144,37.4411
119093,145,37.9897
119093,146,38.0216
119093,147,38.5516
119093,150,38.5734
119093,151,38.7503
119093,152,38.5734
119093,153,38.4011
119093,154,38.5599
119093,157,38.7256
119093,158,38.9505
119093,159,39.1002
119093,160,38.662
119093,161,38.4079
119093,164,38.7168
119093,165,38.0735
119093,166,38.1916
119093,167,38.1736
119093,168,38.4805
119093,171,38.6421
119093,172,38.4363
119093,173,38.2163
119093,174,38.0601
119093,175,38.2751
119093,178,37.5252
119093,179,37.5967
119093,180,37.3243
119093,181,37.4064
119093,182,37.5396
119093,185,37.0124
119093,186,36.9574
119093,187,37.0273
119093,188,37.0751
119093,189,37.0543
119093,192,36.6764
119093,193,36.3511
119093,194,35.9305
119093,195,36.1252
119093,196,36.107
119093,199,36.1091
119093,200,35.5884
119093,201,35.5962
119093,202,35.8142
119093,203,35.2553
119093,206,35.1073
119093,207,34.6424
119093,208,34.532
119093,209,34.2764
119093,210,34.4095
119093,213,34.4786
119093,214,34.8916
119093,215,34.8929
119093,216,35.0153
119093,217,34.8615
119093,220,34.5418
119093,221,34.815
119093,222,35.217
119093,223,35.4551
119093,224,35.5145
119093,227,35.2289
119093,228,35.6037
119093,229,35.8046
119093,230,36.4686
119093,231,36.1178
119093,234,36.4124
119093,235,36.608
119093,236,36.5166
119093,237,36.9775
119093,238,37.1281
119093,241,36.8416
119093,242,36.8222
119093,243,36.5342
119093,244,36.4023
119093,245,36.6479
119093,248,36.9881
119093,249,37.0794
119093,250,36.854
119093,251,36.9973
119093,252,37.2533
119093,255,36.6299
119093,256,36.6864
119093,257,36.6438
119093,258,36.9724
119093,259,37.1175
119093,262,37.2957
119093,263,37.1566
119093,264,37.1764
119093,265,37.5064
119093,266,37.5043
119093,269,37.5815
119093,270,37.095
119093,271,37.0917
119093,272,36.4581
119093,273,36.3113
119093,276,36.3504
119093,277,36.616
119093,278,36.3135
119093,279,36.4522
119093,280,36.9464
119093,283,36.7571
119093,284,36.2777
119093,285,36.3894
119093,286,36.0274
119093,287,35.7866
119093,290,36.0978
119093,291,36.7192
119093,292,36.4154
119093,293,36.198
119093,294,36.0764
119093,297,35.9211
119093,298,36.5577
119093,299,36.4058
119093,300,36.3002
119093,301,36.8403
119093,304,37.0473
119093,305,37.3901
119093,306,37.1116
119093,307,36.9576
119093,308,36.6391
119093,311,36.918
119093,312,37.3383
119093,313,37.1605
119093,314,37.0604
119093,315,36.9749
119093,318,36.4926
119093,319,36.2951
119093,320,36.5624
119093,321,36.2999
119093,322,36.3484
119093,325,35.9501
119093,326,35.923
119093,327,35.7634
119093,328,35.3984
119093,329,35.6644
119093,332,35.9502
119093,333,35.6625
119093,334,35.613
119093,335,35.6453
119093,336,35.0974
119093,339,34.6855
119093,340,35.0993
119093,341,34.7891
119093,342,35.1954
119093,343,34.7982
119093,346,35.0191
119093,347,34.9411
119093,348,34.9065
119093,349,35.5009
119093,350,35.1285
119093,353,35.3314
119093,354,35.5227
119093,355,36.6082
119093,356,36.2808
119093,357,36.0996
119093,360,36.3791
119093,361,36.3336
119093,362,36.2042
119093,363,36.5301
119093,364,36.4631
119093,367,36.1961
119093,368,36.4475
119093,369,36.5872
119093,370,36.5052
119093,371,36.4082
119093,374,36.1342
119093,375,36.3848
119093,376,36.2881
119093,377,36.0612
119093,378,35.6731
119093,381,35.8151
119093,382,35.6732
119093,383,35.0637
119093,384,34.7115
119093,385,34.6579
119093,388,34.613
119093,389,34.5566
119093,390,34.4579
119093,391,34.0298
119093,392,33.7858
119093,395,34.158
119093,396,34.4894
119093,397,34.6835
119093,398,34.8515
119093,399,35.1489
119093,402,34.8211
119093,403,34.8492
119093,404,34.5244
119093,405,34.2078
119093,406,34.3368
119093,409,34.6425
119093,410,34.6012
119093,411,35.1262
119093,412,35.21
119093,413,34.9877
119093,416,34.6718
119093,417,35.0026
119093,418,35.0604
119093,419,35.2882
119093,420,34.4885
119093,423,34.5808
119093,424,34.4428
119093,425,34.0396
119093,426,34.0383
119093,427,34.3854
119093,430,35.0977
119093,431,35.1909
119093,432,34.9895
119093,433,34.7708
119093,434,35.0855
119093,437,34.7963
119093,438,35.0059
119093,439,35.1148
119093,440,35.1897
119093,441,34.7243
119093,444,34.633
119093,445,34.2081
119093,446,34.0487
119093,447,34.3429
119093,448,34.7357
119093,451,34.8193
119093,452,34.6625
119093,453,35.1695
119093,454,35.007
119093,455,34.676
119093,458,34.9077
119093,459,35.067
119093,460,34.9176
119093,461,34.9665
119093,462,35.1212
119093,465,35.2025
119093,466,35.3635
119093,467,35.2243
119093,468,35.4064
119093,469,35.4302
119093,472,35.3013
119093,473,35.243
119093,474,35.2307
119093,475,34.8024
119093,476,34.6254
119093,479,34.6631
119093,480,34.2703
119093,481,34.101
119093,482,34.8437
119093,483,34.5162
119093,486,34.4174
119093,487,34.1829
119093,488,34.1653
119093,489,33.9381
119093,490,33.8829
119093,493,33.6862
119093,494,34.0187
119093,495,34.0607
119093,496,33.7782
119093,497,34.0472
119093,500,33.7781
119093,501,33.3325
119093,502,33.3488
119093,503,33.932
119093,504,33.4067
119093,507,33.0339
119093,508,33.271
119093,509,33.1001
119093,510,33.2964
119093,511,33.0685
119093,514,33.127
119093,515,33.6579
119093,516,33.3224
119093,517,33.6419
119093,518,33.8617
119093,521,33.4371
119093,522,33.6197
119093,523,33.6586
119093,524,33.703
119093,525,33.8207
119093,528,33.7337
119093,529,33.772
119093,530,33.8614
119093,531,34.1026
119093,532,33.6637
119093,535,34.0667
119093,536,33.7388
119093,537,33.9837
119093,538,34.0251
119093,539,33.6601
119093,542,33.8347
119093,543,33.5711
119093,544,33.9065
119093,545,33.712
119093,546,33.2876
119093,549,33.7584
119093,550,33.8299
119093,551,34.1072
119093,552,33.8695
119093,553,33.3263
119093,556,33.8397
119093,557,33.8553
119093,558,34.0199
119093,559,34.2351
119093,560,34.1516
119093,563,34.2374
119093,564,34.74
119093,565,34.748
119093,566,35.056
119093,567,34.4635
119093,570,34.8248
119093,571,34.3782
119093,572,34.7035
119093,573,34.8412
119093,574,34.8297
119093,577,34.8171
119093,578,34.7575
119093,579,34.5246
119093,580,34.4798
119093,581,35.1759
119093,584,35.6006
119093,585,35.3464
119093,586,35.4483
119093,587,35.4966
119093,588,35.4704
119093,591,35.1762
119093,592,35.333
119093,593,35.616
119093,594,35.3733
119093,595,36.0072
119093,598,36.5126
119093,599,36.7085
119093,600,36.3306
119093,601,36.4783
119093,602,36.588
119093,605,36.7729
119093,606,37.3116
119093,607,37.2729
119093,608,37.9718
119093,609,38.1278
119093,612,38.0499
119093,613,38.8837
119093,614,39.1895
119093,615,39.0528
119093,616,39.102
119093,619,39.342
119093,620,39.3099
119093,621,39.3767
119093,622,39.1141
119093,623,38.557
119093,626,38.6131
119093,627,38.6808
119093,628,38.881
119093,629,38.7039
119093,630,38.2688
119093,633,37.9639
119093,634,38.3388
119093,635,38.1337
119093,636,38.005
119093,637,37.9199
119093,640,37.7329
119093,641,37.5222
119093,642,37.2543
119093,643,37.7368
119093,644,37.9834
119093,647,38.4235
119093,648,38.9379
119093,649,38.1589
119093,650,38.2944
119093,651,38.1166
119093,654,38.5138
119093,655,38.2825
119093,656,37.9478
119093,657,37.4903
119093,658,37.4096
119093,661,37.7321
119093,662,37.837
119093,663,37.4571
119093,664,38.1947
119093,665,38.434
119093,668,38.7184
119093,669,39.1798
119093,670,38.6371
119093,671,38.3476
119093,672,38.6468
119093,675,38.3913
119093,676,38.3181
119093,677,38.3116
119093,678,37.9019
119093,679,37.801
119093,682,38.1268
119093,683,38.3926
119093,684,38.7914
119093,685,39.1586
119093,686,39.3193
119093,689,39.4531
119093,690,39.5617
119093,691,39.3638
119093,692,39.028
119093,693,38.8114
119093,696,38.72
119093,697,38.5165
119093,698,38.6773
119093,699,38.7662
119093,700,38.8922
119093,703,39.033
119093,704,39.4671
119093,705,39.4845
119093,706,39.8578
119093,707,40.0604
119093,710,40.4824
119093,711,41.0842
119093,712,41.315
119093,713,41.3741
119093,714,41.431
119093,717,41.2809
119093,718,41.1191
119093,719,41.4689
119093,720,41.1392
119093,721,41.7508
119093,724,41.7165
119093,725,42.8049
119093,726,42.566
119093,727,42.682
119093,728,42.5718
119093,731,42.2968
119093,732,42.7176
119093,733,42.3249
119093,734,42.095
119093,735,42.3351
119093,738,42.6361
119093,739,42.1377
119093,740,42.3763
119093,741,42.4464
119093,742,42.1259
119093,745,41.8554
119093,746,41.1327
119093,747,41.7821
119093,748,42.1796
119093,749,41.7243
119093,752,42.041
119093,753,41.8503
119093,754,42.2111
119093,755,42.0485
119093,756,41.9356
119093,759,41.8507
119093,760,41.6303
119093,761,42.1689
119093,762,42.5263
119093,763,42.5896
119093,766,42.9983
119093,767,42.4076
119093,768,41.9723
119093,769,42.17
119093,770,42.4664
119093,773,42.5931
119093,774,41.9134
119093,775,41.5439
119093,776,41.7184
119093,777,42.6427
119093,780,43.1255
119093,781,43.7521
119093,782,43.9061
119093,783,44.0577
119093,784,43.6805
119093,787,44.0714
119093,788,44.0657
119093,789,44.3586
119093,790,44.3935
119093,791,44.5259
119093,794,44.5144
119093,795,44.6257
119093,796,45.0443
119093,797,44.5671
119093,798,44.0068
119093,801,44.1952
119093,802,44.7834
119093,803,45.4804
119093,804,45.0151
119093,805,44.8786
119093,808,44.3198
119093,809,44.1279
119093,810,44.59
119093,811,44.608
119093,812,44.4841
119093,815,44.7215
119093,816,44.4319
119093,817,45.0838
119093,818,45.11
119093,819,44.9736
119093,822,45.2303
119093,823,45.6301
119093,824,46.3007
119093,825,46.2389
119093,826,46.708
119093,829,46.7739
119093,830,46.5463
119093,831,46.2524
119093,832,45.8307
119093,833,45.5554
119093,836,46.0296
119093,837,46.3413
119093,838,45.8604
119093,839,45.1828
119093,840,44.7649
119093,843,44.4822
119093,844,44.3863
119093,845,44.8709
119093,846,44.6777
119093,847,45.3682
119093,850,44.724
119093,851,44.6097
119093,852,44.943
119093,853,45.3034
119093,854,45.1928
119093,857,45.6174
119093,858,45.969
119093,859,45.7169
119093,860,45.8677
119093,861,46.177
119093,864,45.9527
119093,865,46.6686
119093,866,46.3499
119093,867,46.4328
119093,868,45.9476
119093,871,46.0132
119093,872,45.6057
119093,873,45.511
119093,874,44.9018
119093,875,45.243
119093,878,45.4088
119093,879,45.87
119093,880,45.7531
119093,881,46.2368
119093,882,46.2767
119093,885,46.3468
119093,886,47.2434
119093,887,47.0661
119093,888,47.6029
119093,889,47.8294
119093,892,47.6133
119093,893,47.0884
119093,894,46.6854
119093,895,47.1775
119093,896,47.9294
119093,899,47.9929
119093,900,48.0786
119093,901,48.4339
119093,902,48.4903
119093,903,48.9881
119093,906,49.1396
119093,907,49.2238
119093,908,48.9464
119093,909,48.5651
119093,910,47.2551
119093,913,47.7969
119093,914,47.7597
119093,915,47.6159
119093,916,46.8275
119093,917,46.5879
119093,920,46.2958
119093,921,45.9962
119093,922,46.1552
119093,923,46.2288
119093,924,45.7007
119093,927,45.2039
119093,928,44.7118
119093,929,45.4549
119093,930,46.081
119093,931,45.7596
119093,934,44.992
119093,935,45.0661
119093,936,45.108
119093,937,45.2576
119093,938,45.578
119093,941,45.7835
119093,942,45.3583
119093,943,45.4996
119093,944,45.8672
119093,945,45.5987
119093,948,45.7431
119093,949,45.5441
119093,950,46.3769
119093,951,45.8611
119093,952,46.3549
119093,955,45.7004
119093,956,46.4528
119093,957,46.0112
119093,958,46.112
119093,959,45.4777
119093,962,44.9626
119093,963,45.3434
119093,964,45.7801
119093,965,45.9005
119093,966,46.2253
119093,969,46.6773
119093,970,46.4204
119093,971,45.8749
119093,972,45.893
119093,973,45.6836
119093,976,45.8641
119093,977,46.11
119093,978,45.8573
119093,979,46.1668
119093,980,46.4578
119093,983,46.7793
119093,984,46.6354
119093,985,46.9815
119093,986,47.2218
119093,987,47.5137
119093,990,48.2468
119093,991,48.4115
119093,992,48.1779
119093,993,47.733
119093,994,48.235
119093,997,48.4122
119093,998,49.1559
119093,999,48.3088
119093,1000,48.7235
119093,1001,48.6365
119093,1004,48.5101
119093,1005,48.2089
119093,1006,48.6179
119093,1007,48.9069
119093,1008,48.4416
119093,1011,48.5372
119093,1012,48.8656
119093,1013,48.9676
119093,1014,49.4739
119093,1015,49.373
119093,1018,48.426
119093,1019,48.5309
119093,1020,48.6333
119093,1021,48.7921
119093,1022,49.2962
119093,1025,48.4797
119093,1026,48.4028
119093,1027,48.0353
119093,1028,47.5508
119093,1029,47.545
119093,1032,47.8649
119093,1033,48.0168
119093,1034,47.7512
119093,1035,47.7146
119093,1036,48.1323
119093,1039,48.4482
119093,1040,48.2374
119093,1041,48.0002
119093,1042,47.3034
119093,1043,47.149
119093,1046,46.4566
119093,1047,47.3357
119093,1048,47.0043
119093,1049,47.4908
119093,1050,48.2833
119093,1053,48.4004
119093,1054,48.3827
119093,1055,47.8464
119093,1056,47.6585
119093,1057,48.3624
119093,1060,48.5375
119093,1061,48.5747
119093,1062,49.1654
119093,1063,49.4938
119093,1064,49.4548
119093,1067,49.5748
119093,1068,49.2655
119093,1069,49.0476
119093,1070,48.9837
119093,1071,49.2506
119093,1074,48.7369
119093,1075,48.7948
119093,1076,48.6524
119093,1077,48.2923
119093,1078,48.1537
119093,1081,47.2022
119093,1082,46.9121
119093,1083,46.4834
119093,1084,46.3927
119093,1085,45.4927
119093,1088,45.5928
119093,1089,45.9837
119093,1090,45.9599
119093,1091,46.1863
119093,1092,46.0017
119093,1095,45.3987
119093,1096,45.4228
119093,1097,45.7197
119093,1098,45.2121
119093,1099,45.0503
119093,1102,44.9754
119093,1103,46.1445
119093,1104,46.2594
119093,1105,45.5119
119093,1106,44.679
119093,1109,44.991
119093,1110,46.0116
119093,1111,45.9214
119093,1112,45.8072
119093,1113,46.0053
119093,1116,45.7061
119093,1117,44.7151
119093,1118,45.1493
119093,1119,44.929
119093,1120,45.3704
119093,1123,45.0902
119093,1124,45.1619
119093,1125,45.5272
119093,1126,45.9827
119093,1127,46.101
119093,1130,46.1994
119093,1131,46.4766
119093,1132,46.6913
119093,1133,46.1864
119093,1134,45.6947
119093,1137,44.8758
119093,1138,45.2035
119093,1139,45.0693
119093,1140,45.4199
119093,1141,45.6054
119093,1144,45.2273
119093,1145,45.2027
119093,1146,45.045
119093,1147,44.8268
119093,1148,45.2134
119093,1151,46.2495
119093,1152,46.7312
119093,1153,46.7442
119093,1154,47.2907
119093,1155,48.0353
119093,1158,47.4735
119093,1159,48.0139
119093,1160,48.3658
119093,1161,48.9005
119093,1162,49.2779
119093,1165,49.2044
119093,1166,50.1204
119093,1167,50.2967
119093,1168,50.1302
119093,1169,50.3804
119093,1172,50.8405
119093,1173,50.9093
119093,1174,51.1125
119093,1175,51.1787
119093,1176,50.9079
119093,1179,50.5664
119093,1180,49.9704
119093,1181,50.67
119093,1182,50.5964
119093,1183,49.1151
119093,1186,49.3126
119093,1187,49.5019
119093,1188,48.7188
119093,1189,48.3874
119093,1190,48.0397
119093,1193,47.7509
119093,1194,48.2892
119093,1195,48.2508
119093,1196,48.0941
119093,1197,48.5976
119093,1200,48.8355
119093,1201,48.1163
119093,1202,47.88
119093,1203,48.0409
119093,1204,47.6715
119093,1207,48.5575
119093,1208,48.6309
119093,1209,48.3338
119093,1210,47.8822
119093,1211,48.3004
119093,1214,48.05
119093,1215,48.2361
119093,1216,47.7734
119093,1217,47.8276
119093,1218,47.5847
119093,1221,47.477
119093,1222,47.1691
119093,1223,47.6222
119093,1224,47.4409
119093,1225,47.4054
119093,1228,47.3901
119093,1229,48.0935
119093,1230,48.4977
119093,1231,48.8622
119093,1232,48.2118
119093,1235,47.9583
119093,1236,48.4887
119093,1237,48.0153
119093,1238,48.0757
119093,1239,47.6507
119093,1242,47.2713
119093,1243,48.002
119093,1244,48.3324
119093,1245,48.7784
119093,1246,49.1421
119093,1249,49.1071
119093,1250,48.8337
119093,1251,48.6859
119093,1252,48.6287
119093,1253,49.422
119093,1256,48.8681
119093,1257,48.6552
119093,1258,48.2899
119093,1259,48.7672
119093,1260,49.5966
119093,1263,49.7575
119093,1264,49.9551
119093,1265,50.0212
119093,1266,50.2405
119093,1267,50.6103
119093,1270,50.8269
119093,1271,51.0773
119093,1272,51.4543
119093,1273,50.6798
119093,1274,50.7069
119093,1277,50.8698
119093,1278,51.0831
119093,1279,51.0325
119093,1280,51.1313
119093,1281,50.8339
119093,1284,50.0703
119093,1285,50.5323
119093,1286,50.0551
119093,1287,50.0101
119093,1288,49.7065
119093,1291,50.4331
119093,1292,50.4237
119093,1293,50.3117
119093,1294,50.6708
119093,1295,51.6703
119093,1298,51.8823
119093,1299,51.7366
119093,1300,52.0823
119093,1301,51.3914
119093,1302,51.439
119093,1305,52.3785
119093,1306,52.4785
119093,1307,52.5555
119093,1308,52.5922
119093,1309,52.4361
119093,1312,52.6089
119093,1313,52.9972
119093,1314,52.8696
119093,1315,51.7476
119093,1316,51.9873
119093,1319,53.0019
119093,1320,52.8536
119093,1321,52.1992
119093,1322,52.5391
119093,1323,53.3809
119093,1326,53.6583
119093,1327,54.5089
119093,1328,54.9201
119093,1329,55.292
119093,1330,55.0684
119093,1333,55.2357
119093,1334,55.2498
119093,1335,55.2472
119093,1336,55.1521
119093,1337,55.2905
119093,1340,54.6902
119093,1341,55.1115
119093,1342,54.7148
119093,1343,54.6223
119093,1344,54.81
119093,1347,54.3917
119093,1348,53.4841
119093,1349,53.3313
119093,1350,52.6896
119093,1351,53.049
119093,1354,52.5391
119093,1355,53.2593
119093,1356,53.284
119093,1357,53.3394
119093,1358,52.4428
119093,1361,52.5369
119093,1362,52.5269
119093,1363,51.9553
119093,1364,52.0221
119093,1365,51.8666
119093,1368,51.7943
119093,1369,51.8328
119093,1370,51.6444
119093,1371,51.7835
119093,1372,51.7707
119093,1375,52.0138
119093,1376,51.7986
119093,1377,51.3409
119093,1378,51.0472
119093,1379,51.7275
119093,1382,52.1924
119093,1383,52.7811
119093,1384,53.4091
119093,1385,53.2174
119093,1386,53.3839
119093,1389,53.4472
119093,1390,53.7868
119093,1391,53.6774
119093,1392,53.7492
119093,1393,53.8112
119093,1396,54.0923
119093,1397,54.4341
119093,1398,54.5072
119093,1399,54.595
119093,1400,54.7321
119093,1403,55.5613
119093,1404,54.7483
119093,1405,54.3101
119093,1406,54.6619
119093,1407,54.8204
119093,1410,54.9759
119093,1411,55.3291
119093,1412,55.4622
119093,1413,55.2178
119093,1414,55.5535
119093,1417,55.5924
119093,1418,55.402
119093,1419,55.7691
119093,1420,56.1191
119093,1421,56.2545
119093,1424,57.1424
119093,1425,57.8448
119093,1426,58.3883
119093,1427,59.7557
119093,1428,59.7093
119093,1431,59.4957
119093,1432,59.9798
119093,1433,59.8772
119093,1434,59.9144
119093,1435,59.4264
119093,1438,59.776
119093,1439,59.036
119093,1440,59.0162
119093,1441,59.0387
119093,1442,58.8424
119093,1445,57.9675
119093,1446,57.1018
119093,1447,56.7565
119093,1448,57.0564
119093,1449,57.2315
119093,1452,57.2527
119093,1453,56.8371
119093,1454,57.0378
119093,1455,56.1689
119093,1456,55.0226
119093,1459,54.9331
119093,1460,54.6974
119093,1461,55.2168
119093,1462,55.3224
119093,1463,56.1626
119093,1466,55.9206
119093,1467,56.1901
119093,1468,56.0942
119093,1469,56.8112
119093,1470,56.7383
119093,1473,57.197
119093,1474,56.6852
119093,1475,56.5071
119093,1476,56.4944
119093,1477,57.1569
119093,1480,56.0889
119093,1481,55.9535
119093,1482,55.8017
119093,1483,54.8171
119093,1484,54.6214
119093,1487,53.9121
119093,1488,52.8425
119093,1489,52.7476
119093,1490,52.6372
119093,1491,52.5507
119093,1494,52.6952
119093,1495,52.3151
119093,1496,53.1753
119093,1497,53.1871
119093,1498,53.8218
119093,1501,53.0576
119093,1502,52.6957
119093,1503,53.043
119093,1504,52.9644
119093,1505,52.4926
119093,1508,51.6749
119093,1509,52.037
119093,1510,52.3639
119093,1511,52.5035
119093,1512,52.3013
119093,1515,51.8171
119093,1516,51.8196
119093,1517,51.2484
119093,1518,50.9361
119093,1519,51.5325
119093,1522,50.7243
119093,1523,51.0546
119093,1524,51.7585
119093,1525,52.1594
119093,1526,52.3699
119093,1529,52.1831
119093,1530,51.9135
119093,1531,50.9206
119093,1532,50.9635
119093,1533,50.8093
119093,1536,50.5235
119093,1537,50.5406
119093,1538,50.5945
119093,1539,50.3377
119093,1540,51.0853
119093,1543,51.442
119093,1544,51.877
119093,1545,51.8565
119093,1546,52.1177
119093,1547,51.7343
119093,1550,52.0661
119093,1551,51.9991
119093,1552,51.5591
119093,1553,51.5754
119093,1554,51.4692
119093,1557,52.5617
119093,1558,52.7912
119093,1559,53.5594
119093,1560,54.1244
119093,1561,54.1703
119093,1564,53.9866
119093,1565,53.1918
119093,1566,52.812
119093,1567,53.149
119093,1568,53.035
119093,1571,53.2385
119093,1572,52.3207
119093,1573,52.5575
119093,1574,53.0956
119093,1575,52.2975
119093,1578,52.4962
119093,1579,53.1494
119093,1580,53.9706
119093,1581,53.7592
119093,1582,54.1582
119093,1585,54.8737
119093,1586,55.0967
119093,1587,55.7534
119093,1588,55.7646
119093,1589,55.9877
119093,1592,55.7104
119093,1593,55.6582
119093,1594,55.9004
119093,1595,55.5867
119093,1596,55.5058
119093,1599,55.9083
119093,1600,56.959
119093,1601,55.9676
119093,1602,56.9811
119093,1603,56.88
119093,1606,57.3957
119093,1607,58.0164
119093,1608,58.8528
119093,1609,58.5063
119093,1610,58.4203
119094,3,68.3023
119094,4,68.0566
119094,5,69.186
119094,6,69.169
119094,7,67.8877
119094,10,67.4208
119094,11,66.2037
119094,12,66.0676
119094,13,66.6465
119094,14,66.1711
119094,17,65.8971
119094,18,65.7251
119094,19,65.8803
119094,20,66.3332
119094,21,67.0225
119094,24,68.9029
119094,25,69.0514
119094,26,69.7092
119094,27,68.4433
119094,28,68.1794
119094,31,68.0049
119094,32,67.2272
119094,33,66.8424
119094,34,66.8015
119094,35,66.444
119094,38,68.592
119094,39,69.0604
119094,40,70.7821
119094,41,72.1067
119094,42,71.6054
119094,45,71.6859
119094,46,71.3619
119094,47,71.2719
119094,48,70.4913
119094,49,70.1671
119094,52,70.5173
119094,53,70.8467
119094,54,71.1099
119094,55,71.1071
119094,56,71.8919
119094,59,71.7194
119094,60,72.9732
119094,61,71.4253
119094,62,72.0376
119094,63,72.5088
119094,66,71.9743
119094,67,71.7173
119094,68,72.1661
119094,69,73.0108
119094,70,71.5461
119094,73,72.1348
119094,74,71.7892
119094,75,72.8117
119094,76,71.2744
119094,77,73.4408
119094,80,72.715
119094,81,74.0202
119094,82,74.0088
119094,83,73.3366
119094,84,73.6193
119094,87,74.582
119094,88,73.2582
119094,89,73.9258
119094,90,73.9649
119094,91,74.5278
119094,94,74.5879
119094,95,74.1291
119094,96,73.1974
119094,97,73.8389
119094,98,74.4812
119094,101,75.1246
119094,102,75.561
119094,103,76.4718
119094,104,77.8221
119094,105,76.1451
119094,108,74.0905
119094,109,75.6807
119094,110,74.526
119094,111,73.613
119094,112,73.4095
119094,115,72.0191
119094,116,71.7393
119094,117,70.9777
119094,118,70.8275
119094,119,71.1131
119094,122,70.8691
119094,123,70.5832
119094,124,70.8493
119094,125,71.7888
119094,126,73.2288
119094,129,73.0868
119094,130,74.7512
119094,131,75.5906
119094,132,74.5344
119094,133,73.4673
119094,136,73.0107
119094,137,74.3342
119094,138,73.9393
119094,139,72.3322
119094,140,72.183
119094,143,70.5396
119094,144,69.7015
119094,145,69.2602
119094,146,69.4312
119094,147,70.335
119094,150,70.9696
119094,151,70.0221
119094,152,69.7583
119094,153,69.8692
119094,154,69.6973
119094,157,69.5199
119094,158,68.1471
119094,159,67.2587
119094,160,66.9803
119094,161,64.5894
119094,164,65.1305
119094,165,64.1124
119094,166,64.6852
119094,167,65.1946
119094,168,64.8154
119094,171,65.6405
119094,172,66.2717
119094,173,66.0716
119094,174,65.7833
119094,175,66.6979
119094,178,66.9285
119094,179,67.8164
119094,180,65.9492
119094,181,66.0715
119094,182,64.8796
119094,185,64.9033
119094,186,65.5044
119094,187,66.9273
119094,188,66.2247
119094,189,65.8537
119094,192,65.8228
119094,193,65.1034
119094,194,65.9149
119094,195,65.904
119094,196,66.0449
119094,199,66.5818
119094,200,66.5696
119094,201,65.9659
119094,202,65.9606
119094,203,65.3322
119094,206,65.4608
119094,207,66.2913
119094,208,65.4097
119094,209,64.2643
119094,210,64.3456
119094,213,63.8
119094,214,63.8673
119094,215,64.156
119094,216,62.573
119094,217,63.1344
119094,220,62.2987
119094,221,62.3241
119094,222,61.8759
119094,223,61.5099
119094,224,62.8121
119094,227,63.0951
119094,228,63.8251
119094,229,63.9836
119094,230,64.5037
119094,231,64.8705
119094,234,65.1123
119094,235,66.0254
119094,236,66.1938
119094,237,68.0752
119094,238,68.9088
119094,241,68.0212
119094,242,67.9234
119094,243,68.293
119094,244,68.3755
119094,245,68.9865
119094,248,69.6947
119094,249,68.616
119094,250,69.7233
119094,251,69.3567
119094,252,68.9102
119094,255,68.464
119094,256,69.1765
119094,257,69.0022
119094,258,68.5026
119094,259,68.2019
119094,262,66.7975
119094,263,66.1722
119094,264,65.2417
119094,265,65.0757
119094,266,65.6394
119094,269,66.1206
119094,270,67.168
119094,271,68.0503
119094,272,67.6667
119094,273,67.7278
119094,276,67.7471
119094,277,66.0698
119094,278,65.1581
119094,279,65.0717
119094,280,64.981
119094,283,65.4248
119094,284,65.8332
119094,285,64.4962
119094,286,64.9416
119094,287,65.1244
119094,290,65.6564
119094,291,66.5451
119094,292,66.4762
119094,293,67.5202
119094,294,66.8503
119094,297,66.1425
119094,298,66.5277
119094,299,66.2794
119094,300,66.5321
119094,301,68.1842
119094,304,68.5523
119094,305,68.773
119094,306,68.1072
119094,307,66.7804
119094,308,66.7675
119094,311,67.6712
119094,312,67.4556
119094,313,67.8263
119094,314,69.0408
119094,315,70.2561
119094,318,70.6652
119094,319,70.857
119094,320,69.6277
119094,321,69.1511
119094,322,68.9657
119094,325,68.3118
119094,326,68.5614
119094,327,70.1956
119094,328,71.5306
119094,329,71.7881
119094,332,72.5099
119094,333,71.9288
119094,334,73.2498
119094,335,71.9416
119094,336,72.781
119094,339,73.2634
119094,340,72.6526
119094,341,72.5201
119094,342,71.5906
119094,343,70.709
119094,346,69.422
119094,347,70.1099
119094,348,71.1767
119094,349,69.4055
119094,350,70.9974
119094,353,71.0351
119094,354,71.3301
119094,355,70.1313
119094,356,71.2969
119094,357,71.5162
119094,360,72.5466
119094,361,73.6641
119094,362,74.901
119094,363,74.3722
119094,364,74.2374
119094,367,73.7456
119094,368,74.5902
119094,369,74.9386
119094,370,75.9549
119094,371,77.0252
119094,374,75.5001
119094,375,76.7824
119094,376,77.7136
119094,377,77.4232
119094,378,77.8005
119094,381,77.7378
119094,382,78.366
119094,383,78.071
119094,384,78.5728
119094,385,78.6892
119094,388,78.3361
119094,389,78.5675
119094,390,81.209
119094,391,80.5998
119094,392,80.4132
119094,395,79.8266
119094,396,79.3438
119094,397,80.1764
119094,398,80.9209
119094,399,80.9698
119094,402,82.0259
119094,403,82.8644
119094,404,82.7594
119094,405,81.3087
119094,406,82.1757
119094,409,82.3983
119094,410,82.4758
119094,411,82.0724
119094,412,82.863
119094,413,83.2655
119094,416,83.0859
119094,417,81.9314
119094,418,83.0414
119094,419,83.7012
119094,420,84.0141
119094,423,81.4395
119094,424,81.4575
119094,425,81.2775
119094,426,80.7325
119094,427,81.5196
119094,430,82.2756
119094,431,82.7627
119094,432,83.8537
119094,433,82.8899
119094,434,82.4967
119094,437,82.6263
119094,438,82.0688
119094,439,82.842
119094,440,82.3814
119094,441,83.7281
119094,444,82.856
119094,445,85.0548
119094,446,87.2048
119094,447,87.1647
119094,448,88.4284
119094,451,88.065
119094,452,89.1997
119094,453,89.072
119094,454,87.7713
119094,455,84.1942
119094,458,83.9804
119094,459,84.3183
119094,460,85.7294
119094,461,85.8249
119094,462,86.9199
119094,465,86.5073
119094,466,86.2169
119094,467,87.3704
119094,468,84.8879
119094,469,84.9584
119094,472,84.6097
119094,473,86.0569
119094,474,85.5722
119094,475,86.1611
119094,476,87.1754
119094,479,85.6897
119094,480,85.6046
119094,481,85.2209
119094,482,86.2498
119094,483,87.0082
119094,486,86.8242
119094,487,85.8004
119094,488,86.9318
119094,489,86.9201
119094,490,85.3102
119094,493,83.8163
119094,494,84.3133
119094,495,83.0917
119094,496,85.0192
119094,497,84.1277
119094,500,84.1841
119094,501,84.4015
119094,502,83.7244
119094,503,81.5647
119094,504,81.8064
119094,507,81.1269
119094,508,81.295
119094,509,81.2308
119094,510,81.5422
119094,511,83.1369
119094,514,82.651
119094,515,82.2439
119094,516,80.6748
119094,517,80.5409
119094,518,80.9916
119094,521,80.5786
119094,522,81.0359
119094,523,80.9185
119094,524,79.7207
119094,525,80.073
119094,528,79.9299
119094,529,80.1014
119094,530,79.6134
119094,531,79.0446
119094,532,79.2471
119094,535,79.082
119094,536,80.7855
119094,537,81.6166
119094,538,82.2062
119094,539,82.0871
119094,542,80.1745
119094,543,79.4569
119094,544,78.8969
119094,545,78.6907
119094,546,78.7124
119094,549,79.3864
119094,550,79.7001
119094,551,80.8682
119094,552,80.6212
119094,553,80.9243
119094,556,81.3129
119094,557,81.6074
119094,558,82.9251
119094,559,83.7832
119094,560,82.5261
119094,563,82.4689
119094,564,82.5108
119094,565,84.7203
119094,566,84.4435
119094,567,83.5126
119094,570,84.0085
119094,571,84.5668
119094,572,84.5491
119094,573,84.3835
119094,574,85.4049
119094,577,84.5938
119094,578,84.3062
119094,579,83.8375
119094,580,84.9997
119094,581,85.3482
119094,584,84.324
119094,585,83.4124
119094,586,85.3615
119094,587,86.5337
119094,588,87.4687
119094,591,87.5406
119094,592,89.1956
119094,593,88.0848
119094,594,88.9422
119094,595,88.5313
119094,598,88.3275
119094,599,89.1582
119094,600,89.0652
119094,601,88.6628
119094,602,88.1984
119094,605,86.1844
119094,606,87.034
119094,607,86.0497
119094,608,88.0445
119094,609,87.8012
119094,612,89.2483
119094,613,87.3956
119094,614,88.2236
119094,615,89.3339
119094,616,90.7998
119094,619,89.2145
119094,620,88.5269
119094,621,89.2001
119094,622,89.419
119094,623,89.7941
119094,626,89.468
119094,627,91.2057
119094,628,94.1616
119094,629,94.3424
119094,630,94.9198
119094,633,95.0479
119094,634,96.585
119094,635,97.6141
119094,636,96.4412
119094,637,95.8011
119094,640,94.7147
119094,641,97.8854
119094,642,98.6991
119094,643,98.0641
119094,644,97.34
119094,647,98.349
119094,648,99.4871
119094,649,100.5098
119094,650,100.0666
119094,651,100.5014
119094,654,100.7028
119094,655,99.6478
119094,656,98.6154
119094,657,99.1697
119094,658,99.4703
119094,661,100.1988
119094,662,101.2202
119094,663,103.1227
119094,664,102.2384
119094,665,103.082
119094,668,104.0807
119094,669,103.7626
119094,670,103.9842
119094,671,103.6981
119094,672,106.4202
119094,675,106.6257
119094,676,107.2758
119094,677,107.0096
119094,678,106.4689
119094,679,104.8933
119094,682,106.355
119094,683,107.4101
119094,684,107.0959
119094,685,106.0195
119094,686,106.3198
119094,689,105.7596
119094,690,105.5501
119094,691,104.036
119094,692,104.3771
119094,693,104.7442
119094,696,106.1973
119094,697,106.0774
119094,698,105.726
119094,699,103.8443
119094,700,105.2928
119094,703,106.4958
119094,704,106.6043
119094,705,104.9925
119094,706,103.5472
119094,707,102.9408
119094,710,104.2072
119094,711,104.6405
119094,712,102.8561
119094,713,103.4247
119094,714,102.4602
119094,717,101.8905
119094,718,103.1521
119094,719,104.1718
119094,720,105.6148
119094,721,105.6569
119094,724,106.8515
119094,725,106.1761
119094,726,105.9207
119094,727,105.5791
119094,728,105.6805
119094,731,104.136
119094,732,103.926
119094,733,105.8188
119094,734,104.5146
119094,735,102.9343
119094,738,101.4757
119094,739,104.8315
119094,740,105.4875
119094,741,105.2178
119094,742,105.3749
119094,745,105.7337
119094,746,104.9971
119094,747,104.4195
119094,748,104.293
119094,749,103.462
119094,752,103.0411
119094,753,103.5473
119094,754,102.3879
119094,755,105.7081
119094,756,106.7373
119094,759,105.1979
119094,760,102.1927
119094,761,101.4236
119094,762,102.3268
119094,763,102.9988
119094,766,102.9316
119094,767,102.2623
119094,768,101.2299
119094,769,100.8113
119094,770,99.6643
119094,773,99.2566
119094,774,100.9184
119094,775,100.0586
119094,776,100.8609
119094,777,101.8554
119094,780,100.6156
119094,781,99.6723
119094,782,101.0238
119094,783,99.9781
119094,784,99.9767
119094,787,102.517
119094,788,103.7963
119094,789,103.9724
119094,790,105.0947
119094,791,105.0953
119094,794,106.4557
119094,795,103.9502
119094,796,103.8472
119094,797,101.3544
119094,798,101.6189
119094,801,101.4004
119094,802,103.1349
119094,803,104.0876
119094,804,103.504
119094,805,103.0715
119094,808,103.6121
119094,809,102.9739
119094,810,103.0035
119094,811,104.7103
119094,812,103.7463
119094,815,103.2615
119094,816,102.9516
119094,817,106.9897
119094,818,107.8442
119094,819,109.3891
119094,822,110.4739
119094,823,111.6594
119094,824,112.3699
119094,825,112.9384
119094,826,111.0691
119094,829,111.6212
119094,830,111.5518
119094,831,112.3582
119094,832,112.3387
119094,833,113.446
119094,836,114.8069
119094,837,110.949
119094,838,110.4488
119094,839,108.0934
119094,840,108.4762
119094,843,108.1594
119094,844,110.0031
119094,845,110.3507
119094,846,109.7853
119094,847,111.1005
119094,850,110.7529
119094,851,110.169
119094,852,110.7639
119094,853,112.9993
119094,854,114.2366
119094,857,115.092
119094,858,119.0249
119094,859,118.0657
119094,860,117.0829
119094,861,117.3662
119094,864,119.5945
119094,865,118.3339
119094,866,120.9268
119094,867,118.9419
119094,868,118.8497
119094,871,119.177
119094,872,118.0042
119094,873,117.2091
119094,874,118.4119
119094,875,120.554
119094,878,117.6204
119094,879,117.954
119094,880,117.8736
119094,881,118.1049
119094,882,117.7373
119094,885,116.011
119094,886,118.2521
119094,887,119.9853
119094,888,119.917
119094,889,119.2986
119094,892,118.5115
119094,893,114.9776
119094,894,115.5434
119094,895,116.7063
119094,896,116.978
119094,899,116.936
119094,900,117.2019
119094,901,116.0894
119094,902,115.4752
119094,903,115.3234
119094,906,116.3675
119094,907,118.3837
119094,908,118.1391
119094,909,116.7497
119094,910,116.8784
119094,913,119.8072
119094,914,118.5215
119094,915,119.8657
119094,916,121.8799
119094,917,121.4378
119094,920,120.5048
119094,921,121.4188
119094,922,122.0155
119094,923,123.1174
119094,924,126.2966
119094,927,126.6347
119094,928,124.9248
119094,929,125.1088
119094,930,125.5557
119094,931,127.5605
119094,934,127.3463
119094,935,126.8099
119094,936,124.8299
119094,937,125.7352
119094,938,130.9646
119094,941,130.7043
119094,942,131.502
119094,943,130.7307
119094,944,128.828
119094,945,129.5867
119094,948,129.7179
119094,949,126.1516
119094,950,128.693
119094,951,129.4226
119094,952,129.6245
119094,955,129.0585
119094,956,129.7736
119094,957,130.5647
119094,958,131.2818
119094,959,133.0605
119094,962,135.2306
119094,963,138.6095
119094,964,137.3207
119094,965,136.4735
119094,966,137.1573
119094,969,135.9759
119094,970,135.0649
119094,971,135.927
119094,972,137.4932
119094,973,139.7033
119094,976,139.4757
119094,977,140.3456
119094,978,140.849
119094,979,140.9738
119094,980,139.6979
119094,983,138.2229
119094,984,139.4242
119094,985,138.1345
119094,986,135.319
119094,987,135.3589
119094,990,137.8301
119094,991,133.3857
119094,992,133.0159
119094,993,134.1857
119094,994,131.3774
119094,997,131.1308
119094,998,129.4419
119094,999,127.9772
119094,1000,127.4482
119094,1001,125.8313
119094,1004,124.1112
119094,1005,124.107
119094,1006,127.5457
119094,1007,128.7946
119094,1008,130.4498
119094,1011,131.7894
119094,1012,130.782
119094,1013,131.358
119094,1014,133.185
119094,1015,134.6028
119094,1018,135.0076
119094,1019,135.9423
119094,1020,140.1037
119094,1021,141.6139
119094,1022,141.1759
119094,1025,141.1461
119094,1026,139.4705
119094,1027,143.5407
119094,1028,146.4216
119094,1029,146.6664
119094,1032,150.6467
119094,1033,151.8937
119094,1034,151.2144
119094,1035,152.9671
119094,1036,153.8024
119094,1039,155.4573
119094,1040,153.0339
119094,1041,151.6591
119094,1042,154.4894
119094,1043,157.7584
119094,1046,160.5615
119094,1047,164.9935
119094,1048,166.2498
119094,1049,167.3747
119094,1050,165.667
119094,1053,164.6309
119094,1054,160.8679
119094,1055,160.3582
119094,1056,156.5611
119094,1057,158.7069
119094,1060,159.554
119094,1061,155.8363
119094,1062,155.5875
119094,1063,159.4026
119094,1064,159.2705
119094,1067,157.4848
119094,1068,154.259
119094,1069,151.1533
119094,1070,152.228
119094,1071,151.5418
119094,1074,151.0083
119094,1075,150.3349
119094,1076,150.1841
119094,1077,148.0942
119094,1078,148.7559
119094,1081,146.343
119094,1082,145.1229
119094,1083,146.9885
119094,1084,147.7515
119094,1085,149.0696
119094,1088,153.0593
119094,1089,153.0533
119094,1090,153.1959
119094,1091,152.8151
119094,1092,152.1088
119094,1095,150.3814
119094,1096,150.6344
119094,1097,151.378
119094,1098,152.2267
119094,1099,152.4468
119094,1102,154.2501
119094,1103,154.4086
119094,1104,153.7577
119094,1105,152.1638
119094,1106,149.4696
119094,1109,152.2079
119094,1110,151.0415
119094,1111,149.4781
119094,1112,148.8334
119094,1113,148.4384
119094,1116,151.4803
119094,1117,150.9884
119094,1118,155.9283
119094,1119,156.1525
119094,1120,160.1527
119094,1123,161.9847
119094,1124,162.796
119094,1125,166.0115
119094,1126,168.37
119094,1127,169.7683
119094,1130,174.6612
119094,1131,173.7396
119094,1132,171.7989
119094,1133,170.529
119094,1134,174.2607
119094,1137,177.4327
119094,1138,176.4397
119094,1139,171.6523
119094,1140,171.3455
119094,1141,169.3943
119094,1144,168.5094
119094,1145,166.5085
119094,1146,163.4417
119094,1147,167.2803
119094,1148,166.029
119094,1151,168.9741
119094,1152,168.6407
119094,1153,166.4859
119094,1154,167.6164
119094,1155,166.9463
119094,1158,166.6454
119094,1159,167.0473
119094,1160,165.5429
119094,1161,162.4714
119094,1162,162.4813
119094,1165,164.4776
119094,1166,162.822
119094,1167,163.2324
119094,1168,166.3126
119094,1169,166.2461
119094,1172,166.5298
119094,1173,166.7523
119094,1174,165.5077
119094,1175,163.6619
119094,1176,161.8447
119094,1179,162.6691
119094,1180,164.2622
119094,1181,165.9646
119094,1182,165.3258
119094,1183,167.6165
119094,1186,168.3478
119094,1187,168.6041
119094,1188,162.1075
119094,1189,160.6376
119094,1190,157.8459
119094,1193,159.1424
119094,1194,159.431
119094,1195,157.5047
119094,1196,158.1862
119094,1197,155.6189
119094,1200,153.7906
119094,1201,152.5917
119094,1202,153.6851
119094,1203,156.3864
119094,1204,155.3981
119094,1207,157.9839
119094,1208,158.1803
119094,1209,158.735
119094,1210,158.7209
119094,1211,158.4534
119094,1214,159.3962
119094,1215,160.9234
119094,1216,159.336
119094,1217,159.0826
119094,1218,162.4025
119094,1221,162.8571
119094,1222,163.5272
119094,1223,165.9397
119094,1224,165.0585
119094,1225,165.1028
119094,1228,166.8374
119094,1229,169.444
119094,1230,164.8257
119094,1231,163.4891
119094,1232,161.6562
119094,1235,161.5257
119094,1236,159.8595
119094,1237,161.244
119094,1238,161.6861
119094,1239,163.5263
119094,1242,165.5139
119094,1243,166.9772
119094,1244,166.4197
119094,1245,166.74
119094,1246,165.9347
119094,1249,163.3564
119094,1250,165.3434
119094,1251,165.2886
119094,1252,162.4521
119094,1253,163.6098
119094,1256,163.282
119094,1257,159.4132
119094,1258,156.9194
119094,1259,155.7141
119094,1260,156.2123
119094,1263,157.799
119094,1264,159.3365
119094,1265,160.5987
119094,1266,160.641
119094,1267,164.0973
119094,1270,165.5894
119094,1271,166.1422
119094,1272,167.3856
119094,1273,166.7005
119094,1274,166.6987
119094,1277,162.7058
119094,1278,162.0637
119094,1279,165.6253
119094,1280,166.0317
119094,1281,166.3561
119094,1284,168.47
119094,1285,169.3072
119094,1286,167.8341
119094,1287,167.995
119094,1288,165.8396
119094,1291,166.3166
119094,1292,164.7685
119094,1293,166.7218
119094,1294,165.8185
119094,1295,164.3006
119094,1298,164.1896
119094,1299,165.0205
119094,1300,162.7628
119094,1301,161.8597
119094,1302,162.1729
119094,1305,164.9028
119094,1306,160.0946
119094,1307,161.3866
119094,1308,160.7558
119094,1309,159.9148
119094,1312,158.7234
119094,1313,158.1403
119094,1314,159.4272
119094,1315,158.5131
119094,1316,161.8004
119094,1319,163.1231
119094,1320,163.6204
119094,1321,163.4057
119094,1322,165.8613
119094,1323,168.6486
119094,1326,166.4328
119094,1327,165.1518
119094,1328,166.5234
119094,1329,168.5144
119094,1330,168.023
119094,1333,166.6489
119094,1334,166.9184
119094,1335,170.0094
119094,1336,170.2077
119094,1337,167.7653
119094,1340,168.0989
119094,1341,169.7957
119094,1342,169.7042
119094,1343,172.3953
119094,1344,174.3088
119094,1347,174.2975
119094,1348,174.5052
119094,1349,170.8157
119094,1350,173.425
119094,1351,172.8589
119094,1354,172.1495
119094,1355,171.1357
119094,1356,172.1898
119094,1357,169.994
119094,1358,168.1167
119094,1361,168.1244
119094,1362,166.981
119094,1363,167.7655
119094,1364,166.6976
119094,1365,170.0252
119094,1368,171.558
119094,1369,173.0785
119094,1370,171.9458
119094,1371,177.088
119094,1372,176.2788
119094,1375,174.8972
119094,1376,176.5019
119094,1377,177.0342
119094,1378,175.4269
119094,1379,180.2201
119094,1382,182.4599
119094,1383,182.5918
119094,1384,188.0421
119094,1385,190.0039
119094,1386,190.1051
119094,1389,195.4995
119094,1390,197.1805
119094,1391,198.7719
119094,1392,197.9884
119094,1393,198.2392
119094,1396,197.4003
119094,1397,200.9669
119094,1398,197.2658
119094,1399,200.6525
119094,1400,198.6905
119094,1403,198.6868
119094,1404,198.1196
119094,1405,197.0229
119094,1406,198.7903
119094,1407,198.9121
119094,1410,197.4619
119094,1411,197.9597
119094,1412,196.4498
119094,1413,195.3211
119094,1414,191.9815
119094,1417,191.0784
119094,1418,192.3417
119094,1419,192.557
119094,1420,196.9188
119094,1421,203.3113
119094,1424,202.3213
119094,1425,200.4485
119094,1426,203.3147
119094,1427,204.2698
119094,1428,207.2055
119094,1431,208.3375
119094,1432,207.9937
119094,1433,207.6645
119094,1434,208.8839
119094,1435,208.4973
119094,1438,211.7057
119094,1439,208.5719
119094,1440,211.7678
119094,1441,207.212
119094,1442,207.7123
119094,1445,207.0305
119094,1446,203.4442
119094,1447,198.6234
119094,1448,196.1636
119094,1449,196.4033
119094,1452,195.1244
119094,1453,192.8385
119094,1454,196.1173
119094,1455,193.3766
119094,1456,195.0864
119094,1459,193.1519
119094,1460,190.7022
119094,1461,189.4566
119094,1462,190.9964
119094,1463,188.0136
119094,1466,188.7889
119094,1467,186.7563
119094,1468,185.1441
119094,1469,186.1596
119094,1470,191.1948
119094,1473,189.249
119094,1474,191.0155
119094,1475,190.4303
119094,1476,189.4791
119094,1477,192.054
119094,1480,190.2531
119094,1481,187.7697
119094,1482,188.9342
119094,1483,192.7051
119094,1484,194.5739
119094,1487,191.4538
119094,1488,190.1772
119094,1489,192.5499
119094,1490,196.3609
119094,1491,197.032
119094,1494,195.8029
119094,1495,199.8335
119094,1496,199.7899
119094,1497,198.4803
119094,1498,196.7806
119094,1501,194.117
119094,1502,200.9488
119094,1503,204.5336
119094,1504,203.0702
119094,1505,207.4633
119094,1508,208.9327
119094,1509,210.2634
119094,1510,208.6051
119094,1511,207.4653
119094,1512,207.4999
119094,1515,202.8121
119094,1516,201.7699
119094,1517,201.9169
119094,1518,205.245
119094,1519,203.8735
119094,1522,206.0038
119094,1523,201.1212
119094,1524,204.0878
119094,1525,202.0365
119094,1526,202.4884
119094,1529,203.6129
119094,1530,204.2635
119094,1531,204.1403
119094,1532,201.265
119094,1533,199.2679
119094,1536,201.7947
119094,1537,200.4922
119094,1538,200.3797
119094,1539,196.9657
119094,1540,199.1345
119094,1543,196.1466
119094,1544,198.4426
119094,1545,196.0668
119094,1546,198.596
119094,1547,198.7542
119094,1550,197.5627
119094,1551,201.5194
119094,1552,201.4892
119094,1553,200.754
119094,1554,203.0873
119094,1557,199.655
119094,1558,193.8371
119094,1559,196.675
119094,1560,194.8476
119094,1561,197.0073
119094,1564,197.2492
119094,1565,194.6515
119094,1566,196.2038
119094,1567,195.3747
119094,1568,193.0018
119094,1571,190.7171
119094,1572,186.9284
119094,1573,187.959
119094,1574,185.9918
119094,1575,186.04
119094,1578,185.7611
119094,1579,183.8034
119094,1580,180.6053
119094,1581,186.2918
119094,1582,186.3092
119094,1585,190.5484
119094,1586,193.3542
119094,1587,192.7424
119094,1588,193.2907
119094,1589,193.7731
119094,1592,198.2315
119094,1593,200.3453
119094,1594,198.5527
119094,1595,199.5247
119094,1596,201.5907
119094,1599,198.9088
119094,1600,200.2238
119094,1601,203.6116
119094,1602,201.6686
119094,1603,200.0747
119094,1606,203.01
119094,1607,202.2875
119094,1608,200.0587
119094,1609,202.3189
119094,1610,203.8581
119095,3,52.5238
119095,4,53.509
119095,5,54.5737
119095,6,54.5502
119095,7,56.3221
119095,10,57.7946
119095,11,56.0654
119095,12,55.2114
119095,13,53.3314
119095,14,53.1057
119095,17,52.1478
119095,18,51.5283
119095,19,52.4667
119095,20,51.0812
119095,21,51.2303
119095,24,51.375
119095,25,51.3532
119095,26,51.5041
119095,27,49.7683
119095,28,49.1807
119095,31,50.4345
119095,32,49.536
119095,33,50.8978
119095,34,49.826
119095,35,48.6845
119095,38,48.0021
119095,39,48.906
119095,40,48.5295
119095,41,48.8368
119095,42,48.9362
119095,45,48.9369
119095,46,49.9724
119095,47,50.6275
119095,48,49.7678
119095,49,49.5956
119095,52,51.0207
119095,53,51.3229
119095,54,50.1623
119095,55,49.0826
119095,56,49.819
119095,59,50.4172
119095,60,49.7343
119095,61,50.3673
119095,62,51.6972
119095,63,52.944
119095,66,54.3461
119095,67,54.8715
119095,68,54.766
119095,69,54.4675
119095,70,54.5001
119095,73,53.8004
119095,74,53.5435
119095,75,54.6773
119095,76,53.3557
119095,77,52.1222
119095,80,52.8545
119095,81,52.6098
119095,82,51.0829
119095,83,51.0781
119095,84,50.9587
119095,87,50.6581
119095,88,51.2528
119095,89,50.2318
119095,90,50.2859
119095,91,50.1629
119095,94,50.2366
119095,95,48.9274
119095,96,48.5687
119095,97,48.6263
119095,98,49.0853
119095,101,50.5777
119095,102,51.2685
119095,103,51.6873
119095,104,52.7788
119095,105,52.5727
119095,108,53.9222
119095,109,54.929
119095,110,54.5923
119095,111,56.3209
119095,112,56.7683
119095,115,58.8144
119095,116,59.1475
119095,117,58.6776
119095,118,58.0232
119095,119,57.7494
119095,122,57.2822
119095,123,58.4917
119095,124,58.5161
119095,125,57.0973
119095,126,57.3392
119095,129,57.5028
119095,130,57.1298
119095,131,57.4212
119095,132,57.4315
119095,133,58.0582
119095,136,58.6375
119095,137,59.0269
119095,138,57.8823
119095,139,59.8988
119095,140,58.4999
119095,143,58.4324
119095,144,57.4841
119095,145,57.8945
119095,146,58.0715
119095,147,57.968
119095,150,59.4221
119095,151,60.5214
119095,152,60.263
119095,153,61.0843
119095,154,62.6629
119095,157,63.8149
119095,158,63.7338
119095,159,62.2117
119095,160,62.5852
119095,161,63.3029
119095,164,62.5949
119095,165,62.6718
119095,166,62.6447
119095,167,64.0848
119095,168,66.0409
119095,171,67.3334
119095,172,67.3014
119095,173,68.5888
119095,174,69.3537
119095,175,69.3325
119095,178,71.7178
119095,179,70.9509
119095,180,71.6915
119095,181,72.7091
119095,182,72.4439
119095,185,73.1485
119095,186,74.3107
119095,187,74.6626
119095,188,75.286
119095,189,75.477
119095,192,76.4977
119095,193,76.2889
119095,194,75.9815
119095,195,76.0725
119095,196,77.5715
119095,199,75.5319
119095,200,74.5229
119095,201,77.3098
119095,202,77.7133
119095,203,77.2842
119095,206,78.3261
119095,207,77.4313
119095,208,74.9745
119095,209,75.4604
119095,210,74.6621
119095,213,74.8467
119095,214,75.3017
119095,215,75.5364
119095,216,73.5947
119095,217,73.6895
119095,220,74.272
119095,221,72.7158
119095,222,71.0588
119095,223,69.9335
119095,224,70.8226
119095,227,68.6884
119095,228,69.6527
119095,229,70.1453
119095,230,69.9224
119095,231,68.3705
119095,234,67.5773
119095,235,68.4743
119095,236,69.904
119095,237,68.8378
119095,238,70.1481
119095,241,70.9719
119095,242,71.0262
119095,243,70.267
119095,244,69.6874
119095,245,71.7796
119095,248,72.0445
119095,249,73.6335
119095,250,73.9787
119095,251,73.5173
119095,252,74.2615
119095,255,76.8956
119095,256,76.186
119095,257,77.3579
119095,258,77.6581
119095,259,75.9717
119095,262,74.2958
119095,263,73.8332
119095,264,74.3032
119095,265,75.404
119095,266,73.6257
119095,269,74.4514
119095,270,74.3776
119095,271,74.4464
119095,272,75.2054
119095,273,77.3696
119095,276,77.8084
119095,277,76.23
119095,278,76.0721
119095,279,77.1672
119095,280,78.3187
119095,283,79.2134
119095,284,78.6483
119095,285,77.0394
119095,286,77.8259
119095,287,76.4185
119095,290,77.3246
119095,291,78.2417
119095,292,77.7354
119095,293,77.6656
119095,294,77.977
119095,297,77.2931
119095,298,75.6955
119095,299,75.7148
119095,300,75.8586
119095,301,77.5698
119095,304,76.6873
119095,305,78.0568
119095,306,76.7263
119095,307,75.1843
119095,308,74.8943
119095,311,73.8571
119095,312,72.3568
119095,313,74.6718
119095,314,74.2073
119095,315,77.0254
119095,318,75.8944
119095,319,73.9441
119095,320,75.5291
119095,321,74.7349
119095,322,74.9639
119095,325,73.4446
119095,326,73.4646
119095,327,71.9575
119095,328,71.9366
119095,329,71.464
119095,332,71.7863
119095,333,72.5605
119095,334,72.9001
119095,335,73.4839
119095,336,73.4219
119095,339,72.9839
119095,340,73.5905
119095,341,73.5256
119095,342,73.5049
119095,343,74.0314
119095,346,72.9002
119095,347,74.6252
119095,348,74.3976
119095,349,74.6084
119095,350,74.6212
119095,353,75.4581
119095,354,75.9285
119095,355,75.9351
119095,356,77.7554
119095,357,73.9946
119095,360,75.5229
119095,361,76.6923
119095,362,74.5718
119095,363,75.7373
119095,364,77.0776
119095,367,77.8305
119095,368,76.0091
119095,369,76.8977
119095,370,78.1954
119095,371,77.5616
119095,374,78.1706
119095,375,77.8048
119095,376,78.9662
119095,377,78.6459
119095,378,77.9987
119095,381,78.0186
119095,382,76.4541
119095,383,76.3541
119095,384,76.8578
119095,385,77.9861
119095,388,78.3608
119095,389,76.6796
119095,390,78.3985
119095,391,80.2619
119095,392,80.4746
119095,395,79.5967
119095,396,79.002
119095,397,78.818
119095,398,79.2338
119095,399,78.9236
119095,402,77.9319
119095,403,79.2668
119095,404,79.6581
119095,405,78.4172
119095,406,78.8466
119095,409,79.1169
119095,410,78.2956
119095,411,79.8528
119095,412,80.0925
119095,413,79.8894
119095,416,79.8541
119095,417,80.4846
119095,418,80.4634
119095,419,80.4316
119095,420,81.8646
119095,423,80.1261
119095,424,78.6309
119095,425,79.6685
119095,426,82.8302
119095,427,84.0549
119095,430,86.6348
119095,431,86.1193
119095,432,85.3341
119095,433,86.0249
119095,434,87.4028
119095,437,85.6908
119095,438,85.4782
119095,439,85.5164
119095,440,84.6809
119095,441,84.0078
119095,444,85.2049
119095,445,85.9125
119095,446,87.0756
119095,447,87.6152
119095,448,86.494
119095,451,87.1483
119095,452,85.9264
119095,453,85.5802
119095,454,84.2685
119095,455,83.5345
119095,458,83.7267
119095,459,83.1982
119095,460,82.1208
119095,461,83.6785
119095,462,83.594
119095,465,82.9743
119095,466,81.6431
119095,467,79.3406
119095,468,79.1327
119095,469,77.5012
119095,472,78.4436
119095,473,78.5486
119095,474,80.5705
119095,475,80.9247
119095,476,80.0738
119095,479,77.8056
119095,480,78.869
119095,481,77.3395
119095,482,76.9111
119095,483,79.0348
119095,486,79.8686
119095,487,80.4307
119095,488,81.7071
119095,489,82.955
119095,490,85.1206
119095,493,84.3908
119095,494,83.9649
119095,495,82.8263
119095,496,82.856
119095,497,82.7558
119095,500,80.5703
119095,501,79.8145
119095,502,81.7153
119095,503,82.1019
119095,504,83.1046
119095,507,83.0194
119095,508,80.6589
119095,509,80.566
119095,510,81.9701
119095,511,80.5239
119095,514,81.548
119095,515,79.4608
119095,516,79.5555
119095,517,80.3107
119095,518,79.9868
119095,521,83.2353
119095,522,82.6635
119095,523,81.9854
119095,524,82.3217
119095,525,81.4198
119095,528,79.662
119095,529,78.3651
119095,530,79.3754
119095,531,79.0642
119095,532,81.283
119095,535,80.7907
119095,536,81.7711
119095,537,82.5036
119095,538,81.9846
119095,539,80.9284
119095,542,78.8198
119095,543,79.5788
119095,544,81.1656
119095,545,79.2277
119095,546,78.8356
119095,549,78.0801
119095,550,78.8298
119095,551,78.4913
119095,552,80.2138
119095,553,79.7994
119095,556,78.329
119095,557,77.8207
119095,558,77.45
119095,559,78.1626
119095,560,77.772
119095,563,78.3813
119095,564,77.4792
119095,565,77.1878
119095,566,76.306
119095,567,75.3611
119095,570,76.9566
119095,571,76.1612
119095,572,75.8116
119095,573,77.1364
119095,574,78.121
119095,577,80.2365
119095,578,80.9195
119095,579,80.228
119095,580,82.9421
119095,581,83.779
119095,584,83.6482
119095,585,83.797
119095,586,84.1073
119095,587,83.8674
119095,588,82.1415
119095,591,84.3466
119095,592,84.3912
119095,593,84.7094
119095,594,87.604
119095,595,86.7421
119095,598,87.7187
119095,599,86.7067
119095,600,87.2222
119095,601,87.5759
119095,602,88.7505
119095,605,90.5344
119095,606,89.7902
119095,607,91.8962
119095,608,94.1565
119095,609,93.8684
119095,612,93.9407
119095,613,93.2936
119095,614,92.927
119095,615,91.262
119095,616,92.467
119095,619,89.6072
119095,620,88.7063
119095,621,88.7193
119095,622,90.6331
119095,623,89.9367
119095,626,90.6238
119095,627,90.5874
119095,628,92.0261
119095,629,92.6529
119095,630,93.9542
119095,633,93.2243
119095,634,91.8276
119095,635,92.4407
119095,636,91.8135
119095,637,91.9376
119095,640,92.4788
119095,641,94.3877
119095,642,95.6476
119095,643,94.71
119095,644,93.0987
119095,647,95.7194
119095,648,93.4447
119095,649,92.8622
119095,650,93.8926
119095,651,96.4315
119095,654,96.2278
119095,655,96.3534
119095,656,95.1177
119095,657,95.3908
119095,658,93.7603
119095,661,92.7399
119095,662,93.9443
119095,663,93.3865
119095,664,94.828
119095,665,94.6817
119095,668,92.7434
119095,669,94.5482
119095,670,92.6907
119095,671,91.8966
119095,672,91.688
119095,675,93.2333
119095,676,92.5442
119095,677,91.2831
119095,678,91.5972
119095,679,91.3688
119095,682,90.7779
119095,683,91.1675
119095,684,89.5338
119095,685,87.2147
119095,686,90.2811
119095,689,90.5083
119095,690,90.8362
119095,691,89.8028
119095,692,91.1609
119095,693,90.4772
119095,696,86.6687
119095,697,85.9732
119095,698,85.6678
119095,699,85.5133
119095,700,85.3201
119095,703,84.5317
119095,704,83.6233
119095,705,83.3045
119095,706,81.2444
119095,707,78.8467
119095,710,79.0375
119095,711,79.2496
119095,712,80.425
119095,713,80.1719
119095,714,78.7476
119095,717,76.4452
119095,718,75.4468
119095,719,76.0169
119095,720,77.8302
119095,721,77.9645
119095,724,76.5554
119095,725,75.5678
119095,726,74.6296
119095,727,74.2187
119095,728,75.6065
119095,731,77.1149
119095,732,76.9731
119095,733,77.2628
119095,734,76.3651
119095,735,74.401
119095,738,76.5931
119095,739,73.9067
119095,740,71.8632
119095,741,73.9899
119095,742,74.0739
119095,745,72.8356
119095,746,73.6872
119095,747,74.655
119095,748,73.1683
119095,749,72.6202
119095,752,73.6936
119095,753,72.8152
119095,754,73.2033
119095,755,74.9299
119095,756,72.2222
119095,759,71.8979
119095,760,72.2578
119095,761,70.3084
119095,762,69.7853
119095,763,71.0047
119095,766,70.2828
119095,767,68.7189
119095,768,70.0147
119095,769,70.5681
119095,770,70.5532
119095,773,70.5055
119095,774,71.7192
119095,775,72.1155
119095,776,72.9161
119095,777,72.1881
119095,780,70.1021
119095,781,70.8539
119095,782,72.1561
119095,783,71.9641
119095,784,73.0411
119095,787,72.72
119095,788,72.6796
119095,789,74.7786
119095,790,74.5011
119095,791,74.1556
119095,794,72.0665
119095,795,72.9176
119095,796,72.17
119095,797,72.4007
119095,798,72.1053
119095,801,71.6634
119095,802,71.5931
119095,803,71.6095
119095,804,73.0119
119095,805,74.8463
119095,808,75.6833
119095,809,77.2816
119095,810,78.3966
119095,811,79.0786
119095,812,80.9824
119095,815,79.4
119095,816,78.6174
119095,817,77.6753
119095,818,77.375
119095,819,78.2837
119095,822,76.9881
119095,823,77.6679
119095,824,77.0204
119095,825,76.6674
119095,826,76.977
119095,829,79.1114
119095,830,78.2971
119095,831,78.2667
119095,832,77.0162
119095,833,76.212
119095,836,74.9835
119095,837,75.3388
119095,838,75.9114
119095,839,76.8042
119095,840,75.9643
119095,843,76.6413
119095,844,76.845
119095,845,76.8422
119095,846,75.4203
119095,847,75.6686
119095,850,75.9556
119095,851,76.1438
119095,852,76.692
119095,853,77.6032
119095,854,76.3394
119095,857,76.1458
119095,858,76.8339
119095,859,76.5766
119095,860,77.8104
119095,861,77.989
119095,864,75.6906
119095,865,76.7648
119095,866,76.6903
119095,867,74.6476
119095,868,74.4165
119095,871,73.0085
119095,872,73.9441
119095,873,73.9669
119095,874,72.9623
119095,875,73.9646
119095,878,74.5657
119095,879,74.3542
119095,880,72.9736
119095,881,72.0746
119095,882,71.17
119095,885,72.0745
119095,886,70.2529
119095,887,70.262
119095,888,70.0467
119095,889,71.2606
119095,892,71.5848
119095,893,72.2537
119095,894,71.721
119095,895,70.4054
119095,896,70.1066
119095,899,71.0319
119095,900,71.9669
119095,901,71.5429
119095,902,70.6413
119095,903,69.5362
119095,906,69.4473
119095,907,69.6576
119095,908,71.3549
119095,909,71.556
119095,910,72.3142
119095,913,71.4932
119095,914,71.6026
119095,915,71.8234
119095,916,71.7272
119095,917,71.7652
119095,920,71.9708
119095,921,72.5814
119095,922,73.9947
119095,923,71.4636
119095,924,72.7916
119095,927,70.9185
119095,928,71.3264
119095,929,74.0868
119095,930,74.1018
119095,931,74.3771
119095,934,74.0792
119095,935,74.9272
119095,936,75.4216
119095,937,74.6881
119095,938,74.6188
119095,941,73.38
119095,942,73.3067
119095,943,72.8877
119095,944,73.1084
119095,945,72.3588
119095,948,72.1778
119095,949,72.2508
119095,950,72.4033
119095,951,72.7802
119095,952,72.6443
119095,955,71.8125
119095,956,71.9681
119095,957,71.8284
119095,958,73.0606
119095,959,74.4617
119095,962,72.9336
119095,963,73.7103
119095,964,74.7309
119095,965,73.2275
119095,966,73.9634
119095,969,75.0799
119095,970,74.03
119095,971,73.8194
119095,972,74.101
119095,973,74.835
119095,976,73.7435
119095,977,75.1651
119095,978,72.8644
119095,979,74.4644
119095,980,75.1781
119095,983,74.5105
119095,984,75.5978
119095,985,74.4255
119095,986,74.6254
119095,987,74.9717
119095,990,75.3167
119095,991,74.3922
119095,992,73.8777
119095,993,74.09
119095,994,73.3108
119095,997,73.6892
119095,998,73.0437
119095,999,74.268
119095,1000,76.1848
119095,1001,75.895
119095,1004,77.0702
119095,1005,76.88
119095,1006,75.8207
119095,1007,75.3799
119095,1008,75.5475
119095,1011,73.5152
119095,1012,74.308
119095,1013,74.4737
119095,1014,75.7226
119095,1015,76.518
119095,1018,76.7297
119095,1019,76.3675
119095,1020,78.2895
119095,1021,81.0818
119095,1022,80.7203
119095,1025,82.1279
119095,1026,81.2898
119095,1027,80.6113
119095,1028,80.1924
119095,1029,81.1326
119095,1032,79.8404
119095,1033,81.8847
119095,1034,83.1757
119095,1035,84.1202
119095,1036,83.8049
119095,1039,84.981
119095,1040,81.2359
119095,1041,81.8734
119095,1042,82.1518
119095,1043,79.817
119095,1046,80.3994
119095,1047,81.222
119095,1048,78.954
119095,1049,77.5597
119095,1050,80.1927
119095,1053,80.0275
119095,1054,81.3376
119095,1055,82.8662
119095,1056,83.4547
119095,1057,84.8765
119095,1060,82.1704
119095,1061,81.9441
119095,1062,78.1317
119095,1063,76.0789
119095,1064,75.4933
119095,1067,74.7716
119095,1068,74.8858
119095,1069,74.9268
119095,1070,75.1504
119095,1071,75.4232
119095,1074,75.8859
119095,1075,74.8137
119095,1076,74.0292
119095,1077,74.0508
119095,1078,74.0906
119095,1081,72.9025
119095,1082,74.2196
119095,1083,75.1372
119095,1084,74.1915
119095,1085,74.0131
119095,1088,76.4596
119095,1089,76.7201
119095,1090,77.2671
119095,1091,76.5965
119095,1092,76.2863
119095,1095,78.192
119095,1096,78.4001
119095,1097,78.3809
119095,1098,78.4588
119095,1099,81.7392
119095,1102,81.8619
119095,1103,80.8693
119095,1104,80.1088
119095,1105,81.1707
119095,1106,79.4344
119095,1109,80.0699
119095,1110,79.2315
119095,1111,77.013
119095,1112,75.8997
119095,1113,75.9989
119095,1116,77.7551
119095,1117,78.9505
119095,1118,78.6548
119095,1119,79.9381
119095,1120,79.5596
119095,1123,77.8111
119095,1124,77.9049
119095,1125,76.1455
119095,1126,77.1678
119095,1127,78.2217
119095,1130,77.2125
119095,1131,77.4574
119095,1132,77.6913
119095,1133,78.8343
119095,1134,77.3711
119095,1137,78.1732
119095,1138,76.6357
119095,1139,77.6472
119095,1140,79.0266
119095,1141,78.266
119095,1144,79.8528
119095,1145,77.9657
119095,1146,79.3969
119095,1147,81.287
119095,1148,81.8023
119095,1151,81.622
119095,1152,82.0962
119095,1153,81.3904
119095,1154,84.8991
119095,1155,84.192
119095,1158,86.0321
119095,1159,85.1079
119095,1160,87.3515
119095,1161,90.2428
119095,1162,90.8724
119095,1165,91.3633
119095,1166,90.0758
119095,1167,88.6401
119095,1168,89.1348
119095,1169,91.285
119095,1172,90.5794
119095,1173,93.8663
119095,1174,93.0498
119095,1175,93.4682
119095,1176,93.8922
119095,1179,93.8241
119095,1180,90.9316
119095,1181,90.128
119095,1182,90.4908
119095,1183,90.433
119095,1186,91.4234
119095,1187,92.6004
119095,1188,92.3316
119095,1189,91.0221
119095,1190,93.3503
119095,1193,91.4585
119095,1194,90.6842
119095,1195,89.5566
119095,1196,90.6947
119095,1197,92.6763
119095,1200,92.5039
119095,1201,92.9203
119095,1202,93.6316
119095,1203,96.414
119095,1204,93.8402
119095,1207,95.0294
119095,1208,95.6781
119095,1209,95.204
119095,1210,95.778
119095,1211,96.9866
119095,1214,97.9669
119095,1215,101.4429
119095,1216,101.7355
119095,1217,101.8676
119095,1218,101.6658
119095,1221,102.6446
119095,1222,102.6824
119095,1223,102.7935
119095,1224,102.9122
119095,1225,102.7839
119095,1228,101.8923
119095,1229,102.655
119095,1230,102.2845
119095,1231,103.368
119095,1232,103.6389
119095,1235,103.0998
119095,1236,105.7645
119095,1237,105.6864
119095,1238,106.8214
119095,1239,105.7425
119095,1242,102.5121
119095,1243,101.6896
119095,1244,98.4094
119095,1245,98.1286
119095,1246,100.5124
119095,1249,99.1761
119095,1250,96.0245
119095,1251,98.4061
119095,1252,97.7575
119095,1253,97.8186
119095,1256,99.127
119095,1257,100.0344
119095,1258,101.3122
119095,1259,102.8488
119095,1260,100.1465
119095,1263,98.0261
119095,1264,99.9381
119095,1265,98.8015
119095,1266,97.8458
119095,1267,96.0028
119095,1270,95.4758
119095,1271,95.035
119095,1272,93.724
119095,1273,92.263
119095,1274,92.8082
119095,1277,91.7152
119095,1278,90.9229
119095,1279,87.9224
119095,1280,90.7267
119095,1281,92.1628
119095,1284,91.5273
119095,1285,90.3193
119095,1286,90.4137
119095,1287,90.4691
119095,1288,88.7468
119095,1291,85.3271
119095,1292,84.6971
119095,1293,82.7094
119095,1294,83.0053
119095,1295,83.3112
119095,1298,82.1157
119095,1299,81.4984
119095,1300,83.8661
119095,1301,84.9703
119095,1302,84.4409
119095,1305,87.6209
119095,1306,86.0599
119095,1307,85.0396
119095,1308,84.9659
119095,1309,83.0142
119095,1312,85.4627
119095,1313,85.7844
119095,1314,84.7978
119095,1315,85.4725
119095,1316,85.7441
119095,1319,85.4083
119095,1320,83.8713
119095,1321,82.0672
119095,1322,85.0169
119095,1323,83.2976
119095,1326,85.6298
119095,1327,84.5719
119095,1328,85.7055
119095,1329,86.4115
119095,1330,87.398
119095,1333,88.4886
119095,1334,86.3464
119095,1335,85.5062
119095,1336,83.7568
119095,1337,84.0802
119095,1340,82.418
119095,1341,79.9561
119095,1342,79.7272
119095,1343,77.0685
119095,1344,77.4507
119095,1347,75.9982
119095,1348,75.0642
119095,1349,72.4795
119095,1350,74.4527
119095,1351,72.8205
119095,1354,72.4675
119095,1355,70.5128
119095,1356,69.6517
119095,1357,71.6626
119095,1358,72.062
119095,1361,71.3076
119095,1362,71.3315
119095,1363,70.7663
119095,1364,70.7251
119095,1365,71.621
119095,1368,71.3108
119095,1369,71.6208
119095,1370,71.9508
119095,1371,71.6447
119095,1372,70.881
119095,1375,70.3586
119095,1376,71.1997
119095,1377,72.1454
119095,1378,70.9261
119095,1379,70.6968
119095,1382,69.9245
119095,1383,70.8729
119095,1384,70.4103
119095,1385,72.9573
119095,1386,73.272
119095,1389,74.7139
119095,1390,73.5938
119095,1391,73.6717
119095,1392,74.455
119095,1393,73.3172
119095,1396,73.4047
119095,1397,74.696
119095,1398,74.3767
119095,1399,73.4498
119095,1400,75.6312
119095,1403,74.3132
119095,1404,74.561
119095,1405,73.7983
119095,1406,72.781
119095,1407,73.7004
119095,1410,73.5264
119095,1411,74.0625
119095,1412,71.5407
119095,1413,72.1728
119095,1414,71.4207
119095,1417,69.399
119095,1418,71.5522
119095,1419,72.2957
119095,1420,72.6183
119095,1421,74.126
119095,1424,74.4806
119095,1425,73.614
119095,1426,73.4755
119095,1427,72.7582
119095,1428,72.2502
119095,1431,70.8951
119095,1432,69.8813
119095,1433,70.9347
119095,1434,71.3689
119095,1435,70.8676
119095,1438,69.7904
119095,1439,69.4068
119095,1440,67.6495
119095,1441,67.8437
119095,1442,68.9216
119095,1445,71.6017
119095,1446,70.4299
119095,1447,71.5019
119095,1448,70.7717
119095,1449,69.5858
119095,1452,68.4193
119095,1453,68.631
119095,1454,67.6914
119095,1455,67.1061
119095,1456,66.7005
119095,1459,65.9853
119095,1460,65.2032
119095,1461,62.8107
119095,1462,62.9517
119095,1463,63.0739
119095,1466,62.3412
119095,1467,62.7508
119095,1468,64.2026
119095,1469,64.2825
119095,1470,65.7008
119095,1473,68.1173
119095,1474,70.9486
119095,1475,69.6941
119095,1476,68.4674
119095,1477,68.0492
119095,1480,68.2469
119095,1481,70.0348
119095,1482,70.7918
119095,1483,69.5236
119095,1484,68.9173
119095,1487,68.9318
119095,1488,67.3929
119095,1489,67.4662
119095,1490,66.2731
119095,1491,64.6288
119095,1494,63.7278
119095,1495,64.1976
119095,1496,64.6639
119095,1497,64.819
119095,1498,65.8967
119095,1501,66.8805
119095,1502,67.1547
119095,1503,67.2837
119095,1504,67.48
119095,1505,67.3821
119095,1508,65.1707
119095,1509,66.4045
119095,1510,66.8799
119095,1511,65.6682
119095,1512,67.2203
119095,1515,66.6567
119095,1516,66.6018
119095,1517,67.7433
119095,1518,68.0379
119095,1519,69.5446
119095,1522,69.2204
119095,1523,71.1509
119095,1524,70.346
119095,1525,71.8837
119095,1526,69.4253
119095,1529,68.2923
119095,1530,68.6735
119095,1531,68.3013
119095,1532,68.2806
119095,1533,68.3851
119095,1536,67.1731
119095,1537,66.0605
119095,1538,66.3603
119095,1539,65.725
119095,1540,67.1864
119095,1543,67.0421
119095,1544,67.8645
119095,1545,68.3992
119095,1546,67.8139
119095,1547,65.789
119095,1550,67.0867
119095,1551,66.1181
119095,1552,65.7564
119095,1553,65.6577
119095,1554,65.6623
119095,1557,66.7228
119095,1558,66.7872
119095,1559,66.7116
119095,1560,67.8495
119095,1561,68.5541
119095,1564,67.8238
119095,1565,66.6676
119095,1566,65.8659
119095,1567,65.8723
119095,1568,64.6487
119095,1571,64.7977
119095,1572,64.7225
119095,1573,62.2364
119095,1574,60.9265
119095,1575,58.2705
119095,1578,58.0063
119095,1579,59.0473
119095,1580,57.3652
119095,1581,56.232
119095,1582,56.1362
119095,1585,55.2518
119095,1586,54.3772
119095,1587,54.8908
119095,1588,54.5123
119095,1589,53.2973
119095,1592,51.6185
119095,1593,53.492
119095,1594,54.4985
119095,1595,54.1596
119095,1596,54.2819
119095,1599,53.9129
119095,1600,54.3956
119095,1601,53.7156
119095,1602,53.3045
119095,1603,53.7351
119095,1606,55.0276
119095,1607,55.7225
119095,1608,56.8656
119095,1609,56.6359
119095,1610,56.1319
101206,3,305.0996
101206,4,305.4514
101206,5,306.6324
101206,6,305.98
101206,7,304.048
101206,10,307.5591
101206,11,309.4372
101206,12,313.2022
101206,13,310.7396
101206,14,308.9641
101206,17,312.4211
101206,18,312.4518
101206,19,311.0479
101206,20,309.8405
101206,21,309.9701
101206,24,312.8854
101206,25,312.604
101206,26,314.9535
101206,27,316.4175
101206,28,314.138
101206,31,311.8727
101206,32,310.797
101206,33,307.3127
101206,34,306.0803
101206,35,310.3531
101206,38,310.4273
101206,39,308.4951
101206,40,313.9134
101206,41,311.5082
101206,42,309.0363
101206,45,312.5666
101206,46,314.5571
101206,47,314.3587
101206,48,316.8369
101206,49,317.8419
101206,52,314.6965
101206,53,308.2712
101206,54,306.8909
101206,55,310.0012
101206,56,308.9914
101206,59,310.4078
101206,60,311.0737
101206,61,306.6204
101206,62,305.6811
101206,63,306.8083
101206,66,304.843
101206,67,304.0267
101206,68,305.2363
101206,69,305.5895
101206,70,308.5832
101206,73,309.7889
101206,74,307.3469
101206,75,306.2132
101206,76,306.426
101206,77,310.2244
101206,80,309.091
101206,81,304.5611
101206,82,305.9045
101206,83,304.0296
101206,84,300.7579
101206,87,300.963
101206,88,303.713
101206,89,302.3357
101206,90,303.8193
101206,91,305.8097
101206,94,308.1115
101206,95,306.2861
101206,96,303.4293
101206,97,300.9607
101206,98,303.2238
101206,101,305.1712
101206,102,302.7622
101206,103,308.6697
101206,104,305.9112
101206,105,308.7788
101206,108,313.1065
101206,109,313.5714
101206,110,311.6107
101206,111,309.7219
101206,112,309.1663
101206,115,312.2885
101206,116,309.1608
101206,117,304.3447
101206,118,305.4756
101206,119,307.205
101206,122,312.7446
101206,123,309.1145
101206,124,308.9066
101206,125,312.2491
101206,126,312.7434
101206,129,312.3659
101206,130,314.7118
101206,131,313.2141
101206,132,315.7377
101206,133,312.4274
101206,136,308.4279
101206,137,307.8433
101206,138,301.1176
101206,139,301.4981
101206,140,297.0795
101206,143,297.974
101206,144,298.6158
101206,145,298.5909
101206,146,299.897
101206,147,300.5925
101206,150,299.9715
101206,151,305.0121
101206,152,306.2298
101206,153,308.4807
101206,154,311.5746
101206,157,313.5777
101206,158,319.4995
101206,159,320.1327
101206,160,320.2782
101206,161,318.613
101206,164,318.0578
101206,165,316.1763
101206,166,318.2345
101206,167,315.8472
101206,168,316.2159
101206,171,317.9441
101206,172,318.5302
101206,173,316.1864
101206,174,318.3056
101206,175,318.2302
101206,178,310.4293
101206,179,307.9076
101206,180,311.8968
101206,181,316.1696
101206,182,317.8039
101206,185,320.1742
101206,186,318.1481
101206,187,317.5828
101206,188,321.2275
101206,189,322.6027
101206,192,322.9541
101206,193,322.5889
101206,194,326.1157
101206,195,329.5288
101206,196,331.5933
101206,199,331.9583
101206,200,331.0863
101206,201,333.2879
101206,202,330.235
101206,203,327.809
101206,206,323.8076
101206,207,327.5233
101206,208,325.6162
101206,209,326.9471
101206,210,326.7537
101206,213,335.3841
101206,214,336.8675
101206,215,331.5515
101206,216,335.1792
101206,217,334.2091
101206,220,333.7895
101206,221,331.9869
101206,222,332.7317
101206,223,333.4397
101206,224,331.718
101206,227,330.4052
101206,228,330.8711
101206,229,324.2724
101206,230,320.3413
101206,231,325.2619
101206,234,326.372
101206,235,325.0322
101206,236,320.3718
101206,237,320.3779
101206,238,323.3404
101206,241,331.1254
101206,242,336.8708
101206,243,334.4185
101206,244,333.1313
101206,245,329.0057
101206,248,326.7412
101206,249,326.2967
101206,250,325.4097
101206,251,331.5307
101206,252,327.8762
101206,255,327.9149
101206,256,322.1677
101206,257,323.2759
101206,258,319.6381
101206,259,322.928
101206,262,322.2665
101206,263,318.4706
101206,264,312.7806
101206,265,310.2527
101206,266,311.0688
101206,269,312.3884
101206,270,311.1787
101206,271,313.8917
101206,272,310.9237
101206,273,303.1565
101206,276,304.0697
101206,277,307.7078
101206,278,311.4147
101206,279,308.0241
101206,280,306.7062
101206,283,308.8296
101206,284,307.2848
101206,285,307.7292
101206,286,305.9488
101206,287,303.1798
101206,290,300.9477
101206,291,303.6517
101206,292,303.8453
101206,293,307.4312
101206,294,309.0048
101206,297,313.5756
101206,298,316.0091
101206,299,318.2966
101206,300,318.1226
101206,301,326.8468
101206,304,327.3406
101206,305,321.8589
101206,306,322.7871
101206,307,320.168
101206,308,323.2193
101206,311,325.4627
101206,312,325.0812
101206,313,322.712
101206,314,323.2957
101206,315,321.6385
101206,318,324.0481
101206,319,325.809
101206,320,334.5278
101206,321,333.3891
101206,322,332.6697
101206,325,332.3874
101206,326,332.2335
101206,327,335.4296
101206,328,334.7857
101206,329,340.836
101206,332,342.7675
101206,333,341.4784
101206,334,339.4285
101206,335,342.7354
101206,336,342.9985
101206,339,343.2029
101206,340,341.5724
101206,341,341.5635
101206,342,339.8195
101206,343,344.1025
101206,346,346.4641
101206,347,346.109
101206,348,345.7095
101206,349,346.1692
101206,350,346.3309
101206,353,343.5975
101206,354,338.0601
101206,355,335.8634
101206,356,335.656
101206,357,333.6511
101206,360,336.2441
101206,361,335.7384
101206,362,341.5082
101206,363,339.9966
101206,364,340.5945
101206,367,339.9032
101206,368,341.4001
101206,369,344.8019
101206,370,346.8355
101206,371,340.8548
101206,374,342.5373
101206,375,339.6723
101206,376,338.9204
101206,377,341.1631
101206,378,337.9849
101206,381,341.6243
101206,382,340.737
101206,383,347.5027
101206,384,347.8927
101206,385,353.3467
101206,388,357.283
101206,389,355.546
101206,390,351.6691
101206,391,352.2033
101206,392,350.579
101206,395,355.6808
101206,396,355.0904
101206,397,354.3337
101206,398,350.1789
101206,399,351.6573
101206,402,348.2141
101206,403,349.7558
101206,404,351.7311
101206,405,349.5936
101206,406,352.7373
101206,409,352.0648
101206,410,347.7055
101206,411,352.6584
101206,412,349.9784
101206,413,351.7284
101206,416,353.2339
101206,417,354.6313
101206,418,355.9798
101206,419,353.1291
101206,420,358.6209
101206,423,361.8446
101206,424,363.5513
101206,425,359.4879
101206,426,356.5834
101206,427,358.842
101206,430,352.7386
101206,431,353.9764
101206,432,350.0255
101206,433,347.5355
101206,434,343.4145
101206,437,344.3382
101206,438,347.9246
101206,439,349.1742
101206,440,350.7678
101206,441,351.469
101206,444,353.774
101206,445,355.4176
101206,446,347.1873
101206,447,350.154
101206,448,352.8187
101206,451,351.8746
101206,452,345.9797
101206,453,346.8992
101206,454,348.0796
101206,455,346.9089
101206,458,347.6599
101206,459,351.1429
101206,460,358.8316
101206,461,359.4822
101206,462,360.7284
101206,465,358.302
101206,466,356.9052
101206,467,356.6612
101206,468,360.5709
101206,469,363.372
101206,472,369.7985
101206,473,365.1585
101206,474,361.1066
101206,475,364.8216
101206,476,369.7038
101206,479,370.0026
101206,480,355.8976
101206,481,353.754
101206,482,354.9853
101206,483,352.3624
101206,486,353.1202
101206,487,359.2678
101206,488,364.0027
101206,489,366.7979
101206,490,366.7786
101206,493,365.3705
101206,494,368.0101
101206,495,368.2825
101206,496,368.6666
101206,497,363.8451
101206,500,361.746
101206,501,364.3406
101206,502,361.006
101206,503,362.0396
101206,504,363.5466
101206,507,365.2478
101206,508,367.2464
101206,509,369.4757
101206,510,367.6383
101206,511,363.0977
101206,514,360.4971
101206,515,363.0124
101206,516,359.3736
101206,517,356.2743
101206,518,353.1846
101206,521,347.6606
101206,522,344.3391
101206,523,347.5698
101206,524,345.5579
101206,525,340.4444
101206,528,339.0865
101206,529,340.7925
101206,530,335.5073
101206,531,338.5146
101206,532,334.4123
101206,535,333.4199
101206,536,332.393
101206,537,330.9219
101206,538,330.9035
101206,539,333.3553
101206,542,333.4074
101206,543,331.8023
101206,544,333.3152
101206,545,334.0974
101206,546,332.3019
101206,549,332.5974
101206,550,330.5684
101206,551,328.2234
101206,552,330.7348
101206,553,332.2124
101206,556,334.6497
101206,557,336.7031
101206,558,334.2513
101206,559,337.3899
101206,560,336.6792
101206,563,339.6248
101206,564,339.4253
101206,565,340.5396
101206,566,341.7483
101206,567,344.3856
101206,570,339.6319
101206,571,335.1157
101206,572,337.2808
101206,573,338.517
101206,574,336.3828
101206,577,337.6394
101206,578,333.6449
101206,579,343.5668
101206,580,347.7432
101206,581,349.8374
101206,584,350.2514
101206,585,348.5252
101206,586,344.699
101206,587,344.5309
101206,588,342.1048
101206,591,339.8706
101206,592,335.8237
101206,593,336.7376
101206,594,335.793
101206,595,337.5555
101206,598,339.0938
101206,599,339.9561
101206,600,348.2033
101206,601,350.9229
101206,602,347.2224
101206,605,348.8099
101206,606,348.8236
101206,607,344.8988
101206,608,340.7774
101206,609,342.3187
101206,612,344.6088
101206,613,341.6198
101206,614,344.7331
101206,615,345.7787
101206,616,349.6251
101206,619,353.1832
101206,620,352.872
101206,621,358.1837
101206,622,354.8333
101206,623,362.5797
101206,626,359.9662
101206,627,359.9995
101206,628,358.388
101206,629,357.3834
101206,630,366.907
101206,633,365.6013
101206,634,368.5459
101206,635,367.9714
101206,636,371.2147
101206,637,369.6282
101206,640,370.6552
101206,641,372.9084
101206,642,370.7333
101206,643,380.0564
101206,644,382.5429
101206,647,381.9783
101206,648,379.8326
101206,649,380.3361
101206,650,376.4733
101206,651,382.635
101206,654,384.2912
101206,655,384.1913
101206,656,387.9518
101206,657,385.6899
101206,658,381.9749
101206,661,381.7337
101206,662,382.3605
101206,663,384.3521
101206,664,379.5762
101206,665,378.2468
101206,668,368.2895
101206,669,364.6572
101206,670,367.1541
101206,671,370.4702
101206,672,366.947
101206,675,366.0868
101206,676,366.3584
101206,677,370.0492
101206,678,375.2668
101206,679,375.9677
101206,682,375.2981
101206,683,370.7412
101206,684,371.2862
101206,685,378.3381
101206,686,382.8651
101206,689,383.6538
101206,690,384.8801
101206,691,382.7476
101206,692,381.7408
101206,693,382.4353
101206,696,383.1413
101206,697,386.7714
101206,698,390.2683
101206,699,392.2664
101206,700,389.0257
101206,703,385.9402
101206,704,383.1275
101206,705,384.1222
101206,706,377.5134
101206,707,377.6873
101206,710,382.606
101206,711,385.0612
101206,712,384.0701
101206,713,381.9092
101206,714,384.8311
101206,717,386.0704
101206,718,385.431
101206,719,383.6318
101206,720,384.0884
101206,721,383.261
101206,724,386.1205
101206,725,390.5717
101206,726,386.0896
101206,727,382.1352
101206,728,386.905
101206,731,387.6711
101206,732,384.0194
101206,733,387.5638
101206,734,388.934
101206,735,396.7698
101206,738,396.1516
101206,739,400.2506
101206,740,395.3728
101206,741,400.4772
101206,742,404.0341
101206,745,410.0029
101206,746,414.252
101206,747,414.1039
101206,748,410.0604
101206,749,408.0993
101206,752,402.0171
101206,753,398.9711
101206,754,400.679
101206,755,400.7169
101206,756,400.1339
101206,759,397.55
101206,760,391.5861
101206,761,392.4178
101206,762,393.9354
101206,763,390.707
101206,766,389.0739
101206,767,394.6051
101206,768,398.8667
101206,769,393.8821
101206,770,393.7913
101206,773,399.0827
101206,774,398.5272
101206,775,397.7882
101206,776,401.8475
101206,777,405.5701
101206,780,409.1403
101206,781,408.4067
101206,782,411.0133
101206,783,416.6822
101206,784,416.7139
101206,787,415.4482
101206,788,420.1964
101206,789,428.0659
101206,790,436.3504
101206,791,435.136
101206,794,434.3096
101206,795,430.6075
101206,796,431.2785
101206,797,427.4328
101206,798,425.6718
101206,801,428.533
101206,802,430.2313
101206,803,423.6339
101206,804,429.7632
101206,805,425.8826
101206,808,422.5066
101206,809,418.1309
101206,810,415.914
101206,811,412.8504
101206,812,409.8975
101206,815,401.2923
101206,816,401.9597
101206,817,402.991
101206,818,411.2593
101206,819,413.2402
101206,822,411.6466
101206,823,407.5208
101206,824,407.385
101206,825,409.2114
101206,826,407.6091
101206,829,408.039
101206,830,415.1383
101206,831,413.9478
101206,832,407.3269
101206,833,410.6886
101206,836,412.0412
101206,837,406.0869
101206,838,407.8317
101206,839,404.467
101206,840,406.2538
101206,843,413.3582
101206,844,412.9265
101206,845,417.1054
101206,846,412.8237
101206,847,407.539
101206,850,415.0687
101206,851,416.4117
101206,852,418.9725
101206,853,423.4693
101206,854,421.7202
101206,857,425.0194
101206,858,427.7721
101206,859,423.1334
101206,860,429.0385
101206,861,434.2359
101206,864,429.569
101206,865,430.5505
101206,866,429.8957
101206,867,435.5314
101206,868,430.3687
101206,871,444.4904
101206,872,444.0359
101206,873,447.1678
101206,874,452.9068
101206,875,452.3579
101206,878,452.1327
101206,879,450.3644
101206,880,447.0918
101206,881,448.3963
101206,882,448.0928
101206,885,446.3145
101206,886,444.7724
101206,887,447.2691
101206,888,444.3633
101206,889,443.6253
101206,892,447.386
101206,893,448.5938
101206,894,444.69
101206,895,444.8259
101206,896,446.774
101206,899,450.9215
101206,900,448.1587
101206,901,446.1867
101206,902,443.6885
101206,903,441.3974
101206,906,443.2054
101206,907,445.765
101206,908,450.1478
101206,909,450.0181
101206,910,444.7044
101206,913,447.5686
101206,914,448.4285
101206,915,448.8973
101206,916,444.0741
101206,917,443.5365
101206,920,439.1183
101206,921,441.2164
101206,922,439.7735
101206,923,437.9891
101206,924,432.3145
101206,927,436.4734
101206,928,435.7039
101206,929,436.2633
101206,930,433.6663
101206,931,427.6198
101206,934,425.8392
101206,935,424.6652
101206,936,425.9828
101206,937,424.8702
101206,938,422.4049
101206,941,417.0566
101206,942,417.4501
101206,943,414.7417
101206,944,419.8176
101206,945,420.5908
101206,948,422.899
101206,949,422.1899
101206,950,423.1583
101206,951,420.0639
101206,952,415.9361
101206,955,416.2063
101206,956,418.5211
101206,957,411.6126
101206,958,410.0163
101206,959,416.9469
101206,962,418.9288
101206,963,424.8676
101206,964,422.7165
101206,965,421.2301
101206,966,425.056
101206,969,427.6204
101206,970,427.485
101206,971,422.9698
101206,972,427.5277
101206,973,437.3235
101206,976,431.5254
101206,977,437.1258
101206,978,435.5488
101206,979,434.4939
101206,980,435.7531
101206,983,431.3673
101206,984,431.4485
101206,985,425.5805
101206,986,427.5917
101206,987,436.3236
101206,990,434.0935
101206,991,433.6716
101206,992,433.4384
101206,993,437.4514
101206,994,439.2454
101206,997,443.0536
101206,998,441.3076
101206,999,443.2268
101206,1000,430.478
101206,1001,433.2429
101206,1004,428.836
101206,1005,427.8195
101206,1006,430.8628
101206,1007,425.2846
101206,1008,429.6119
101206,1011,429.3626
101206,1012,435.1249
101206,1013,431.8968
101206,1014,425.2661
101206,1015,425.377
101206,1018,427.8057
101206,1019,430.5666
101206,1020,426.4964
101206,1021,420.6461
101206,1022,419.7055
101206,1025,421.839
101206,1026,423.794
101206,1027,429.9325
101206,1028,428.74
101206,1029,422.0383
101206,1032,426.736
101206,1033,427.6918
101206,1034,428.9787
101206,1035,432.1135
101206,1036,437.1815
101206,1039,437.3183
101206,1040,442.1077
101206,1041,444.4949
101206,1042,442.1605
101206,1043,441.4796
101206,1046,444.1164
101206,1047,441.5766
101206,1048,445.2719
101206,1049,446.1236
101206,1050,447.8586
101206,1053,453.8185
101206,1054,455.4828
101206,1055,456.0049
101206,1056,455.908
101206,1057,455.6019
101206,1060,457.0942
101206,1061,462.8619
101206,1062,460.6089
101206,1063,458.061
101206,1064,463.5208
101206,1067,461.4502
101206,1068,462.569
101206,1069,460.3985
101206,1070,453.8636
101206,1071,454.8923
101206,1074,459.6252
101206,1075,459.6108
101206,1076,453.8782
101206,1077,454.5495
101206,1078,451.7621
101206,1081,441.673
101206,1082,441.5858
101206,1083,443.8354
101206,1084,448.7007
101206,1085,455.9421
101206,1088,458.8037
101206,1089,462.8355
101206,1090,457.8578
101206,1091,464.6933
101206,1092,470.1589
101206,1095,468.8809
101206,1096,471.9516
101206,1097,474.6211
101206,1098,481.0632
101206,1099,480.6705
101206,1102,477.7639
101206,1103,475.9492
101206,1104,479.976
101206,1105,472.1611
101206,1106,460.0819
101206,1109,463.9639
101206,1110,465.3297
101206,1111,465.6457
101206,1112,460.5526
101206,1113,453.8937
101206,1116,451.5937
101206,1117,453.2703
101206,1118,451.1675
101206,1119,454.9978
101206,1120,451.4184
101206,1123,449.5874
101206,1124,452.6176
101206,1125,451.3484
101206,1126,450.2795
101206,1127,447.9624
101206,1130,444.9289
101206,1131,446.5512
101206,1132,448.6916
101206,1133,449.8233
101206,1134,447.6164
101206,1137,447.0522
101206,1138,453.6228
101206,1139,448.2043
101206,1140,455.9564
101206,1141,456.593
101206,1144,456.1035
101206,1145,460.1919
101206,1146,452.1111
101206,1147,457.8845
101206,1148,465.6883
101206,1151,470.4207
101206,1152,462.0175
101206,1153,465.3818
101206,1154,472.4303
101206,1155,479.1491
101206,1158,473.48
101206,1159,477.9896
101206,1160,485.8696
101206,1161,486.2466
101206,1162,480.3045
101206,1165,484.0771
101206,1166,488.8492
101206,1167,488.5014
101206,1168,483.6478
101206,1169,488.1058
101206,1172,485.0577
101206,1173,487.0116
101206,1174,494.0049
101206,1175,487.0819
101206,1176,491.2503
101206,1179,490.6091
101206,1180,490.0809
101206,1181,492.5629
101206,1182,489.4758
101206,1183,484.6797
101206,1186,477.3591
101206,1187,482.822
101206,1188,481.4903
101206,1189,484.1662
101206,1190,482.3484
101206,1193,477.6779
101206,1194,480.6818
101206,1195,482.3228
101206,1196,481.5645
101206,1197,483.0976
101206,1200,479.2699
101206,1201,484.0234
101206,1202,489.8244
101206,1203,493.37
101206,1204,492.0078
101206,1207,492.5194
101206,1208,499.6389
101206,1209,505.577
101206,1210,514.8113
101206,1211,511.5436
101206,1214,507.8947
101206,1215,508.7593
101206,1216,510.8517
101206,1217,510.4743
101206,1218,508.9855
101206,1221,514.9721
101206,1222,514.8257
101206,1223,509.6005
101206,1224,504.9426
101206,1225,506.3051
101206,1228,520.1599
101206,1229,515.9682
101206,1230,514.8029
101206,1231,526.1089
101206,1232,524.1371
101206,1235,526.5182
101206,1236,535.5776
101206,1237,531.3763
101206,1238,530.2024
101206,1239,528.2148
101206,1242,521.4599
101206,1243,529.0001
101206,1244,526.5476
101206,1245,522.7639
101206,1246,520.9876
101206,1249,525.5438
101206,1250,526.3388
101206,1251,522.9465
101206,1252,525.1077
101206,1253,529.1573
101206,1256,529.3194
101206,1257,528.4972
101206,1258,533.5285
101206,1259,532.9609
101206,1260,540.8526
101206,1263,537.5281
101206,1264,534.1143
101206,1265,530.1474
101206,1266,529.3048
101206,1267,529.5896
101206,1270,523.7043
101206,1271,524.4219
101206,1272,527.3151
101206,1273,520.8123
101206,1274,518.6915
101206,1277,521.5629
101206,1278,516.8424
101206,1279,515.6701
101206,1280,520.9114
101206,1281,529.4972
101206,1284,531.8298
101206,1285,531.3105
101206,1286,529.2393
101206,1287,533.7826
101206,1288,539.4231
101206,1291,534.2251
101206,1292,538.8096
101206,1293,536.2093
101206,1294,532.4345
101206,1295,531.9879
101206,1298,536.9376
101206,1299,538.6825
101206,1300,540.3041
101206,1301,542.2658
101206,1302,544.7879
101206,1305,544.5205
101206,1306,547.846
101206,1307,544.9491
101206,1308,548.3696
101206,1309,552.8149
101206,1312,556.521
101206,1313,560.5084
101206,1314,563.1015
101206,1315,569.2528
101206,1316,558.2499
101206,1319,562.7592
101206,1320,572.945
101206,1321,570.1052
101206,1322,566.7203
101206,1323,573.4817
101206,1326,569.1072
101206,1327,566.0627
101206,1328,567.2042
101206,1329,563.5123
101206,1330,568.1708
101206,1333,564.5132
101206,1334,566.6037
101206,1335,568.3201
101206,1336,577.0188
101206,1337,583.2802
101206,1340,580.8622
101206,1341,574.717
101206,1342,579.2788
101206,1343,576.2475
101206,1344,574.8406
101206,1347,569.7866
101206,1348,573.5047
101206,1349,570.5384
101206,1350,570.6564
101206,1351,570.8526
101206,1354,572.0726
101206,1355,575.7173
101206,1356,574.7822
101206,1357,571.3308
101206,1358,562.3276
101206,1361,563.1272
101206,1362,562.6382
101206,1363,559.4124
101206,1364,560.0099
101206,1365,564.5446
101206,1368,570.4019
101206,1369,563.0218
101206,1370,561.5224
101206,1371,566.594
101206,1372,574.9222
101206,1375,571.0878
101206,1376,578.3704
101206,1377,571.8197
101206,1378,577.9379
101206,1379,576.8011
101206,1382,585.1078
101206,1383,583.0189
101206,1384,581.7277
101206,1385,581.3436
101206,1386,573.8123
101206,1389,565.2537
101206,1390,568.0956
101206,1391,573.3653
101206,1392,576.7433
101206,1393,570.6945
101206,1396,573.4122
101206,1397,568.7198
101206,1398,571.0626
101206,1399,577.0864
101206,1400,579.2583
101206,1403,587.112
101206,1404,586.6385
101206,1405,585.8208
101206,1406,586.4714
101206,1407,579.867
101206,1410,578.1081
101206,1411,576.8011
101206,1412,575.6552
101206,1413,577.3166
101206,1414,570.1226
101206,1417,564.6826
101206,1418,570.6429
101206,1419,560.9194
101206,1420,564.2678
101206,1421,562.7021
101206,1424,563.7881
101206,1425,571.8836
101206,1426,571.5171
101206,1427,574.9745
101206,1428,575.5684
101206,1431,575.3102
101206,1432,574.4246
101206,1433,578.2853
101206,1434,574.8627
101206,1435,569.4458
101206,1438,570.1139
101206,1439,571.3787
101206,1440,562.5503
101206,1441,562.7885
101206,1442,557.0193
101206,1445,560.3961
101206,1446,551.837
101206,1447,561.5755
101206,1448,560.1919
101206,1449,556.2218
101206,1452,555.1217
101206,1453,558.1396
101206,1454,562.8303
101206,1455,561.7601
101206,1456,554.9637
101206,1459,549.3452
101206,1460,551.0187
101206,1461,556.1244
101206,1462,561.922
101206,1463,563.046
101206,1466,568.1628
101206,1467,578.1245
101206,1468,584.527
101206,1469,589.6036
101206,1470,585.7266
101206,1473,591.0251
101206,1474,593.7403
101206,1475,597.4652
101206,1476,604.459
101206,1477,606.6864
101206,1480,606.4507
101206,1481,601.0655
101206,1482,599.8051
101206,1483,601.2422
101206,1484,603.0271
101206,1487,604.6373
101206,1488,610.0902
101206,1489,615.0813
101206,1490,615.0618
101206,1491,610.7981
101206,1494,613.1829
101206,1495,625.7744
101206,1496,627.8736
101206,1497,626.5603
101206,1498,629.853
101206,1501,633.4976
101206,1502,637.101
101206,1503,645.1945
101206,1504,647.7292
101206,1505,655.6831
101206,1508,657.3548
101206,1509,666.5258
101206,1510,674.0047
101206,1511,679.857
101206,1512,684.9585
101206,1515,699.3642
101206,1516,706.4005
101206,1517,701.4909
101206,1518,703.3766
101206,1519,702.0986
101206,1522,715.3677
101206,1523,723.6799
101206,1524,737.1454
101206,1525,732.599
101206,1526,740.1332
101206,1529,731.6572
101206,1530,721.8278
101206,1531,719.6764
101206,1532,729.7161
101206,1533,723.7292
101206,1536,723.9953
101206,1537,732.0036
101206,1538,737.8687
101206,1539,752.8204
101206,1540,753.2313
101206,1543,750.6905
101206,1544,743.863
101206,1545,741.8353
101206,1546,735.0293
101206,1547,723.8492
101206,1550,736.8722
101206,1551,737.5705
101206,1552,755.0108
101206,1553,749.8297
101206,1554,747.3849
101206,1557,742.6746
101206,1558,738.8707
101206,1559,744.9695
101206,1560,749.0859
101206,1561,755.2811
101206,1564,764.6694
101206,1565,772.5721
101206,1566,766.1264
101206,1567,762.9888
101206,1568,764.2009
101206,1571,790.1501
101206,1572,795.9614
101206,1573,797.1218
101206,1574,802.2828
101206,1575,798.4386
101206,1578,800.7015
101206,1579,807.888
101206,1580,808.0982
101206,1581,803.1386
101206,1582,803.0014
101206,1585,801.1546
101206,1586,792.0314
101206,1587,788.4557
101206,1588,779.2319
101206,1589,771.1763
101206,1592,763.8495
101206,1593,770.697
101206,1594,781.2884
101206,1595,771.1734
101206,1596,782.3992
101206,1599,775.0638
101206,1600,780.5884
101206,1601,782.7741
101206,1602,787.5822
101206,1603,779.9289
101206,1606,767.9581
101206,1607,762.9328
101206,1608,766.2056
101206,1609,779.946
101206,1610,773.2939
101207,3,38.5736
101207,4,38.1545
101207,5,38.1775
101207,6,37.0665
101207,7,37.9845
101207,10,38.032
101207,11,38.6191
101207,12,38.5117
101207,13,38.6612
101207,14,39.3891
101207,17,39.5053
101207,18,39.6444
101207,19,39.186
101207,20,38.8915
101207,21,38.3095
101207,24,37.8999
101207,25,38.6879
101207,26,39.8405
101207,27,39.0997
101207,28,39.3781
101207,31,39.2158
101207,32,40.1231
101207,33,40.2436
101207,34,40.274
101207,35,39.8391
101207,38,38.9235
101207,39,39.4272
101207,40,39.6816
101207,41,39.953
101207,42,39.6123
101207,45,39.556
101207,46,40.0868
101207,47,40.7472
101207,48,40.0329
101207,49,39.6702
101207,52,38.8452
101207,53,39.0026
101207,54,39.5841
101207,55,39.4451
101207,56,39.0696
101207,59,38.8978
101207,60,40.3718
101207,61,41.1727
101207,62,41.6858
101207,63,41.933
101207,66,41.9613
101207,67,41.4025
101207,68,40.7516
101207,69,40.424
101207,70,39.8561
101207,73,39.5109
101207,74,39.482
101207,75,39.5008
101207,76,39.1509
101207,77,39.4919
101207,80,39.4089
101207,81,39.5769
101207,82,39.1497
101207,83,39.6138
101207,84,39.3158
101207,87,40.3597
101207,88,40.2521
101207,89,40.2272
101207,90,40.6405
101207,91,41.1994
101207,94,41.8369
101207,95,43.0609
101207,96,43.5501
101207,97,43.5421
101207,98,43.2182
101207,101,43.1649
101207,102,44.2241
101207,103,43.3064
101207,104,42.7888
101207,105,42.6787
101207,108,42.1597
101207,109,41.9258
101207,110,43.1732
101207,111,43.0085
101207,112,43.326
101207,115,42.2461
101207,116,41.5553
101207,117,42.207
101207,118,43.3682
101207,119,43.5577
101207,122,43.3862
101207,123,43.7647
101207,124,42.0473
101207,125,42.2362
101207,126,41.5823
101207,129,42.1424
101207,130,40.7478
101207,131,40.3818
101207,132,40.391
101207,133,39.9441
101207,136,39.7433
101207,137,40.3487
101207,138,40.3683
101207,139,39.8158
101207,140,40.4451
101207,143,40.6408
101207,144,40.8641
101207,145,40.3289
101207,146,38.7767
101207,147,38.2607
101207,150,37.6911
101207,151,37.3614
101207,152,36.9015
101207,153,36.9994
101207,154,37.549
101207,157,38.2241
101207,158,38.7653
101207,159,38.2545
101207,160,38.3235
101207,161,39.3142
101207,164,38.3786
101207,165,39.2364
101207,166,38.6595
101207,167,38.8727
101207,168,39.1604
101207,171,39.312
101207,172,40.7517
101207,173,40.5945
101207,174,39.5943
101207,175,39.852
101207,178,39.7801
101207,179,40.1643
101207,180,40.7617
101207,181,40.7757
101207,182,41.0927
101207,185,41.2221
101207,186,42.4389
101207,187,42.2289
101207,188,41.8109
101207,189,42.4319
101207,192,41.852
101207,193,42.148
101207,194,42.0723
101207,195,42.042
101207,196,43.7252
101207,199,44.6223
101207,200,45.3856
101207,201,45.8064
101207,202,45.3498
101207,203,45.5767
101207,206,46.0375
101207,207,46.2223
101207,208,46.3318
101207,209,46.0829
101207,210,46.3222
101207,213,45.9805
101207,214,46.5333
101207,215,45.1187
101207,216,46.1348
101207,217,45.231
101207,220,44.516
101207,221,44.8427
101207,222,45.2651
101207,223,46.812
101207,224,47.072
101207,227,47.0831
101207,228,47.2664
101207,229,48.5076
101207,230,50.4395
101207,231,50.3369
101207,234,50.8133
101207,235,50.7982
101207,236,50.7671
101207,237,52.3375
101207,238,51.6251
101207,241,49.8052
101207,242,50.0985
101207,243,51.0997
101207,244,51.3218
101207,245,51.7745
101207,248,52.4373
101207,249,52.5749
101207,250,53.0839
101207,251,53.5836
101207,252,52.0015
101207,255,52.1403
101207,256,50.9091
101207,257,50.923
101207,258,50.5714
101207,259,51.4466
101207,262,51.6901
101207,263,52.1222
101207,264,52.0107
101207,265,52.9259
101207,266,51.6562
101207,269,50.9773
101207,270,52.0659
101207,271,51.7551
101207,272,50.079
101207,273,51.2826
101207,276,52.2054
101207,277,52.8393
101207,278,52.9641
101207,279,54.4151
101207,280,55.553
101207,283,56.9735
101207,284,57.6513
101207,285,57.8133
101207,286,57.5012
101207,287,56.4128
101207,290,56.9102
101207,291,57.4874
101207,292,57.2216
101207,293,57.8277
101207,294,57.5762
101207,297,58.4192
101207,298,57.6635
101207,299,56.7628
101207,300,56.5976
101207,301,57.3912
101207,304,56.4026
101207,305,57.3928
101207,306,55.976
101207,307,55.8076
101207,308,54.6271
101207,311,52.4731
101207,312,52.8229
101207,313,52.7212
101207,314,51.6189
101207,315,51.2454
101207,318,51.6483
101207,319,51.3945
101207,320,51.2787
101207,321,51.0025
101207,322,50.581
101207,325,50.1528
101207,326,49.7052
101207,327,49.162
101207,328,48.4229
101207,329,48.1762
101207,332,47.7348
101207,333,46.9769
101207,334,47.5886
101207,335,48.5638
101207,336,48.6061
101207,339,48.6995
101207,340,48.2133
101207,341,49.0732
101207,342,50.4791
101207,343,50.393
101207,346,50.0246
101207,347,50.3382
101207,348,50.4846
101207,349,50.1323
101207,350,50.5498
101207,353,51.347
101207,354,50.7597
101207,355,52.8792
101207,356,51.663
101207,357,51.0192
101207,360,51.2522
101207,361,53.1446
101207,362,52.7219
101207,363,51.8896
101207,364,52.3861
101207,367,52.227
101207,368,52.8232
101207,369,52.8104
101207,370,52.1478
101207,371,54.1602
101207,374,51.7432
101207,375,53.2944
101207,376,54.1307
101207,377,53.5456
101207,378,55.1962
101207,381,54.064
101207,382,54.9772
101207,383,53.2497
101207,384,52.3431
101207,385,51.4499
101207,388,50.8896
101207,389,50.9434
101207,390,50.3289
101207,391,48.783
101207,392,49.1833
101207,395,49.2642
101207,396,49.6258
101207,397,49.8038
101207,398,50.602
101207,399,50.5861
101207,402,51.4441
101207,403,50.8638
101207,404,50.3353
101207,405,51.4829
101207,406,52.6398
101207,409,53.164
101207,410,52.4706
101207,411,51.7206
101207,412,52.8598
101207,413,53.9771
101207,416,53.9701
101207,417,56.0467
101207,418,56.5025
101207,419,55.5743
101207,420,55.3819
101207,423,55.4351
101207,424,55.5591
101207,425,56.7131
101207,426,55.9142
101207,427,54.8017
101207,430,55.3724
101207,431,54.98
101207,432,57.1688
101207,433,58.0751
101207,434,57.6468
101207,437,58.8098
101207,438,59.5422
101207,439,60.1919
101207,440,60.1286
101207,441,60.5809
101207,444,58.6586
101207,445,59.9403
101207,446,56.8326
101207,447,56.4875
101207,448,55.1338
101207,451,54.7484
101207,452,54.7323
101207,453,53.7573
101207,454,51.5039
101207,455,51.7173
101207,458,53.4915
101207,459,53.2429
101207,460,54.1006
101207,461,55.446
101207,462,53.8585
101207,465,53.5188
101207,466,52.4995
101207,467,51.8824
101207,468,53.3384
101207,469,53.5734
101207,472,54.2904
101207,473,54.3003
101207,474,53.3214
101207,475,53.941
101207,476,55.0637
101207,479,55.3879
101207,480,55.8649
101207,481,54.8369
101207,482,55.4992
101207,483,56.7377
101207,486,57.1503
101207,487,55.6043
101207,488,57.105
101207,489,56.3108
101207,490,56.7052
101207,493,57.6129
101207,494,58.652
101207,495,57.0625
101207,496,57.2179
101207,497,57.3139
101207,500,58.6788
101207,501,59.1558
101207,502,60.5733
101207,503,61.1439
101207,504,61.1259
101207,507,61.3663
101207,508,62.9115
101207,509,61.6934
101207,510,62.6346
101207,511,62.0727
101207,514,61.3081
101207,515,62.3586
101207,516,61.5511
101207,517,61.9718
101207,518,61.5501
101207,521,59.3592
101207,522,59.8597
101207,523,60.0313
101207,524,58.3032
101207,525,57.7157
101207,528,56.1454
101207,529,56.8457
101207,530,58.1527
101207,531,58.9874
101207,532,59.9658
101207,535,59.5307
101207,536,60.0981
101207,537,60.142
101207,538,60.3704
101207,539,61.3411
101207,542,62.5419
101207,543,62.2134
101207,544,60.9026
101207,545,60.7761
101207,546,60.6195
101207,549,60.945
101207,550,61.8037
101207,551,60.0204
101207,552,59.4415
101207,553,58.5971
101207,556,59.8151
101207,557,59.6712
101207,558,59.2429
101207,559,59.7994
101207,560,59.2953
101207,563,59.3329
101207,564,61.1057
101207,565,62.904
101207,566,62.5563
101207,567,62.4314
101207,570,61.8797
101207,571,60.0835
101207,572,61.1254
101207,573,63.5567
101207,574,63.1695
101207,577,62.4167
101207,578,62.2033
101207,579,62.3411
101207,580,61.2896
101207,581,60.9018
101207,584,61.9371
101207,585,62.1157
101207,586,63.4263
101207,587,63.8474
101207,588,62.8166
101207,591,62.3037
101207,592,62.6026
101207,593,61.5593
101207,594,60.4098
101207,595,59.338
101207,598,59.8742
101207,599,59.5818
101207,600,60.7547
101207,601,59.9554
101207,602,57.7298
101207,605,57.6614
101207,606,59.2288
101207,607,59.3128
101207,608,58.0956
101207,609,56.6778
101207,612,57.8076
101207,613,57.1271
101207,614,58.5823
101207,615,59.2405
101207,616,58.578
101207,619,59.7168
101207,620,58.9056
101207,621,57.6284
101207,622,56.8968
101207,623,57.6401
101207,626,58.7336
101207,627,58.4195
101207,628,56.7752
101207,629,55.4485
101207,630,54.5716
101207,633,53.5175
101207,634,53.7886
101207,635,55.5041
101207,636,56.2532
101207,637,55.3108
101207,640,54.757
101207,641,54.3756
101207,642,54.7577
101207,643,56.1786
101207,644,55.8153
101207,647,57.2344
101207,648,59.2142
101207,649,58.9402
101207,650,58.6437
101207,651,58.3625
101207,654,58.471
101207,655,58.1929
101207,656,59.0604
101207,657,57.6876
101207,658,57.2539
101207,661,57.6018
101207,662,58.4475
101207,663,60.5563
101207,664,59.3912
101207,665,58.8358
101207,668,56.8225
101207,669,55.8867
101207,670,54.3987
101207,671,54.0011
101207,672,53.8542
101207,675,54.3012
101207,676,54.0937
101207,677,54.5431
101207,678,54.6889
101207,679,53.8531
101207,682,52.4876
101207,683,53.0186
101207,684,54.4589
101207,685,56.7268
101207,686,57.619
101207,689,59.0083
101207,690,59.4906
101207,691,59.8265
101207,692,59.9835
101207,693,59.9359
101207,696,60.5645
101207,697,60.1225
101207,698,60.0354
101207,699,58.9834
101207,700,59.4782
101207,703,58.6377
101207,704,58.7201
101207,705,59.2365
101207,706,59.8378
101207,707,60.6222
101207,710,60.4716
101207,711,60.9895
101207,712,60.5768
101207,713,58.7767
101207,714,59.3214
101207,717,59.653
101207,718,60.6656
101207,719,60.6944
101207,720,59.2329
101207,721,59.1991
101207,724,60.0839
101207,725,60.5889
101207,726,60.5018
101207,727,58.9888
101207,728,58.094
101207,731,58.5834
101207,732,57.1169
101207,733,56.881
101207,734,56.9652
101207,735,58.0569
101207,738,58.6726
101207,739,59.6211
101207,740,59.9575
101207,741,59.2162
101207,742,58.6979
101207,745,57.8925
101207,746,58.4847
101207,747,57.8996
101207,748,57.5917
101207,749,57.6624
101207,752,59.224
101207,753,59.8924
101207,754,59.2195
101207,755,59.4131
101207,756,61.0317
101207,759,61.6797
101207,760,60.1991
101207,761,59.3895
101207,762,58.52
101207,763,59.9152
101207,766,61.1658
101207,767,60.6196
101207,768,60.0579
101207,769,60.1526
101207,770,60.276
101207,773,59.4213
101207,774,59.2403
101207,775,57.9501
101207,776,59.1746
101207,777,57.607
101207,780,56.071
101207,781,56.5058
101207,782,55.4642
101207,783,55.0764
101207,784,55.1793
101207,787,55.818
101207,788,55.6726
101207,789,57.3046
101207,790,57.3542
101207,791,58.491
101207,794,58.7994
101207,795,60.8595
101207,796,61.9365
101207,797,62.033
101207,798,62.7051
101207,801,62.5026
101207,802,62.2909
101207,803,61.0786
101207,804,60.3587
101207,805,62.4044
101207,808,61.2857
101207,809,60.7093
101207,810,60.6727
101207,811,60.668
101207,812,61.089
101207,815,60.6923
101207,816,61.1729
101207,817,62.3378
101207,818,63.6493
101207,819,63.4371
101207,822,64.1067
101207,823,63.015
101207,824,62.3572
101207,825,61.2686
101207,826,61.278
101207,829,60.5072
101207,830,59.1269
101207,831,58.8199
101207,832,57.2903
101207,833,58.5514
101207,836,58.0903
101207,837,59.0502
101207,838,58.6456
101207,839,57.6026
101207,840,58.7301
101207,843,58.8636
101207,844,60.692
101207,845,60.3003
101207,846,59.9316
101207,847,60.9407
101207,850,61.9735
101207,851,62.1777
101207,852,65.5882
101207,853,65.356
101207,854,64.1183
101207,857,63.1691
101207,858,62.9513
101207,859,64.5314
101207,860,64.3985
101207,861,66.0642
101207,864,66.5758
101207,865,67.7806
101207,866,68.2547
101207,867,68.7236
101207,868,69.6038
101207,871,69.0456
101207,872,68.5038
101207,873,68.9421
101207,874,71.1442
101207,875,69.4994
101207,878,67.3723
101207,879,67.1516
101207,880,68.3103
101207,881,68.4253
101207,882,67.2354
101207,885,67.378
101207,886,65.6213
101207,887,66.3324
101207,888,66.0679
101207,889,66.0402
101207,892,66.5441
101207,893,66.8183
101207,894,66.309
101207,895,67.4561
101207,896,68.3677
101207,899,66.5418
101207,900,66.3589
101207,901,65.2965
101207,902,64.0613
101207,903,64.6599
101207,906,64.2905
101207,907,64.2021
101207,908,63.5841
101207,909,64.0117
101207,910,64.7557
101207,913,67.0657
101207,914,66.9333
101207,915,65.4809
101207,916,65.0201
101207,917,65.9508
101207,920,65.2101
101207,921,63.7613
101207,922,63.0658
101207,923,62.5929
101207,924,61.5885
101207,927,61.8537
101207,928,61.8308
101207,929,62.6592
101207,930,62.2751
101207,931,62.8797
101207,934,62.4486
101207,935,61.4011
101207,936,60.9314
101207,937,59.4501
101207,938,61.2015
101207,941,61.3926
101207,942,60.6813
101207,943,60.3741
101207,944,58.1393
101207,945,59.5195
101207,948,60.8387
101207,949,60.9951
101207,950,61.3562
101207,951,60.196
101207,952,59.1254
101207,955,57.6162
101207,956,57.5204
101207,957,58.5407
101207,958,58.2393
101207,959,58.6102
101207,962,59.5727
101207,963,58.119
101207,964,59.8853
101207,965,61.04
101207,966,61.5898
101207,969,62.5472
101207,970,63.5666
101207,971,63.916
101207,972,65.4271
101207,973,65.0191
101207,976,65.5509
101207,977,66.988
101207,978,64.2643
101207,979,64.7656
101207,980,65.5661
101207,983,63.8813
101207,984,64.2215
101207,985,63.4791
101207,986,63.9328
101207,987,63.893
101207,990,63.0028
101207,991,64.1695
101207,992,63.8038
101207,993,64.1316
101207,994,65.5298
101207,997,64.6469
101207,998,64.7116
101207,999,64.2649
101207,1000,64.0459
101207,1001,66.3158
101207,1004,66.8529
101207,1005,67.2425
101207,1006,67.859
101207,1007,68.3801
101207,1008,66.4999
101207,1011,69.0095
101207,1012,67.4951
101207,1013,69.4227
101207,1014,70.1629
101207,1015,70.4244
101207,1018,70.1477
101207,1019,73.1493
101207,1020,73.9135
101207,1021,73.9987
101207,1022,73.4416
101207,1025,72.7512
101207,1026,72.8728
101207,1027,71.8754
101207,1028,72.7123
101207,1029,72.0395
101207,1032,73.2527
101207,1033,74.46
101207,1034,74.46
101207,1035,75.2092
101207,1036,76.0259
101207,1039,74.36
101207,1040,76.4825
101207,1041,76.2416
101207,1042,77.1487
101207,1043,78.1011
101207,1046,75.1639
101207,1047,74.4552
101207,1048,75.513
101207,1049,75.6531
101207,1050,76.5453
101207,1053,76.7236
101207,1054,78.2919
101207,1055,78.5011
101207,1056,80.3517
101207,1057,79.1901
101207,1060,79.1001
101207,1061,78.4328
101207,1062,78.9833
101207,1063,78.7061
101207,1064,78.4906
101207,1067,77.6921
101207,1068,77.1977
101207,1069,77.2527
101207,1070,74.8975
101207,1071,72.2943
101207,1074,72.4248
101207,1075,69.3948
101207,1076,69.2445
101207,1077,68.8945
101207,1078,69.5458
101207,1081,68.8738
101207,1082,70.659
101207,1083,71.6717
101207,1084,70.046
101207,1085,69.794
101207,1088,71.5554
101207,1089,70.8353
101207,1090,70.8382
101207,1091,72.4853
101207,1092,71.9336
101207,1095,73.281
101207,1096,72.3014
101207,1097,69.1474
101207,1098,70.5599
101207,1099,71.1111
101207,1102,71.7411
101207,1103,70.5784
101207,1104,69.5216
101207,1105,70.8545
101207,1106,71.1885
101207,1109,71.119
101207,1110,71.4292
101207,1111,73.2104
101207,1112,74.1142
101207,1113,73.6265
101207,1116,72.0799
101207,1117,72.8141
101207,1118,71.8249
101207,1119,70.5614
101207,1120,72.1017
101207,1123,73.163
101207,1124,73.673
101207,1125,72.3132
101207,1126,74.4448
101207,1127,75.727
101207,1130,75.4314
101207,1131,74.8871
101207,1132,75.0452
101207,1133,74.5469
101207,1134,77.2568
101207,1137,76.8563
101207,1138,75.6405
101207,1139,77.6243
101207,1140,76.9989
101207,1141,78.0266
101207,1144,78.9298
101207,1145,78.9259
101207,1146,77.7936
101207,1147,77.8025
101207,1148,76.449
101207,1151,76.4872
101207,1152,77.4913
101207,1153,79.6858
101207,1154,78.4007
101207,1155,78.1603
101207,1158,77.5846
101207,1159,77.9879
101207,1160,76.2075
101207,1161,75.1667
101207,1162,73.2541
101207,1165,71.676
101207,1166,70.9963
101207,1167,72.953
101207,1168,73.4175
101207,1169,73.5569
101207,1172,75.1994
101207,1173,75.7212
101207,1174,76.3594
101207,1175,75.8589
101207,1176,75.1669
101207,1179,73.6951
101207,1180,73.0645
101207,1181,72.806
101207,1182,73.2662
101207,1183,73.2878
101207,1186,72.9313
101207,1187,71.9544
101207,1188,72.4714
101207,1189,71.9683
101207,1190,72.4336
101207,1193,70.345
101207,1194,70.7805
101207,1195,71.6805
101207,1196,72.4465
101207,1197,72.2855
101207,1200,73.3991
101207,1201,72.0051
101207,1202,71.9669
101207,1203,71.8107
101207,1204,73.0561
101207,1207,70.8299
101207,1208,69.7202
101207,1209,71.7279
101207,1210,69.0945
101207,1211,70.0475
101207,1214,69.3397
101207,1215,69.6792
101207,1216,71.3102
101207,1217,71.7029
101207,1218,73.4052
101207,1221,72.9019
101207,1222,72.5529
101207,1223,73.5217
101207,1224,73.0784
101207,1225,73.8335
101207,1228,75.2886
101207,1229,76.3919
101207,1230,74.5809
101207,1231,74.2458
101207,1232,74.6412
101207,1235,74.42
101207,1236,74.5782
101207,1237,74.991
101207,1238,74.4366
101207,1239,74.275
101207,1242,72.97
101207,1243,72.4862
101207,1244,70.826
101207,1245,71.018
101207,1246,70.8641
101207,1249,69.9104
101207,1250,71.9666
101207,1251,71.7516
101207,1252,72.1391
101207,1253,71.4796
101207,1256,71.0767
101207,1257,71.5032
101207,1258,71.1921
101207,1259,71.258
101207,1260,72.2323
101207,1263,71.7079
101207,1264,70.2805
101207,1265,68.6713
101207,1266,70.3061
101207,1267,71.4069
101207,1270,72.2113
101207,1271,71.7797
101207,1272,70.3499
101207,1273,70.099
101207,1274,70.0571
101207,1277,68.8798
101207,1278,67.3627
101207,1279,65.6091
101207,1280,66.3498
101207,1281,65.159
101207,1284,65.5345
101207,1285,65.1821
101207,1286,65.8477
101207,1287,66.2547
101207,1288,66.0708
101207,1291,66.2645
101207,1292,66.2072
101207,1293,65.626
101207,1294,66.705
101207,1295,66.3199
101207,1298,66.2871
101207,1299,64.8827
101207,1300,65.2203
101207,1301,64.6526
101207,1302,64.2249
101207,1305,63.4367
101207,1306,63.3682
101207,1307,61.4508
101207,1308,62.1689
101207,1309,62.1854
101207,1312,61.7833
101207,1313,60.3478
101207,1314,60.8138
101207,1315,60.2619
101207,1316,61.568
101207,1319,62.0956
101207,1320,63.6702
101207,1321,63.8634
101207,1322,65.0134
101207,1323,65.5461
101207,1326,65.1391
101207,1327,65.3885
101207,1328,64.5917
101207,1329,66.789
101207,1330,66.7412
101207,1333,66.8271
101207,1334,67.2975
101207,1335,66.2131
101207,1336,67.6645
101207,1337,66.6388
101207,1340,65.3954
101207,1341,65.281
101207,1342,64.0349
101207,1343,65.6869
101207,1344,65.5058
101207,1347,62.32
101207,1348,62.5712
101207,1349,63.1741
101207,1350,62.8111
101207,1351,61.5378
101207,1354,61.4914
101207,1355,61.08
101207,1356,60.2012
101207,1357,59.2528
101207,1358,59.4506
101207,1361,60.3548
101207,1362,60.8482
101207,1363,59.2663
101207,1364,59.8959
101207,1365,60.6819
101207,1368,62.0827
101207,1369,61.2143
101207,1370,61.2132
101207,1371,61.8167
101207,1372,61.3588
101207,1375,61.9485
101207,1376,61.9791
101207,1377,61.2118
101207,1378,60.5352
101207,1379,61.7919
101207,1382,60.8829
101207,1383,59.8255
101207,1384,60.2034
101207,1385,60.2269
101207,1386,59.0472
101207,1389,58.6173
101207,1390,57.9187
101207,1391,57.3864
101207,1392,59.7665
101207,1393,59.5343
101207,1396,58.765
101207,1397,60.7192
101207,1398,61.6284
101207,1399,62.3903
101207,1400,61.6309
101207,1403,62.8531
101207,1404,63.7219
101207,1405,63.9255
101207,1406,62.2751
101207,1407,62.3099
101207,1410,64.0868
101207,1411,64.3657
101207,1412,64.0411
101207,1413,63.8669
101207,1414,63.7625
101207,1417,63.0196
101207,1418,63.0337
101207,1419,64.5386
101207,1420,65.9617
101207,1421,65.2396
101207,1424,66.6219
101207,1425,67.4842
101207,1426,68.2202
101207,1427,68.7458
101207,1428,67.805
101207,1431,67.4322
101207,1432,68.3822
101207,1433,67.1534
101207,1434,66.1193
101207,1435,66.497
101207,1438,65.7326
101207,1439,66.6492
101207,1440,65.9198
101207,1441,66.2318
101207,1442,66.633
101207,1445,66.1868
101207,1446,65.9951
101207,1447,65.3491
101207,1448,65.387
101207,1449,64.4604
101207,1452,64.29
101207,1453,65.1092
101207,1454,64.0098
101207,1455,63.5762
101207,1456,64.1532
101207,1459,62.1423
101207,1460,64.0409
101207,1461,65.1607
101207,1462,63.6566
101207,1463,61.6355
101207,1466,61.7181
101207,1467,60.6918
101207,1468,61.6716
101207,1469,62.1097
101207,1470,62.2848
101207,1473,61.7819
101207,1474,63.4137
101207,1475,64.2267
101207,1476,64.8964
101207,1477,66.1923
101207,1480,65.1955
101207,1481,66.5862
101207,1482,66.3672
101207,1483,66.7762
101207,1484,66.6701
101207,1487,64.7838
101207,1488,65.8254
101207,1489,64.0168
101207,1490,63.1048
101207,1491,62.7111
101207,1494,60.8642
101207,1495,59.8706
101207,1496,60.1543
101207,1497,59.8791
101207,1498,59.6826
101207,1501,58.8801
101207,1502,58.9744
101207,1503,58.7244
101207,1504,57.2762
101207,1505,57.1451
101207,1508,56.0872
101207,1509,56.9355
101207,1510,56.6349
101207,1511,58.9807
101207,1512,59.9379
101207,1515,59.8674
101207,1516,60.469
101207,1517,58.5624
101207,1518,59.5086
101207,1519,58.7961
101207,1522,58.9307
101207,1523,58.3101
101207,1524,57.7928
101207,1525,57.6785
101207,1526,57.7988
101207,1529,57.8247
101207,1530,57.8734
101207,1531,56.4598
101207,1532,58.6231
101207,1533,58.889
101207,1536,59.348
101207,1537,59.0827
101207,1538,58.3258
101207,1539,58.5157
101207,1540,58.8343
101207,1543,60.1054
101207,1544,62.1587
101207,1545,63.6771
101207,1546,61.9841
101207,1547,61.5901
101207,1550,61.9707
101207,1551,61.6351
101207,1552,61.6463
101207,1553,59.6506
101207,1554,60.5685
101207,1557,58.8571
101207,1558,57.4676
101207,1559,56.606
101207,1560,56.5684
101207,1561,55.1893
101207,1564,54.3227
101207,1565,55.3629
101207,1566,55.3133
101207,1567,55.7409
101207,1568,54.7139
101207,1571,54.7153
101207,1572,54.646
101207,1573,54.013
101207,1574,54.0167
101207,1575,52.4766
101207,1578,52.8865
101207,1579,52.6007
101207,1580,52.4339
101207,1581,53.1884
101207,1582,53.5983
101207,1585,53.3768
101207,1586,52.4922
101207,1587,53.649
101207,1588,52.5744
101207,1589,53.1445
101207,1592,51.8695
101207,1593,52.6707
101207,1594,53.5624
101207,1595,52.0185
101207,1596,52.4337
101207,1599,52.7833
101207,1600,53.4175
101207,1601,53.7726
101207,1602,53.0101
101207,1603,52.8752
101207,1606,54.3271
101207,1607,53.4341
101207,1608,53.7534
101207,1609,54.7847
101207,1610,53.9836
101208,3,310.7415
101208,4,310.6977
101208,5,310.8165
101208,6,310.7719
101208,7,310.8388
101208,10,311.0533
101208,11,311.1286
101208,12,311.1326
101208,13,311.2251
101208,14,311.2987
101208,17,311.4234
101208,18,311.6626
101208,19,311.782
101208,20,312.0623
101208,21,312.1875
101208,24,312.1926
101208,25,312.4983
101208,26,312.5666
101208,27,312.5434
101208,28,312.8529
101208,31,312.8614
101208,32,312.866
101208,33,312.8923
101208,34,312.9893
101208,35,313.1618
101208,38,312.9814
101208,39,313.1535
101208,40,313.1796
101208,41,313.2196
101208,42,313.4697
101208,45,313.5716
101208,46,313.6968
101208,47,313.7729
101208,48,313.9293
101208,49,314.1704
101208,52,314.0065
101208,53,314.1949
101208,54,314.4291
101208,55,314.5599
101208,56,314.5739
101208,59,314.5408
101208,60,314.8561
101208,61,314.8476
101208,62,315.0794
101208,63,315.1994
101208,66,315.484
101208,67,315.5337
101208,68,315.4554
101208,69,315.537
101208,70,315.4706
101208,73,315.8182
101208,74,315.9623
101208,75,316.1213
101208,76,316.2804
101208,77,316.2929
101208,80,316.3613
101208,81,316.4539
101208,82,316.7294
101208,83,316.6957
101208,84,316.7047
101208,87,316.7502
101208,88,316.7647
101208,89,316.7008
101208,90,316.5128
101208,91,316.4123
101208,94,316.6035
101208,95,316.6844
101208,96,316.8494
101208,97,316.873
101208,98,316.945
101208,101,317.1879
101208,102,317.4249
101208,103,317.601
101208,104,317.7032
101208,105,317.837
101208,108,317.9561
101208,109,318.0214
101208,110,318.0629
101208,111,318.2575
101208,112,318.2097
101208,115,318.4409
101208,116,318.4954
101208,117,318.4458
101208,118,318.4732
101208,119,318.4676
101208,122,318.492
101208,123,318.5146
101208,124,318.5332
101208,125,318.5844
101208,126,318.6601
101208,129,318.819
101208,130,318.8767
101208,131,318.9917
101208,132,319.0747
101208,133,319.2114
101208,136,319.2984
101208,137,319.3157
101208,138,319.3057
101208,139,319.4093
101208,140,319.6198
101208,143,319.6792
101208,144,319.6911
101208,145,319.7478
101208,146,319.7737
101208,147,319.789
101208,150,319.7261
101208,151,319.784
101208,152,319.8902
101208,153,319.8637
101208,154,319.8577
101208,157,319.8447
101208,158,319.7875
101208,159,319.7738
101208,160,319.8363
101208,161,319.7836
101208,164,319.8523
101208,165,319.8639
101208,166,319.8528
101208,167,319.9733
101208,168,319.9914
101208,171,320.0265
101208,172,320.24
101208,173,320.2298
101208,174,320.4704
101208,175,320.518
101208,178,320.4859
101208,179,320.5127
101208,180,320.6023
101208,181,320.8118
101208,182,320.9753
101208,185,321.0645
101208,186,321.2748
101208,187,321.1674
101208,188,321.2755
101208,189,321.3897
101208,192,321.5052
101208,193,321.4251
101208,194,321.4051
101208,195,321.4711
101208,196,321.667
101208,199,321.9441
101208,200,321.9598
101208,201,321.91
101208,202,322.0758
101208,203,322.4243
101208,206,322.6199
101208,207,322.6271
101208,208,323.0012
101208,209,323.1545
101208,210,323.1573
101208,213,323.4377
101208,214,323.4325
101208,215,323.4526
101208,216,323.6101
101208,217,323.6911
101208,220,323.7783
101208,221,323.8658
101208,222,324.0631
101208,223,323.9095
101208,224,324.0221
101208,227,324.076
101208,228,324.0828
101208,229,324.0893
101208,230,323.9038
101208,231,323.9059
101208,234,324.1211
101208,235,324.2897
101208,236,324.3538
101208,237,324.2933
101208,238,324.461
101208,241,324.6786
101208,242,324.8681
101208,243,324.8528
101208,244,324.8481
101208,245,325.1014
101208,248,325.0615
101208,249,325.1943
101208,250,325.0961
101208,251,325.1492
101208,252,325.293
101208,255,325.3739
101208,256,325.5115
101208,257,325.4698
101208,258,325.4697
101208,259,325.603
101208,262,325.7585
101208,263,325.8651
101208,264,326.0464
101208,265,325.9604
101208,266,325.9966
101208,269,326.2679
101208,270,326.484
101208,271,326.6334
101208,272,326.7017
101208,273,326.8925
101208,276,327.0211
101208,277,326.9491
101208,278,327.136
101208,279,327.1312
101208,280,327.2939
101208,283,327.2117
101208,284,327.461
101208,285,327.5171
101208,286,327.4872
101208,287,327.5006
101208,290,327.5504
101208,291,327.6343
101208,292,327.8549
101208,293,327.9467
101208,294,327.8071
101208,297,327.7647
101208,298,328.1341
101208,299,328.2327
101208,300,328.4157
101208,301,328.4686
101208,304,328.4494
101208,305,328.4843
101208,306,328.5823
101208,307,328.6194
101208,308,328.9029
101208,311,328.9239
101208,312,328.8994
101208,313,329.0681
101208,314,329.2496
101208,315,329.3377
101208,318,329.3602
101208,319,329.248
101208,320,329.4596
101208,321,329.6347
101208,322,329.6741
101208,325,329.7653
101208,326,329.8268
101208,327,330.0812
101208,328,330.0584
101208,329,330.0791
101208,332,330.0897
101208,333,330.2071
101208,334,330.2982
101208,335,330.4042
101208,336,330.3978
101208,339,330.6376
101208,340,330.6756
101208,341,330.8847
101208,342,331.2974
101208,343,331.2917
101208,346,331.4129
101208,347,331.4847
101208,348,331.7824
101208,349,331.8386
101208,350,331.9502
101208,353,332.0596
101208,354,332.1347
101208,355,332.2995
101208,356,332.395
101208,357,332.5312
101208,360,332.6394
101208,361,332.6618
101208,362,332.7195
101208,363,332.8635
101208,364,333.0072
101208,367,333.2238
101208,368,333.505
101208,369,333.5363
101208,370,333.6365
101208,371,333.7022
101208,374,333.6719
101208,375,333.8173
101208,376,333.9853
101208,377,333.9581
101208,378,334.0049
101208,381,334.0414
101208,382,333.9688
101208,383,334.0511
101208,384,334.0168
101208,385,334.1197
101208,388,334.2342
101208,389,334.3618
101208,390,334.4946
101208,391,334.7423
101208,392,334.7433
101208,395,334.7497
101208,396,334.9052
101208,397,334.9776
101208,398,335.1828
101208,399,335.3286
101208,402,335.6178
101208,403,335.6947
101208,404,335.6246
101208,405,335.7472
101208,406,335.8263
101208,409,335.9695
101208,410,336.1263
101208,411,336.1564
101208,412,336.1363
101208,413,336.2075
101208,416,336.0421
101208,417,336.1374
101208,418,336.1809
101208,419,336.3589
101208,420,336.2353
101208,423,336.3227
101208,424,336.5765
101208,425,336.735
101208,426,336.9259
101208,427,337.0489
101208,430,336.9595
101208,431,337.0641
101208,432,337.1944
101208,433,337.1669
101208,434,337.2404
101208,437,337.0193
101208,438,337.0708
101208,439,337.1114
101208,440,337.3473
101208,441,337.3702
101208,444,337.429
101208,445,337.5076
101208,446,337.5319
101208,447,337.6955
101208,448,337.5707
101208,451,337.7787
101208,452,337.8646
101208,453,338.0903
101208,454,337.885
101208,455,337.713
101208,458,337.769
101208,459,337.91
101208,460,337.9381
101208,461,338.0874
101208,462,338.2792
101208,465,338.4374
101208,466,338.5358
101208,467,338.6333
101208,468,338.6551
101208,469,338.7365
101208,472,338.7146
101208,473,338.7183
101208,474,338.8605
101208,475,338.8985
101208,476,338.9072
101208,479,339.0426
101208,480,339.1707
101208,481,339.2351
101208,482,339.3067
101208,483,339.4387
101208,486,339.6299
101208,487,339.7391
101208,488,339.6991
101208,489,339.7631
101208,490,339.8072
101208,493,339.7821
101208,494,339.9231
101208,495,340.0723
101208,496,340.2379
101208,497,340.2194
101208,500,340.3241
101208,501,340.4112
101208,502,340.532
101208,503,340.6337
101208,504,340.7203
101208,507,340.7939
101208,508,341.0007
101208,509,340.9961
101208,510,341.0655
101208,511,341.2697
101208,514,341.2705
101208,515,341.2768
101208,516,341.4438
101208,517,341.3787
101208,518,341.5379
101208,521,341.5733
101208,522,341.7055
101208,523,341.6623
101208,524,341.878
101208,525,341.8351
101208,528,342.0014
101208,529,341.963
101208,530,342.2461
101208,531,342.3267
101208,532,342.6254
101208,535,342.6254
101208,536,342.666
101208,537,342.8852
101208,538,342.8196
101208,539,342.8325
101208,542,342.9744
101208,543,342.9528
101208,544,343.0977
101208,545,343.2046
101208,546,343.1295
101208,549,343.3227
101208,550,343.2747
101208,551,343.4467
101208,552,343.5492
101208,553,343.5886
101208,556,343.5576
101208,557,343.6819
101208,558,343.6761
101208,559,343.8955
101208,560,344.1191
101208,563,344.3859
101208,564,344.5053
101208,565,344.5503
101208,566,344.6069
101208,567,344.6556
101208,570,344.7715
101208,571,344.9078
101208,572,345.1307
101208,573,345.2219
101208,574,345.1584
101208,577,345.2031
101208,578,345.4614
101208,579,345.3812
101208,580,345.5507
101208,581,345.5973
101208,584,345.5903
101208,585,345.7225
101208,586,345.9818
101208,587,346.1081
101208,588,346.1688
101208,591,346.1168
101208,592,346.1953
101208,593,346.1393
101208,594,346.1948
101208,595,346.2772
101208,598,346.1091
101208,599,346.3498
101208,600,346.3041
101208,601,346.3731
101208,602,346.5207
101208,605,346.753
101208,606,346.7559
101208,607,346.5714
101208,608,346.7786
101208,609,346.7316
101208,612,346.8603
101208,613,346.9958
101208,614,346.73
101208,615,346.6431
101208,616,346.6822
101208,619,346.4895
101208,620,346.4328
101208,621,346.5356
101208,622,346.6154
101208,623,346.7378
101208,626,346.8764
101208,627,346.7821
101208,628,346.7312
101208,629,346.9038
101208,630,347.16
101208,633,347.1437
101208,634,347.2616
101208,635,347.4395
101208,636,347.5551
101208,637,347.6175
101208,640,347.6371
101208,641,347.9442
101208,642,348.0445
101208,643,348.177
101208,644,348.3024
101208,647,348.3031
101208,648,348.3985
101208,649,348.453
101208,650,348.5056
101208,651,348.6303
101208,654,348.6197
101208,655,348.5773
101208,656,348.7224
101208,657,348.754
101208,658,348.8061
101208,661,348.6841
101208,662,348.8799
101208,663,349.0275
101208,664,349.1954
101208,665,349.3281
101208,668,349.2514
101208,669,349.3667
101208,670,349.3898
101208,671,349.374
101208,672,349.5191
101208,675,349.792
101208,676,350.0468
101208,677,350.2058
101208,678,350.2928
101208,679,350.3593
101208,682,350.3499
101208,683,350.4105
101208,684,350.6012
101208,685,350.8931
101208,686,350.8934
101208,689,350.7634
101208,690,350.7952
101208,691,350.9856
101208,692,351.3054
101208,693,351.5411
101208,696,351.7741
101208,697,351.7707
101208,698,351.7705
101208,699,351.7145
101208,700,351.7315
101208,703,351.9236
101208,704,352.1945
101208,705,352.3237
101208,706,352.3863
101208,707,352.3588
101208,710,352.4372
101208,711,352.5507
101208,712,352.4791
101208,713,352.6724
101208,714,352.7163
101208,717,352.903
101208,718,352.9928
101208,719,353.117
101208,720,353.13
101208,721,353.1827
101208,724,353.3453
101208,725,353.4218
101208,726,353.39
101208,727,353.4935
101208,728,353.6277
101208,731,353.8719
101208,732,354.0917
101208,733,354.1758
101208,734,354.2061
101208,735,354.272
101208,738,354.305
101208,739,354.4529
101208,740,354.6607
101208,741,354.8907
101208,742,354.9362
101208,745,354.9705
101208,746,355.0151
101208,747,354.8906
101208,748,354.8477
101208,749,354.9354
101208,752,355.0694
101208,753,355.2159
101208,754,355.2202
101208,755,355.2569
101208,756,355.3184
101208,759,355.3674
101208,760,355.5361
101208,761,355.4813
101208,762,355.4443
101208,763,355.5026
101208,766,355.4414
101208,767,355.3203
101208,768,355.2448
101208,769,355.3093
101208,770,355.4716
101208,773,355.6362
101208,774,355.9059
101208,775,356.0091
101208,776,356.1275
101208,777,356.1912
101208,780,356.2605
101208,781,356.586
101208,782,356.7073
101208,783,356.8385
101208,784,356.8018
101208,787,356.94
101208,788,357.1061
101208,789,357.3232
101208,790,357.4863
101208,791,357.5643
101208,794,357.6374
101208,795,357.7215
101208,796,357.8259
101208,797,358.0612
101208,798,358.2745
101208,801,358.452
101208,802,358.7737
101208,803,358.5661
101208,804,358.6066
101208,805,358.6979
101208,808,358.7144
101208,809,358.7019
101208,810,358.6005
101208,811,358.6578
101208,812,358.8514
101208,815,359.0314
101208,816,359.039
101208,817,359.1565
101208,818,359.4028
101208,819,359.3235
101208,822,359.3982
101208,823,359.5233
101208,824,359.6172
101208,825,359.8064
101208,826,359.7294
101208,829,359.7083
101208,830,359.8784
101208,831,359.7782
101208,832,359.9631
101208,833,360.107
101208,836,360.284
101208,837,360.3237
101208,838,360.4746
101208,839,360.4344
101208,840,360.4803
101208,843,360.5775
101208,844,360.5684
101208,845,360.6862
101208,846,360.6492
101208,847,360.7728
101208,850,361.0639
101208,851,361.0141
101208,852,361.1047
101208,853,361.0138
101208,854,361.0122
101208,857,361.1852
101208,858,361.2294
101208,859,361.4071
101208,860,361.5408
101208,861,361.6267
101208,864,361.6028
101208,865,361.7742
101208,866,361.9022
101208,867,361.8213
101208,868,361.8047
101208,871,361.5826
101208,872,361.5203
101208,873,361.5779
101208,874,361.5509
101208,875,361.5495
101208,878,361.8012
101208,879,362.0118
101208,880,362.0259
101208,881,362.2099
101208,882,362.442
101208,885,362.6061
101208,886,362.7338
101208,887,362.9529
101208,888,363.1345
101208,889,363.0895
101208,892,363.1615
101208,893,363.192
101208,894,363.4176
101208,895,363.4449
101208,896,363.4526
101208,899,363.6639
101208,900,363.7875
101208,901,364.1234
101208,902,364.1185
101208,903,364.1529
101208,906,364.3756
101208,907,364.3228
101208,908,364.5682
101208,909,364.5236
101208,910,364.6878
101208,913,364.5701
101208,914,364.6694
101208,915,364.6061
101208,916,364.9215
101208,917,364.8925
101208,920,364.8913
101208,921,365.047
101208,922,365.0721
101208,923,365.2468
101208,924,365.2592
101208,927,365.2628
101208,928,365.3538
101208,929,365.308
101208,930,365.4479
101208,931,365.6432
101208,934,365.8012
101208,935,365.9697
101208,936,365.8423
101208,937,365.8834
101208,938,365.9517
101208,941,366.2138
101208,942,366.2412
101208,943,366.0702
101208,944,366.0489
101208,945,366.067
101208,948,365.9128
101208,949,366.1189
101208,950,366.0324
101208,951,366.1782
101208,952,366.1467
101208,955,366.415
101208,956,366.4777
101208,957,366.5169
101208,958,366.6725
101208,959,366.6507
101208,962,366.8118
101208,963,366.8508
101208,964,366.8767
101208,965,366.9612
101208,966,366.9299
101208,969,367.0025
101208,970,367.1364
101208,971,366.9642
101208,972,367.185
101208,973,367.3742
101208,976,367.2544
101208,977,367.1166
101208,978,367.3086
101208,979,367.4919
101208,980,367.6588
101208,983,367.5884
101208,984,367.8951
101208,985,367.9025
101208,986,368.0252
101208,987,368.1493
101208,990,368.4291
101208,991,368.5386
101208,992,368.682
101208,993,368.7681
101208,994,368.7243
101208,997,368.5501
101208,998,368.649
101208,999,368.5801
101208,1000,368.7159
101208,1001,368.8283
101208,1004,368.9379
101208,1005,368.9107
101208,1006,369.1263
101208,1007,369.2768
101208,1008,369.2346
101208,1011,369.5705
101208,1012,369.6413
101208,1013,369.5813
101208,1014,369.5884
101208,1015,369.5081
101208,1018,369.7617
101208,1019,369.983
101208,1020,370.1646
101208,1021,370.3244
101208,1022,370.5656
101208,1025,370.6329
101208,1026,370.7779
101208,1027,370.7787
101208,1028,370.8564
101208,1029,371.0047
101208,1032,370.7405
101208,1033,370.7637
101208,1034,370.8786
101208,1035,370.9652
101208,1036,371.0081
101208,1039,371.1727
101208,1040,371.1857
101208,1041,371.1385
101208,1042,371.3727
101208,1043,371.5905
101208,1046,371.6163
101208,1047,371.7041
101208,1048,371.8991
101208,1049,372.0002
101208,1050,372.1583
101208,1053,372.31
101208,1054,372.3687
101208,1055,372.5252
101208,1056,372.5081
101208,1057,372.6505
101208,1060,372.7379
101208,1061,372.7917
101208,1062,372.7415
101208,1063,372.8531
101208,1064,372.9538
101208,1067,372.9514
101208,1068,372.86
101208,1069,372.7631
101208,1070,372.8294
101208,1071,372.9616
101208,1074,373.2752
101208,1075,373.3662
101208,1076,373.2714
101208,1077,373.3433
101208,1078,373.5869
101208,1081,373.6029
101208,1082,373.8309
101208,1083,373.9481
101208,1084,374.1208
101208,1085,374.4364
101208,1088,374.3164
101208,1089,374.5187
101208,1090,374.6041
101208,1091,374.5887
101208,1092,374.6735
101208,1095,374.9698
101208,1096,375.2243
101208,1097,375.0846
101208,1098,375.0904
101208,1099,375.2986
101208,1102,375.3929
101208,1103,375.4876
101208,1104,375.399
101208,1105,375.4077
101208,1106,375.3439
101208,1109,375.2453
101208,1110,375.1934
101208,1111,375.1805
101208,1112,375.1873
101208,1113,375.1846
101208,1116,375.402
101208,1117,375.3916
101208,1118,375.6571
101208,1119,375.6968
101208,1120,375.8457
101208,1123,375.9984
101208,1124,375.9891
101208,1125,376.0472
101208,1126,376.0846
101208,1127,376.2258
101208,1130,376.3076
101208,1131,376.3159
101208,1132,376.4271
101208,1133,376.5645
101208,1134,376.8812
101208,1137,376.9865
101208,1138,377.0849
101208,1139,377.2331
101208,1140,377.2176
101208,1141,377.1099
101208,1144,377.1701
101208,1145,377.3948
101208,1146,377.6389
101208,1147,377.5128
101208,1148,377.6894
101208,1151,377.5269
101208,1152,377.679
101208,1153,377.8239
101208,1154,377.7162
101208,1155,377.9327
101208,1158,378.2379
101208,1159,378.328
101208,1160,378.4424
101208,1161,378.7164
101208,1162,378.6798
101208,1165,378.6461
101208,1166,378.6437
101208,1167,378.7458
101208,1168,378.8476
101208,1169,378.8793
101208,1172,378.9411
101208,1173,378.9745
101208,1174,379.0135
101208,1175,379.0196
101208,1176,379.0265
101208,1179,378.8855
101208,1180,378.9565
101208,1181,378.8208
101208,1182,379.0082
101208,1183,379.0391
101208,1186,379.1226
101208,1187,379.1758
101208,1188,379.2445
101208,1189,379.4933
101208,1190,379.4296
101208,1193,379.3335
101208,1194,379.4456
101208,1195,379.4843
101208,1196,379.6252
101208,1197,379.8088
101208,1200,379.7744
101208,1201,379.9446
101208,1202,379.9203
101208,1203,380.0272
101208,1204,379.9772
101208,1207,380.091
101208,1208,380.1866
101208,1209,380.1526
101208,1210,380.088
101208,1211,380.2759
101208,1214,380.3198
101208,1215,380.5392
101208,1216,380.5722
101208,1217,380.8265
101208,1218,380.811
101208,1221,381.086
101208,1222,381.2052
101208,1223,381.3516
101208,1224,381.3293
101208,1225,381.5153
101208,1228,381.7056
101208,1229,381.765
101208,1230,381.6069
101208,1231,381.5716
101208,1232,381.5362
101208,1235,381.6886
101208,1236,381.7311
101208,1237,381.776
101208,1238,381.8064
101208,1239,382.0817
101208,1242,382.1857
101208,1243,382.3081
101208,1244,382.3321
101208,1245,382.4272
101208,1246,382.4083
101208,1249,382.5484
101208,1250,382.5089
101208,1251,382.6973
101208,1252,382.7074
101208,1253,382.9205
101208,1256,383.2494
101208,1257,383.3484
101208,1258,383.6058
101208,1259,383.7956
101208,1260,383.7214
101208,1263,383.8338
101208,1264,383.9934
101208,1265,384.1648
101208,1266,384.2854
101208,1267,384.4046
101208,1270,384.5044
101208,1271,384.6197
101208,1272,384.5707
101208,1273,384.6413
101208,1274,384.5644
101208,1277,384.6034
101208,1278,384.631
101208,1279,384.6509
101208,1280,384.6227
101208,1281,384.7545
101208,1284,384.8152
101208,1285,384.8635
101208,1286,384.7922
101208,1287,384.8553
101208,1288,385.0935
101208,1291,385.3337
101208,1292,385.4785
101208,1293,385.5421
101208,1294,385.7094
101208,1295,385.7279
101208,1298,385.791
101208,1299,385.8003
101208,1300,386.0102
101208,1301,386.2047
101208,1302,386.3001
101208,1305,386.6105
101208,1306,386.7605
101208,1307,386.9037
101208,1308,387.0338
101208,1309,386.9798
101208,1312,386.9706
101208,1313,387.0638
101208,1314,387.158
101208,1315,387.3298
101208,1316,387.3482
101208,1319,387.4568
101208,1320,387.5675
101208,1321,387.6832
101208,1322,387.7852
101208,1323,387.7137
101208,1326,387.5377
101208,1327,387.5227
101208,1328,387.5578
101208,1329,387.5139
101208,1330,387.6071
101208,1333,387.8402
101208,1334,388.029
101208,1335,388.1861
101208,1336,388.4068
101208,1337,388.3938
101208,1340,388.4381
101208,1341,388.6136
101208,1342,388.6557
101208,1343,388.7046
101208,1344,389.033
101208,1347,389.1451
101208,1348,389.4617
101208,1349,389.3386
101208,1350,389.3616
101208,1351,389.5122
101208,1354,389.6242
101208,1355,389.4725
101208,1356,389.5448
101208,1357,389.9489
101208,1358,390.0798
101208,1361,390.2547
101208,1362,390.2762
101208,1363,390.4068
101208,1364,390.506
101208,1365,390.7444
101208,1368,390.9791
101208,1369,391.1301
101208,1370,391.2398
101208,1371,391.1338
101208,1372,391.0236
101208,1375,391.1345
101208,1376,391.3432
101208,1377,391.6084
101208,1378,391.5997
101208,1379,391.5145
101208,1382,391.7306
101208,1383,391.7311
101208,1384,391.6376
101208,1385,391.6777
101208,1386,391.7157
101208,1389,391.9797
101208,1390,392.1878
101208,1391,392.1978
101208,1392,392.4718
101208,1393,392.5885
101208,1396,392.821
101208,1397,393.0866
101208,1398,393.1555
101208,1399,393.3277
101208,1400,393.3788
101208,1403,393.5955
101208,1404,393.7083
101208,1405,393.929
101208,1406,394.2199
101208,1407,394.3895
101208,1410,394.4797
101208,1411,394.5719
101208,1412,394.3062
101208,1413,394.3194
101208,1414,394.537
101208,1417,394.7594
101208,1418,394.7699
101208,1419,394.8922
101208,1420,394.9705
101208,1421,395.1582
101208,1424,395.5352
101208,1425,395.7255
101208,1426,395.7441
101208,1427,395.8364
101208,1428,396.1134
101208,1431,396.0398
101208,1432,396.0652
101208,1433,396.256
101208,1434,396.5198
101208,1435,396.6982
101208,1438,396.7247
101208,1439,396.8941
101208,1440,397.0483
101208,1441,397.1946
101208,1442,397.285
101208,1445,397.3941
101208,1446,397.383
101208,1447,397.7961
101208,1448,397.9184
101208,1449,398.0899
101208,1452,398.1652
101208,1453,398.374
101208,1454,398.3138
101208,1455,398.1976
101208,1456,398.2965
101208,1459,398.6571
101208,1460,398.9117
101208,1461,398.913
101208,1462,399.0808
101208,1463,399.1038
101208,1466,399.2604
101208,1467,399.4268
101208,1468,399.6465
101208,1469,399.5525
101208,1470,399.4963
101208,1473,399.5898
101208,1474,399.5629
101208,1475,399.5263
101208,1476,399.6636
101208,1477,399.6514
101208,1480,400.0389
101208,1481,400.0749
101208,1482,400.144
101208,1483,400.2848
101208,1484,400.1979
101208,1487,400.3653
101208,1488,400.5116
101208,1489,400.5709
101208,1490,400.7088
101208,1491,400.8662
101208,1494,401.1509
101208,1495,401.5705
101208,1496,401.5398
101208,1497,401.4793
101208,1498,401.5959
101208,1501,401.4366
101208,1502,401.6223
101208,1503,401.7402
101208,1504,401.8903
101208,1505,401.9555
101208,1508,402.0915
101208,1509,402.2551
101208,1510,402.3842
101208,1511,402.3175
101208,1512,402.4431
101208,1515,402.7821
101208,1516,402.9165
101208,1517,403.0379
101208,1518,403.34
101208,1519,403.3493
101208,1522,403.5664
101208,1523,403.6031
101208,1524,403.8454
101208,1525,404.0512
101208,1526,404.1029
101208,1529,404.1733
101208,1530,404.4021
101208,1531,404.2701
101208,1532,404.3181
101208,1533,404.5014
101208,1536,404.5665
101208,1537,404.6881
101208,1538,404.5323
101208,1539,404.5278
101208,1540,404.7187
101208,1543,404.7274
101208,1544,404.6658
101208,1545,404.9055
101208,1546,405.0758
101208,1547,405.0414
101208,1550,405.1635
101208,1551,405.1333
101208,1552,405.2183
101208,1553,405.3453
101208,1554,405.3467
101208,1557,405.5461
101208,1558,405.7653
101208,1559,405.9037
101208,1560,406.0614
101208,1561,405.9803
101208,1564,406.2593
101208,1565,406.3524
101208,1566,406.3375
101208,1567,406.461
101208,1568,406.6613
101208,1571,406.8319
101208,1572,406.7978
101208,1573,406.9999
101208,1574,407.0971
101208,1575,407.2664
101208,1578,407.2686
101208,1579,407.5079
101208,1580,407.6365
101208,1581,407.8944
101208,1582,407.8024
101208,1585,407.7276
101208,1586,407.8019
101208,1587,408.0957
101208,1588,408.4535
101208,1589,408.4445
101208,1592,408.5567
101208,1593,408.6821
101208,1594,408.88
101208,1595,409.0995
101208,1596,409.0614
101208,1599,409.1753
101208,1600,409.022
101208,1601,409.232
101208,1602,409.2939
101208,1603,409.2441
101208,1606,409.3925
101208,1607,409.4504
101208,1608,409.7188
101208,1609,409.7093
101208,1610,410.1021
102885,3,89.8728
102885,4,90.8724
102885,5,90.1565
102885,6,91.5338
102885,7,90.6762
102885,10,90.5672
102885,11,91.5873
102885,12,92.0156
102885,13,91.1336
102885,14,92.0324
102885,17,92.3366
102885,18,92.0699
102885,19,90.9614
102885,20,91.333
102885,21,91.2579
102885,24,91.4219
102885,25,90.2894
102885,26,90.0268
102885,27,90.4282
102885,28,91.8759
102885,31,91.7689
102885,32,92.9079
102885,33,93.5572
102885,34,93.7848
102885,35,93.0585
102885,38,92.3695
102885,39,92.8857
102885,40,92.5338
102885,41,92.1162
102885,42,92.0275
102885,45,91.9516
102885,46,92.6802
102885,47,92.3449
102885,48,93.0008
102885,49,93.3844
102885,52,92.1605
102885,53,92.4307
102885,54,90.48
102885,55,89.8654
102885,56,90.2534
102885,59,90.2921
102885,60,89.0402
102885,61,88.2734
102885,62,86.4521
102885,63,85.5509
102885,66,86.0019
102885,67,85.6544
102885,68,85.8179
102885,69,85.8718
102885,70,85.939
102885,73,86.7068
102885,74,86.6075
102885,75,87.3009
102885,76,85.5917
102885,77,86.4189
102885,80,85.5548
102885,81,84.8501
102885,82,84.4055
102885,83,85.2019
102885,84,84.6273
102885,87,84.2174
102885,88,83.5999
102885,89,83.8182
102885,90,84.3737
102885,91,85.6037
102885,94,87.3477
102885,95,87.8593
102885,96,88.1683
102885,97,87.3387
102885,98,88.7609
102885,101,88.9635
102885,102,88.7989
102885,103,89.1271
102885,104,88.7096
102885,105,87.0724
102885,108,87.5263
102885,109,88.5395
102885,110,88.9901
102885,111,89.0309
102885,112,89.0865
102885,115,89.2583
102885,116,89.408
102885,117,89.4097
102885,118,89.4744
102885,119,90.6679
102885,122,91.0662
102885,123,91.1916
102885,124,91.7326
102885,125,92.2768
102885,126,93.0424
102885,129,92.5152
102885,130,92.1994
102885,131,91.6344
102885,132,92.2592
102885,133,92.851
102885,136,91.9353
102885,137,92.2777
102885,138,93.3686
102885,139,93.237
102885,140,93.5252
102885,143,94.1349
102885,144,93.1705
102885,145,93.3346
102885,146,94.3607
102885,147,93.9519
102885,150,94.6434
102885,151,94.7133
102885,152,94.2402
102885,153,94.2143
102885,154,93.8576
102885,157,93.2254
102885,158,93.0795
102885,159,93.1797
102885,160,93.1011
102885,161,92.9469
102885,164,93.1671
102885,165,93.6217
102885,166,92.7965
102885,167,92.6527
102885,168,91.2144
102885,171,91.1403
102885,172,91.2998
102885,173,91.7741
102885,174,91.9374
102885,175,92.3987
102885,178,92.4958
102885,179,92.033
102885,180,91.2428
102885,181,91.0935
102885,182,90.5704
102885,185,90.5283
102885,186,90.2109
102885,187,90.5678
102885,188,90.6508
102885,189,91.0306
102885,192,91.4081
102885,193,91.3208
102885,194,91.2794
102885,195,91.7025
102885,196,93.6061
102885,199,92.8988
102885,200,92.9786
102885,201,92.1201
102885,202,92.1518
102885,203,91.6918
102885,206,91.6491
102885,207,91.8131
102885,208,91.4931
102885,209,90.2128
102885,210,91.3192
102885,213,91.9965
102885,214,91.9456
102885,215,91.3214
102885,216,91.4322
102885,217,91.7502
102885,220,92.3782
102885,221,93.0808
102885,222,93.9336
102885,223,92.6518
102885,224,92.4686
102885,227,93.2718
102885,228,92.6167
102885,229,93.5944
102885,230,95.0413
102885,231,96.0226
102885,234,96.594
102885,235,96.2904
102885,236,96.5625
102885,237,95.5532
102885,238,94.9929
102885,241,94.4903
102885,242,94.587
102885,243,94.3324
102885,244,94.5835
102885,245,95.315
102885,248,94.8115
102885,249,94.976
102885,250,94.7018
102885,251,94.8984
102885,252,95.4824
102885,255,96.2551
102885,256,96.8348
102885,257,97.2138
102885,258,96.1393
102885,259,95.341
102885,262,94.7485
102885,263,95.0762
102885,264,94.1249
102885,265,94.4341
102885,266,94.6877
102885,269,93.2466
102885,270,92.4675
102885,271,93.3095
102885,272,93.8923
102885,273,93.2888
102885,276,92.5493
102885,277,90.7575
102885,278,91.905
102885,279,91.9834
102885,280,93.4615
102885,283,93.3631
102885,284,93.6277
102885,285,94.3622
102885,286,95.6866
102885,287,96.1295
102885,290,96.181
102885,291,96.2527
102885,292,95.4811
102885,293,95.2321
102885,294,95.3212
102885,297,96.4558
102885,298,96.1663
102885,299,97.0569
102885,300,97.0419
102885,301,98.0858
102885,304,98.6818
102885,305,99.2265
102885,306,100.0767
102885,307,100.8138
102885,308,101.7484
102885,311,103.5937
102885,312,105.0287
102885,313,105.485
102885,314,105.1583
102885,315,105.5288
102885,318,103.9308
102885,319,104.6928
102885,320,103.8415
102885,321,104.8545
102885,322,106.6238
102885,325,105.4187
102885,326,105.4297
102885,327,104.5686
102885,328,103.1522
102885,329,103.1156
102885,332,103.7068
102885,333,104.4034
102885,334,104.589
102885,335,103.2265
102885,336,103.3842
102885,339,102.1809
102885,340,101.0459
102885,341,100.2761
102885,342,101.1941
102885,343,101.6994
102885,346,102.0211
102885,347,101.3552
102885,348,101.086
102885,349,100.0097
102885,350,101.1855
102885,353,103.0758
102885,354,103.6002
102885,355,104.2766
102885,356,104.1947
102885,357,102.8751
102885,360,102.2192
102885,361,101.8829
102885,362,101.6144
102885,363,101.1558
102885,364,101.2476
102885,367,100.597
102885,368,102.4516
102885,369,101.3647
102885,370,102.1566
102885,371,101.9904
102885,374,102.4305
102885,375,102.9106
102885,376,103.0963
102885,377,102.1965
102885,378,101.9716
102885,381,102.1656
102885,382,102.3074
102885,383,101.5062
102885,384,102.6381
102885,385,100.6154
102885,388,100.4613
102885,389,99.7576
102885,390,99.9581
102885,391,100.8459
102885,392,99.742
102885,395,101.7356
102885,396,101.9565
102885,397,102.3285
102885,398,101.1812
102885,399,101.1948
102885,402,102.0559
102885,403,102.2843
102885,404,102.4546
102885,405,102.464
102885,406,101.3664
102885,409,100.276
102885,410,101.2931
102885,411,102.0803
102885,412,102.9983
102885,413,102.3594
102885,416,102.2801
102885,417,103.3704
102885,418,102.3884
102885,419,103.3935
102885,420,102.9511
102885,423,102.2854
102885,424,102.3114
102885,425,101.4321
102885,426,99.9202
102885,427,100.034
102885,430,100.5245
102885,431,101.5823
102885,432,102.1412
102885,433,103.852
102885,434,105.0702
102885,437,105.7617
102885,438,106.2232
102885,439,107.354
102885,440,105.4804
102885,441,105.1207
102885,444,103.5864
102885,445,104.2041
102885,446,103.6257
102885,447,106.2749
102885,448,105.8797
102885,451,106.0267
102885,452,105.7325
102885,453,105.3644
102885,454,104.3482
102885,455,103.3132
102885,458,101.538
102885,459,102.0452
102885,460,101.7434
102885,461,103.4207
102885,462,102.4251
102885,465,103.7245
102885,466,105.1228
102885,467,106.2828
102885,468,106.5423
102885,469,106.3024
102885,472,107.4746
102885,473,106.8353
102885,474,107.1277
102885,475,107.1446
102885,476,106.4201
102885,479,106.7178
102885,480,107.4235
102885,481,106.6627
102885,482,107.1206
102885,483,105.2373
102885,486,104.3908
102885,487,104.0542
102885,488,104.413
102885,489,105.2132
102885,490,105.339
102885,493,105.8835
102885,494,105.7989
102885,495,106.2049
102885,496,106.5664
102885,497,106.1779
102885,500,105.9239
102885,501,106.5007
102885,502,108.1487
102885,503,109.2792
102885,504,108.3292
102885,507,107.3907
102885,508,106.9758
102885,509,107.1178
102885,510,107.2154
102885,511,108.3658
102885,514,109.5778
102885,515,109.6394
102885,516,109.4916
102885,517,110.0127
102885,518,111.032
102885,521,111.593
102885,522,111.2567
102885,523,110.7574
102885,524,109.8112
102885,525,110.0421
102885,528,110.6622
102885,529,111.3876
102885,530,112.5012
102885,531,113.932
102885,532,112.7145
102885,535,113.1471
102885,536,113.6134
102885,537,113.6032
102885,538,112.8934
102885,539,114.2959
102885,542,113.805
102885,543,111.8375
102885,544,111.9136
102885,545,111.7534
102885,546,113.5251
102885,549,114.0401
102885,550,113.8141
102885,551,113.6894
102885,552,113.5541
102885,553,115.6943
102885,556,116.3961
102885,557,115.1219
102885,558,114.951
102885,559,114.988
102885,560,114.0086
102885,563,112.414
102885,564,113.0219
102885,565,112.3375
102885,566,113.5508
102885,567,113.617
102885,570,113.235
102885,571,111.0733
102885,572,112.2486
102885,573,112.5768
102885,574,112.2222
102885,577,111.4645
102885,578,112.992
102885,579,112.0694
102885,580,111.7892
102885,581,112.3699
102885,584,113.7716
102885,585,113.6289
102885,586,113.0054
102885,587,112.9649
102885,588,113.8635
102885,591,114.9808
102885,592,113.7519
102885,593,113.9177
102885,594,112.6456
102885,595,113.5228
102885,598,113.975
102885,599,113.1768
102885,600,114.6668
102885,601,115.0411
102885,602,115.3129
102885,605,115.2033
102885,606,115.2552
102885,607,114.955
102885,608,114.3183
102885,609,115.5344
102885,612,115.1285
102885,613,114.6924
102885,614,114.6301
102885,615,116.035
102885,616,117.1753
102885,619,116.8573
102885,620,118.0982
102885,621,118.2638
102885,622,117.5103
102885,623,117.1134
102885,626,118.499
102885,627,120.5998
102885,628,120.9785
102885,629,120.4806
102885,630,120.4195
102885,633,119.7317
102885,634,119.19
102885,635,118.5552
102885,636,118.5394
102885,637,118.7178
102885,640,118.635
102885,641,118.4813
102885,642,119.283
102885,643,119.1208
102885,644,119.0213
102885,647,118.9106
102885,648,120.4852
102885,649,120.0634
102885,650,120.7134
102885,651,120.0377
102885,654,120.4443
102885,655,121.0467
102885,656,122.1894
102885,657,121.8683
102885,658,120.8239
102885,661,120.1126
102885,662,121.1276
102885,663,123.2739
102885,664,124.1832
102885,665,122.9697
102885,668,123.8425
102885,669,122.9524
102885,670,122.6646
102885,671,122.9162
102885,672,123.3381
102885,675,123.4679
102885,676,122.925
102885,677,124.0606
102885,678,123.5895
102885,679,124.9302
102885,682,123.6109
102885,683,123.8932
102885,684,122.7187
102885,685,121.9462
102885,686,121.4976
102885,689,123.0835
102885,690,124.4732
102885,691,125.4323
102885,692,125.5312
102885,693,125.7895
102885,696,127.1665
102885,697,127.965
102885,698,128.0499
102885,699,129.6853
102885,700,130.6206
102885,703,130.9477
102885,704,130.5237
102885,705,130.005
102885,706,129.7145
102885,707,130.268
102885,710,131.2304
102885,711,129.7543
102885,712,127.7682
102885,713,126.8419
102885,714,126.4844
102885,717,127.7951
102885,718,127.5678
102885,719,127.9002
102885,720,128.4049
102885,721,127.3988
102885,724,128.9975
102885,725,128.3633
102885,726,130.0806
102885,727,130.0133
102885,728,129.7214
102885,731,128.613
102885,732,128.8875
102885,733,131.3568
102885,734,131.8705
102885,735,132.231
102885,738,131.579
102885,739,132.2867
102885,740,132.5259
102885,741,132.526
102885,742,133.1328
102885,745,131.2354
102885,746,131.1951
102885,747,129.9823
102885,748,130.0802
102885,749,129.3777
102885,752,128.7511
102885,753,127.4185
102885,754,128.6544
102885,755,128.0083
102885,756,127.4213
102885,759,129.0951
102885,760,129.7639
102885,761,127.6855
102885,762,129.209
102885,763,131.032
102885,766,132.7791
102885,767,133.5765
102885,768,132.4451
102885,769,132.4601
102885,770,130.9657
102885,773,130.1073
102885,774,128.9955
102885,775,128.4011
102885,776,128.6399
102885,777,128.2382
102885,780,127.7928
102885,781,127.5545
102885,782,129.1971
102885,783,131.5747
102885,784,131.1576
102885,787,131.587
102885,788,130.7509
102885,789,131.6434
102885,790,131.1984
102885,791,130.5039
102885,794,132.7292
102885,795,131.3311
102885,796,128.7858
102885,797,129.63
102885,798,129.307
102885,801,128.6911
102885,802,131.6703
102885,803,132.5284
102885,804,132.5332
102885,805,131.8351
102885,808,132.3856
102885,809,130.5875
102885,810,130.1039
102885,811,130.1315
102885,812,130.4264
102885,815,130.3416
102885,816,129.6707
102885,817,130.7194
102885,818,129.0298
102885,819,128.8029
102885,822,128.3239
102885,823,129.4584
102885,824,129.0394
102885,825,129.5695
102885,826,129.9904
102885,829,128.1176
102885,830,128.1148
102885,831,126.3646
102885,832,126.794
102885,833,126.103
102885,836,127.4001
102885,837,127.2773
102885,838,126.5425
102885,839,127.8579
102885,840,127.0138
102885,843,128.0138
102885,844,128.5712
102885,845,128.2531
102885,846,126.9231
102885,847,128.2864
102885,850,128.8797
102885,851,128.1337
102885,852,128.4568
102885,853,129.5865
102885,854,129.7723
102885,857,130.093
102885,858,131.2648
102885,859,132.9964
102885,860,132.9347
102885,861,131.5545
102885,864,130.2259
102885,865,129.5579
102885,866,128.6361
102885,867,126.9413
102885,868,128.9434
102885,871,129.569
102885,872,129.081
102885,873,129.1132
102885,874,127.3038
102885,875,128.5824
102885,878,126.6111
102885,879,127.2066
102885,880,125.3705
102885,881,125.0106
102885,882,126.3545
102885,885,124.7393
102885,886,124.6518
102885,887,125.3589
102885,888,125.9013
102885,889,126.0387
102885,892,126.6167
102885,893,126.05
102885,894,128.127
102885,895,126.5134
102885,896,127.789
102885,899,128.0535
102885,900,128.7687
102885,901,129.6762
102885,902,130.3348
102885,903,129.5389
102885,906,129.3022
102885,907,127.8402
102885,908,127.5939
102885,909,127.9973
102885,910,128.7017
102885,913,129.1815
102885,914,127.4038
102885,915,126.8841
102885,916,126.2629
102885,917,124.9799
102885,920,124.1913
102885,921,124.2567
102885,922,125.7685
102885,923,124.8551
102885,924,123.7701
102885,927,123.2275
102885,928,123.6323
102885,929,124.9419
102885,930,124.9178
102885,931,123.5111
102885,934,122.3333
102885,935,122.5853
102885,936,123.6523
102885,937,125.5694
102885,938,124.4236
102885,941,124.6303
102885,942,123.6474
102885,943,122.8042
102885,944,121.8821
102885,945,121.6117
102885,948,120.7985
102885,949,123.3393
102885,950,122.9393
102885,951,124.0018
102885,952,123.3975
102885,955,125.7399
102885,956,126.1545
102885,957,127.0877
102885,958,126.5393
102885,959,127.621
102885,962,128.0375
102885,963,127.7066
102885,964,126.6476
102885,965,126.4666
102885,966,126.1975
102885,969,127.1644
102885,970,126.9883
102885,971,125.0701
102885,972,125.7986
102885,973,127.2035
102885,976,125.5445
102885,977,127.4795
102885,978,129.0124
102885,979,128.4138
102885,980,127.31
102885,983,128.4789
102885,984,127.1114
102885,985,126.4828
102885,986,125.1925
102885,987,125.2632
102885,990,126.8406
102885,991,127.2963
102885,992,128.4283
102885,993,128.1249
102885,994,128.2932
102885,997,127.0767
102885,998,127.0414
102885,999,126.3328
102885,1000,126.2322
102885,1001,126.0607
102885,1004,125.8014
102885,1005,128.0575
102885,1006,129.9917
102885,1007,131.5758
102885,1008,133.5932
102885,1011,135.2248
102885,1012,135.2698
102885,1013,135.2012
102885,1014,135.532
102885,1015,135.3681
102885,1018,134.2893
102885,1019,134.6854
102885,1020,133.0376
102885,1021,133.2564
102885,1022,132.2435
102885,1025,132.2239
102885,1026,132.4995
102885,1027,132.1853
102885,1028,130.4886
102885,1029,129.292
102885,1032,129.845
102885,1033,129.3203
102885,1034,129.9827
102885,1035,130.0601
102885,1036,129.9166
102885,1039,130.3542
102885,1040,129.7026
102885,1041,130.1957
102885,1042,129.8162
102885,1043,132.6091
102885,1046,131.4512
102885,1047,131.1348
102885,1048,130.8624
102885,1049,129.4884
102885,1050,130.3276
102885,1053,129.9378
102885,1054,127.4958
102885,1055,128.2898
102885,1056,127.689
102885,1057,127.6452
102885,1060,128.4209
102885,1061,128.104
102885,1062,127.7793
102885,1063,130.4519
102885,1064,128.2374
102885,1067,126.9594
102885,1068,125.894
102885,1069,127.818
102885,1070,127.2106
102885,1071,127.5269
102885,1074,127.0983
102885,1075,127.7936
102885,1076,127.8462
102885,1077,128.1776
102885,1078,129.6027
102885,1081,130.138
102885,1082,129.4237
102885,1083,129.8218
102885,1084,132.4872
102885,1085,133.1702
102885,1088,133.4048
102885,1089,131.9839
102885,1090,132.8378
102885,1091,133.859
102885,1092,134.2715
102885,1095,134.4664
102885,1096,137.693
102885,1097,138.7325
102885,1098,140.2208
102885,1099,140.37
102885,1102,140.2912
102885,1103,141.0921
102885,1104,141.0117
102885,1105,141.0262
102885,1106,141.6352
102885,1109,141.1145
102885,1110,141.4424
102885,1111,141.6082
102885,1112,142.8077
102885,1113,142.1679
102885,1116,139.9306
102885,1117,139.6471
102885,1118,140.1745
102885,1119,141.3585
102885,1120,140.6312
102885,1123,141.3298
102885,1124,142.7234
102885,1125,143.6782
102885,1126,142.8246
102885,1127,142.101
102885,1130,142.6817
102885,1131,144.6682
102885,1132,144.7596
102885,1133,144.6384
102885,1134,143.0989
102885,1137,142.7463
102885,1138,141.9859
102885,1139,142.0908
102885,1140,140.4137
102885,1141,140.1087
102885,1144,139.0275
102885,1145,140.1744
102885,1146,139.2634
102885,1147,138.6837
102885,1148,139.0762
102885,1151,138.6319
102885,1152,141.4096
102885,1153,142.5648
102885,1154,142.6585
102885,1155,143.163
102885,1158,140.5004
102885,1159,141.998
102885,1160,142.6681
102885,1161,142.6563
102885,1162,143.3928
102885,1165,144.2772
102885,1166,143.8603
102885,1167,144.3833
102885,1168,145.7038
102885,1169,146.3231
102885,1172,146.096
102885,1173,146.527
102885,1174,148.2715
102885,1175,149.3034
102885,1176,147.9644
102885,1179,148.7538
102885,1180,149.3851
102885,1181,150.8938
102885,1182,151.0123
102885,1183,150.6339
102885,1186,149.0325
102885,1187,148.2636
102885,1188,149.8148
102885,1189,150.1353
102885,1190,150.0901
102885,1193,151.7693
102885,1194,153.2086
102885,1195,152.3668
102885,1196,153.9522
102885,1197,151.9537
102885,1200,152.6053
102885,1201,153.1114
102885,1202,154.6396
102885,1203,155.2029
102885,1204,154.9723
102885,1207,154.8422
102885,1208,158.377
102885,1209,158.566
102885,1210,159.4254
102885,1211,156.8893
102885,1214,155.9103
102885,1215,156.6548
102885,1216,154.677
102885,1217,155.4547
102885,1218,154.614
102885,1221,153.3896
102885,1222,152.5555
102885,1223,154.5556
102885,1224,155.0581
102885,1225,153.9858
102885,1228,155.0466
102885,1229,156.1842
102885,1230,155.7776
102885,1231,157.0871
102885,1232,158.4693
102885,1235,159.6603
102885,1236,158.8637
102885,1237,157.4184
102885,1238,155.3312
102885,1239,154.5793
102885,1242,154.1939
102885,1243,153.912
102885,1244,153.9319
102885,1245,156.2127
102885,1246,155.8592
102885,1249,155.8774
102885,1250,153.6536
102885,1251,156.5636
102885,1252,154.9654
102885,1253,154.1504
102885,1256,155.1112
102885,1257,155.5045
102885,1258,157.6925
102885,1259,158.7069
102885,1260,158.6831
102885,1263,160.1283
102885,1264,161.7418
102885,1265,160.9528
102885,1266,162.3109
102885,1267,162.0993
102885,1270,162.0456
102885,1271,162.3191
102885,1272,161.8972
102885,1273,161.4053
102885,1274,162.7961
102885,1277,160.8534
102885,1278,159.5433
102885,1279,160.5101
102885,1280,160.4971
102885,1281,161.8891
102885,1284,162.4481
102885,1285,160.7664
102885,1286,160.9321
102885,1287,161.7216
102885,1288,162.1154
102885,1291,161.5783
102885,1292,161.2994
102885,1293,160.6441
102885,1294,158.9922
102885,1295,157.1801
102885,1298,157.7643
102885,1299,156.7232
102885,1300,157.5449
102885,1301,156.86
102885,1302,155.2623
102885,1305,154.8243
102885,1306,157.5839
102885,1307,157.5418
102885,1308,158.459
102885,1309,158.7601
102885,1312,157.0246
102885,1313,158.9809
102885,1314,158.7405
102885,1315,157.127
102885,1316,156.55
102885,1319,156.3665
102885,1320,157.4103
102885,1321,156.616
102885,1322,160.0956
102885,1323,158.9536
102885,1326,159.8347
102885,1327,157.3529
102885,1328,157.2747
102885,1329,157.8297
102885,1330,156.47
102885,1333,158.4844
102885,1334,159.1314
102885,1335,158.7999
102885,1336,159.434
102885,1337,158.7431
102885,1340,160.461
102885,1341,161.8842
102885,1342,162.4638
102885,1343,163.3639
102885,1344,161.4828
102885,1347,163.5188
102885,1348,163.4701
102885,1349,164.9332
102885,1350,166.0347
102885,1351,167.4997
102885,1354,166.1543
102885,1355,164.9916
102885,1356,168.1443
102885,1357,166.1508
102885,1358,164.749
102885,1361,164.8924
102885,1362,165.0383
102885,1363,164.3948
102885,1364,165.3116
102885,1365,166.6232
102885,1368,166.6844
102885,1369,166.4042
102885,1370,166.4597
102885,1371,165.8686
102885,1372,163.6622
102885,1375,164.1507
102885,1376,165.2686
102885,1377,165.1456
102885,1378,162.1942
102885,1379,161.5199
102885,1382,162.8063
102885,1383,160.983
102885,1384,161.9866
102885,1385,161.4801
102885,1386,161.5386
102885,1389,160.7166
102885,1390,159.3111
102885,1391,161.2765
102885,1392,162.4414
102885,1393,163.3856
102885,1396,164.6907
102885,1397,165.4554
102885,1398,166.8257
102885,1399,166.0068
102885,1400,167.9769
102885,1403,169.8463
102885,1404,170.4642
102885,1405,170.1504
102885,1406,168.541
102885,1407,168.944
102885,1410,171.3797
102885,1411,169.8458
102885,1412,171.3561
102885,1413,170.7839
102885,1414,170.3327
102885,1417,168.7879
102885,1418,167.8376
102885,1419,168.816
102885,1420,169.9731
102885,1421,170.3896
102885,1424,169.7797
102885,1425,168.3391
102885,1426,168.5112
102885,1427,168.095
102885,1428,168.4728
102885,1431,168.1169
102885,1432,167.7969
102885,1433,168.1022
102885,1434,168.6747
102885,1435,170.4617
102885,1438,170.0797
102885,1439,170.9293
102885,1440,173.5622
102885,1441,174.4673
102885,1442,176.2295
102885,1445,175.4266
102885,1446,174.4848
102885,1447,174.3471
102885,1448,174.3614
102885,1449,175.988
102885,1452,175.0297
102885,1453,174.993
102885,1454,176.6312
102885,1455,177.0345
102885,1456,177.1102
102885,1459,177.548
102885,1460,176.0069
102885,1461,174.456
102885,1462,172.2905
102885,1463,172.6714
102885,1466,174.0654
102885,1467,175.2506
102885,1468,176.9908
102885,1469,179.2036
102885,1470,179.5086
102885,1473,179.5062
102885,1474,181.7829
102885,1475,180.8355
102885,1476,179.1911
102885,1477,178.7867
102885,1480,178.2126
102885,1481,178.3751
102885,1482,177.2291
102885,1483,177.8583
102885,1484,177.1227
102885,1487,179.0055
102885,1488,177.3543
102885,1489,177.2433
102885,1490,176.8491
102885,1491,177.2752
102885,1494,178.7178
102885,1495,179.2003
102885,1496,179.104
102885,1497,180.2137
102885,1498,181.5558
102885,1501,182.0504
102885,1502,182.7234
102885,1503,183.7884
102885,1504,181.4243
102885,1505,180.9972
102885,1508,181.6494
102885,1509,181.3096
102885,1510,180.9756
102885,1511,181.6258
102885,1512,182.3122
102885,1515,183.1053
102885,1516,182.0151
102885,1517,180.0068
102885,1518,181.29
102885,1519,180.2841
102885,1522,179.1823
102885,1523,177.9558
102885,1524,179.7338
102885,1525,180.1391
102885,1526,180.7383
102885,1529,181.8556
102885,1530,181.8863
102885,1531,183.4956
102885,1532,181.7998
102885,1533,180.2836
102885,1536,178.6994
102885,1537,179.4101
102885,1538,180.2487
102885,1539,179.6451
102885,1540,179.396
102885,1543,181.3622
102885,1544,180.4268
102885,1545,180.9571
102885,1546,180.0367
102885,1547,181.7535
102885,1550,182.7856
102885,1551,180.7968
102885,1552,180.5041
102885,1553,177.5485
102885,1554,178.9549
102885,1557,182.0745
102885,1558,178.9445
102885,1559,176.9566
102885,1560,177.2907
102885,1561,177.3553
102885,1564,176.8508
102885,1565,174.4421
102885,1566,174.995
102885,1567,176.3625
102885,1568,180.6158
102885,1571,182.654
102885,1572,180.8149
102885,1573,180.8906
102885,1574,181.8636
102885,1575,180.9347
102885,1578,182.1881
102885,1579,183.3352
102885,1580,185.2979
102885,1581,186.6155
102885,1582,187.1483
102885,1585,186.2692
102885,1586,184.4023
102885,1587,184.8286
102885,1588,184.3135
102885,1589,183.9452
102885,1592,185.7386
102885,1593,187.9295
102885,1594,186.1339
102885,1595,185.9092
102885,1596,185.3465
102885,1599,185.921
102885,1600,182.5964
102885,1601,180.5181
102885,1602,180.4376
102885,1603,181.6966
102885,1606,181.9025
102885,1607,182.9999
102885,1608,183.3905
102885,1609,185.4129
102885,1610,187.7797
102886,3,119.2905
102886,4,120.6402
102886,5,121.458
102886,6,125.2386
102886,7,124.1321
102886,10,124.0425
102886,11,122.602
102886,12,121.2644
102886,13,121.9075
102886,14,122.2902
102886,17,123.1684
102886,18,124.0206
102886,19,123.7548
102886,20,123.4793
102886,21,122.1352
102886,24,121.1963
102886,25,121.1957
102886,26,121.5638
102886,27,122.6851
102886,28,123.6658
102886,31,126.0772
102886,32,124.702
102886,33,124.4392
102886,34,123.2107
102886,35,125.1932
102886,38,124.5265
102886,39,126.3452
102886,40,128.6481
102886,41,129.3735
102886,42,129.9157
102886,45,130.0635
102886,46,129.6583
102886,47,129.0683
102886,48,128.9277
102886,49,131.8628
102886,52,130.3166
102886,53,130.7243
102886,54,131.931
102886,55,131.5714
102886,56,132.3175
102886,59,130.0437
102886,60,132.2117
102886,61,134.1043
102886,62,134.0368
102886,63,132.7222
102886,66,134.0781
102886,67,132.3375
102886,68,130.844
102886,69,130.8484
102886,70,133.3374
102886,73,134.4543
102886,74,133.5072
102886,75,130.9345
102886,76,131.088
102886,77,131.5718
102886,80,131.5459
102886,81,134.5117
102886,82,134.3901
102886,83,130.8572
102886,84,130.309
102886,87,131.1084
102886,88,131.8059
102886,89,131.6162
102886,90,131.1666
102886,91,128.1511
102886,94,128.3693
102886,95,127.9363
102886,96,128.4052
102886,97,129.2496
102886,98,131.2724
102886,101,129.8671
102886,102,127.9576
102886,103,127.1673
102886,104,126.1377
102886,105,124.982
102886,108,127.248
102886,109,127.5603
102886,110,130.6956
102886,111,130.779
102886,112,129.0445
102886,115,127.8885
102886,116,129.5537
102886,117,127.8936
102886,118,128.8373
102886,119,128.375
102886,122,127.0399
102886,123,129.2529
102886,124,128.4322
102886,125,127.2521
102886,126,127.2178
102886,129,126.5316
102886,130,130.0186
102886,131,131.7681
102886,132,130.9281
102886,133,130.2732
102886,136,127.248
102886,137,127.5434
102886,138,126.4934
102886,139,126.7122
102886,140,123.8484
102886,143,123.8923
102886,144,126.5223
102886,145,126.6898
102886,146,125.6052
102886,147,125.6592
102886,150,125.6473
102886,151,129.0742
102886,152,128.6478
102886,153,126.8938
102886,154,127.0121
102886,157,127.3956
102886,158,128.3424
102886,159,129.596
102886,160,132.7546
102886,161,131.9004
102886,164,130.9093
102886,165,128.1226
102886,166,129.2284
102886,167,127.9495
102886,168,129.4097
102886,171,128.7373
102886,172,131.5131
102886,173,129.3631
102886,174,131.0451
102886,175,132.5598
102886,178,133.4879
102886,179,131.8036
102886,180,132.7337
102886,181,133.0252
102886,182,130.2306
102886,185,132.7718
102886,186,132.313
102886,187,134.7705
102886,188,134.7523
102886,189,136.438
102886,192,135.1327
102886,193,135.5714
102886,194,135.8968
102886,195,135.4628
102886,196,134.1513
102886,199,129.4036
102886,200,128.1868
102886,201,129.3533
102886,202,127.2969
102886,203,125.5842
102886,206,123.5292
102886,207,123.922
102886,208,122.6867
102886,209,124.5758
102886,210,125.7608
102886,213,126.1475
102886,214,126.6926
102886,215,125.6257
102886,216,124.5682
102886,217,125.7176
102886,220,127.1853
102886,221,128.3453
102886,222,127.7106
102886,223,127.1996
102886,224,125.8739
102886,227,127.1224
102886,228,124.2565
102886,229,121.1029
102886,230,118.3113
102886,231,115.3935
102886,234,117.3624
102886,235,118.5528
102886,236,116.943
102886,237,116.8737
102886,238,119.0224
102886,241,119.8179
102886,242,122.9718
102886,243,122.8866
102886,244,122.009
102886,245,120.5217
102886,248,120.6372
102886,249,122.0787
102886,250,122.3061
102886,251,121.865
102886,252,123.7951
102886,255,124.6653
102886,256,124.5802
102886,257,123.5257
102886,258,123.2332
102886,259,124.016
102886,262,122.9461
102886,263,121.2258
102886,264,120.6125
102886,265,120.6228
102886,266,122.6899
102886,269,121.0798
102886,270,121.4908
102886,271,121.1696
102886,272,120.921
102886,273,123.2527
102886,276,123.4558
102886,277,122.1957
102886,278,123.5858
102886,279,124.8818
102886,280,123.4775
102886,283,121.8092
102886,284,122.4918
102886,285,122.5261
102886,286,121.9201
102886,287,123.5546
102886,290,122.7646
102886,291,123.4689
102886,292,125.3015
102886,293,124.8782
102886,294,122.2565
102886,297,121.7502
102886,298,122.1087
102886,299,123.6668
102886,300,122.9807
102886,301,125.6281
102886,304,123.7737
102886,305,124.1008
102886,306,123.8296
102886,307,125.9272
102886,308,123.8091
102886,311,124.5254
102886,312,124.2457
102886,313,126.626
102886,314,125.4611
102886,315,126.1714
102886,318,124.9962
102886,319,125.3624
102886,320,124.8937
102886,321,124.403
102886,322,121.5607
102886,325,122.2478
102886,326,120.756
102886,327,119.2332
102886,328,117.1132
102886,329,115.7202
102886,332,116.4941
102886,333,117.2039
102886,334,118.2184
102886,335,116.853
102886,336,117.2328
102886,339,116.451
102886,340,117.8688
102886,341,118.5513
102886,342,117.7028
102886,343,119.2583
102886,346,120.0657
102886,347,118.1686
102886,348,115.9062
102886,349,114.1285
102886,350,116.4822
102886,353,115.1527
102886,354,117.8472
102886,355,116.4299
102886,356,114.883
102886,357,116.1777
102886,360,117.551
102886,361,118.4155
102886,362,119.4582
102886,363,118.3974
102886,364,119.6645
102886,367,120.0897
102886,368,119.6465
102886,369,119.8629
102886,370,121.4761
102886,371,122.1296
102886,374,119.0961
102886,375,120.4545
102886,376,121.7168
102886,377,121.2476
102886,378,121.4991
102886,381,121.7452
102886,382,118.975
102886,383,118.4843
102886,384,118.0503
102886,385,117.9057
102886,388,117.245
102886,389,118.2587
102886,390,117.198
102886,391,118.5615
102886,392,119.5191
102886,395,121.5631
102886,396,124.1958
102886,397,126.8957
102886,398,125.1921
102886,399,125.7937
102886,402,124.8018
102886,403,129.8868
102886,404,130.9332
102886,405,133.2616
102886,406,134.0482
102886,409,129.9735
102886,410,128.8472
102886,411,127.8804
102886,412,127.3706
102886,413,128.0063
102886,416,128.8636
102886,417,124.9586
102886,418,124.6888
102886,419,124.0495
102886,420,126.2021
102886,423,127.1856
102886,424,126.9929
102886,425,127.4193
102886,426,124.9565
102886,427,126.0345
102886,430,125.5239
102886,431,124.4007
102886,432,126.4582
102886,433,126.9586
102886,434,126.0365
102886,437,125.2125
102886,438,125.8469
102886,439,126.3669
102886,440,126.4968
102886,441,124.772
102886,444,123.2889
102886,445,122.272
102886,446,122.0676
102886,447,122.0896
102886,448,121.9383
102886,451,121.8539
102886,452,124.7128
102886,453,126.072
102886,454,127.964
102886,455,128.7639
102886,458,128.9625
102886,459,129.6843
102886,460,130.123
102886,461,131.4762
102886,462,130.0383
102886,465,131.2597
102886,466,131.6112
102886,467,128.8821
102886,468,129.1014
102886,469,127.1845
102886,472,126.458
102886,473,126.3025
102886,474,124.1283
102886,475,124.1322
102886,476,124.3178
102886,479,125.5311
102886,480,124.9354
102886,481,125.4311
102886,482,125.3725
102886,483,124.8306
102886,486,122.442
102886,487,122.3611
102886,488,123.5396
102886,489,122.2491
102886,490,122.0131
102886,493,121.9925
102886,494,123.6963
102886,495,123.8244
102886,496,124.3359
102886,497,124.4069
102886,500,123.7595
102886,501,122.1728
102886,502,121.8388
102886,503,122.4964
102886,504,122.7598
102886,507,125.0373
102886,508,126.5462
102886,509,128.5259
102886,510,125.522
102886,511,128.0036
102886,514,128.4997
102886,515,129.2173
102886,516,130.6986
102886,517,130.8202
102886,518,129.2421
102886,521,131.5893
102886,522,130.4729
102886,523,129.0297
102886,524,128.7552
102886,525,128.2482
102886,528,128.3406
102886,529,128.2763
102886,530,130.4493
102886,531,131.257
102886,532,130.0039
102886,535,128.9746
102886,536,128.4634
102886,537,127.9603
102886,538,127.2602
102886,539,125.6778
102886,542,126.2005
102886,543,125.5989
102886,544,124.26
102886,545,125.0685
102886,546,126.4294
102886,549,126.1433
102886,550,128.9488
102886,551,132.5032
102886,552,133.3836
102886,553,132.7267
102886,556,133.2445
102886,557,131.3947
102886,558,130.1184
102886,559,127.6101
102886,560,126.7393
102886,563,124.9677
102886,564,125.9895
102886,565,124.9491
102886,566,125.4481
102886,567,126.6615
102886,570,128.5365
102886,571,128.0803
102886,572,128.6441
102886,573,129.2597
102886,574,131.3314
102886,577,132.6583
102886,578,134.8349
102886,579,132.2642
102886,580,131.3054
102886,581,133.0267
102886,584,134.0449
102886,585,133.9348
102886,586,133.2669
102886,587,134.6216
102886,588,131.5582
102886,591,132.9011
102886,592,133.1352
102886,593,132.4479
102886,594,133.3367
102886,595,132.8116
102886,598,132.9474
102886,599,132.9635
102886,600,134.2442
102886,601,134.5909
102886,602,131.6392
102886,605,129.5514
102886,606,127.9674
102886,607,128.7554
102886,608,129.7039
102886,609,132.4124
102886,612,130.9027
102886,613,133.0598
102886,614,130.0969
102886,615,130.2123
102886,616,130.6832
102886,619,131.1501
102886,620,130.7531
102886,621,131.0261
102886,622,129.1904
102886,623,130.6232
102886,626,131.1027
102886,627,131.7612
102886,628,131.4106
102886,629,130.984
102886,630,131.8982
102886,633,134.523
102886,634,132.387
102886,635,130.2063
102886,636,130.71
102886,637,130.2792
102886,640,130.5609
102886,641,130.6118
102886,642,131.6766
102886,643,131.3149
102886,644,129.517
102886,647,128.3849
102886,648,128.2251
102886,649,126.3987
102886,650,126.4282
102886,651,126.6056
102886,654,126.1496
102886,655,126.5513
102886,656,124.2134
102886,657,122.8872
102886,658,121.2998
102886,661,122.6666
102886,662,126.1848
102886,663,124.9457
102886,664,124.6785
102886,665,123.7314
102886,668,124.1432
102886,669,123.3256
102886,670,123.8273
102886,671,124.901
102886,672,123.1679
102886,675,123.6522
102886,676,121.107
102886,677,120.8172
102886,678,120.4313
102886,679,120.1825
102886,682,119.8153
102886,683,119.188
102886,684,118.8896
102886,685,119.3094
102886,686,119.771
102886,689,120.0172
102886,690,119.2765
102886,691,120.9104
102886,692,123.2212
102886,693,121.4174
102886,696,121.7385
102886,697,121.14
102886,698,122.5721
102886,699,122.6364
102886,700,122.7973
102886,703,123.6102
102886,704,123.2539
102886,705,125.8385
102886,706,126.694
102886,707,128.201
102886,710,127.9493
102886,711,127.8475
102886,712,129.1827
102886,713,130.3749
102886,714,128.5276
102886,717,128.8109
102886,718,129.6309
102886,719,129.5163
102886,720,130.1928
102886,721,130.1435
102886,724,126.776
102886,725,124.8866
102886,726,126.4378
102886,727,126.1536
102886,728,126.5256
102886,731,126.6055
102886,732,125.4456
102886,733,124.8305
102886,734,125.4075
102886,735,126.1412
102886,738,129.5762
102886,739,128.9243
102886,740,131.6169
102886,741,130.3564
102886,742,131.2094
102886,745,131.5778
102886,746,131.4684
102886,747,131.5482
102886,748,130.6597
102886,749,132.17
102886,752,130.9321
102886,753,131.5193
102886,754,132.8041
102886,755,135.1138
102886,756,136.7867
102886,759,137.82
102886,760,136.8643
102886,761,135.6747
102886,762,133.9286
102886,763,132.0537
102886,766,132.1406
102886,767,131.0836
102886,768,133.0684
102886,769,132.2386
102886,770,132.4772
102886,773,132.1474
102886,774,130.0332
102886,775,131.8288
102886,776,133.0204
102886,777,134.4078
102886,780,135.4596
102886,781,134.3245
102886,782,133.2298
102886,783,134.0429
102886,784,136.6334
102886,787,137.3587
102886,788,139.0705
102886,789,138.2912
102886,790,140.2149
102886,791,139.6069
102886,794,140.1032
102886,795,139.5847
102886,796,141.1733
102886,797,142.8033
102886,798,140.396
102886,801,142.7371
102886,802,146.9543
102886,803,146.4294
102886,804,146.306
102886,805,148.5928
102886,808,148.8119
102886,809,148.9053
102886,810,152.4276
102886,811,150.0779
102886,812,148.7677
102886,815,149.6145
102886,816,146.8413
102886,817,146.2858
102886,818,145.7165
102886,819,147.503
102886,822,148.8317
102886,823,145.9617
102886,824,144.8535
102886,825,143.759
102886,826,143.4836
102886,829,141.7066
102886,830,142.5709
102886,831,141.4866
102886,832,142.5831
102886,833,142.6745
102886,836,141.1176
102886,837,143.5788
102886,838,146.1345
102886,839,146.7422
102886,840,146.4214
102886,843,144.6795
102886,844,146.6451
102886,845,148.196
102886,846,146.8583
102886,847,145.7543
102886,850,146.6525
102886,851,144.7013
102886,852,143.7186
102886,853,142.0356
102886,854,140.4264
102886,857,139.3153
102886,858,140.9293
102886,859,138.0938
102886,860,138.9058
102886,861,139.4293
102886,864,141.1499
102886,865,141.6804
102886,866,141.1346
102886,867,139.8583
102886,868,141.6216
102886,871,142.5626
102886,872,141.8193
102886,873,143.4673
102886,874,142.8
102886,875,142.8947
102886,878,141.9603
102886,879,142.9667
102886,880,141.3709
102886,881,140.9617
102886,882,139.956
102886,885,140.4932
102886,886,141.2432
102886,887,139.483
102886,888,140.2577
102886,889,137.8935
102886,892,141.6546
102886,893,140.8851
102886,894,142.7618
102886,895,143.2025
102886,896,143.7145
102886,899,141.8183
102886,900,143.3539
102886,901,143.5342
102886,902,144.4415
102886,903,144.3821
102886,906,144.7046
102886,907,143.2728
102886,908,143.1074
102886,909,142.4861
102886,910,141.3832
102886,913,141.7066
102886,914,142.4203
102886,915,142.9449
102886,916,142.8663
102886,917,143.6679
102886,920,144.1822
102886,921,144.448
102886,922,144.8332
102886,923,146.9977
102886,924,144.9905
102886,927,144.5361
102886,928,145.2202
102886,929,142.5913
102886,930,145.0684
102886,931,145.6097
102886,934,147.3863
102886,935,149.4757
102886,936,150.3168
102886,937,146.4521
102886,938,146.8102
102886,941,147.2823
102886,942,145.4769
102886,943,142.49
102886,944,143.3762
102886,945,141.3438
102886,948,144.9723
102886,949,145.5277
102886,950,148.0007
102886,951,148.1558
102886,952,149.5954
102886,955,149.7918
102886,956,151.7079
102886,957,148.1514
102886,958,149.8357
102886,959,151.1418
102886,962,150.965
102886,963,150.3289
102886,964,149.8928
102886,965,150.5024
102886,966,152.8083
102886,969,151.9369
102886,970,148.974
102886,971,153.5742
102886,972,154.9181
102886,973,154.2985
102886,976,156.6153
102886,977,158.4822
102886,978,159.5263
102886,979,158.7251
102886,980,160.1059
102886,983,162.317
102886,984,159.1168
102886,985,159.6525
102886,986,160.3315
102886,987,160.9514
102886,990,161.1491
102886,991,163.5634
102886,992,163.2603
102886,993,163.365
102886,994,164.0941
102886,997,163.8552
102886,998,161.2682
102886,999,161.7912
102886,1000,162.3378
102886,1001,161.7389
102886,1004,161.592
102886,1005,155.6624
102886,1006,158.0367
102886,1007,159.8581
102886,1008,157.4249
102886,1011,156.2627
102886,1012,159.1028
102886,1013,157.0246
102886,1014,158.033
102886,1015,157.2111
102886,1018,158.0914
102886,1019,158.293
102886,1020,157.8638
102886,1021,158.7066
102886,1022,157.8793
102886,1025,154.6478
102886,1026,153.0433
102886,1027,151.2378
102886,1028,148.462
102886,1029,149.2205
102886,1032,149.0127
102886,1033,149.7463
102886,1034,150.7842
102886,1035,152.2583
102886,1036,153.1049
102886,1039,151.4224
102886,1040,152.5793
102886,1041,153.0881
102886,1042,157.2601
102886,1043,157.3812
102886,1046,158.2108
102886,1047,158.1379
102886,1048,158.3373
102886,1049,158.4089
102886,1050,157.6933
102886,1053,158.135
102886,1054,159.4237
102886,1055,158.7323
102886,1056,160.4359
102886,1057,161.9227
102886,1060,160.3338
102886,1061,158.602
102886,1062,159.5626
102886,1063,158.5514
102886,1064,156.685
102886,1067,160.046
102886,1068,158.3124
102886,1069,155.5565
102886,1070,154.2082
102886,1071,154.7407
102886,1074,154.9815
102886,1075,158.629
102886,1076,157.2829
102886,1077,157.8346
102886,1078,160.0888
102886,1081,158.9382
102886,1082,160.3907
102886,1083,157.0177
102886,1084,160.4662
102886,1085,162.4978
102886,1088,161.2881
102886,1089,163.0079
102886,1090,165.7019
102886,1091,163.2759
102886,1092,162.2171
102886,1095,164.9631
102886,1096,165.2077
102886,1097,166.1845
102886,1098,166.4364
102886,1099,168.3354
102886,1102,169.4863
102886,1103,169.8164
102886,1104,165.7097
102886,1105,167.0967
102886,1106,168.6753
102886,1109,166.3034
102886,1110,164.0983
102886,1111,165.2295
102886,1112,165.726
102886,1113,161.9641
102886,1116,160.4866
102886,1117,161.1993
102886,1118,162.6198
102886,1119,161.5955
102886,1120,161.4194
102886,1123,159.8372
102886,1124,162.4997
102886,1125,162.9495
102886,1126,161.7616
102886,1127,159.6459
102886,1130,157.3495
102886,1131,160.907
102886,1132,160.6816
102886,1133,160.023
102886,1134,159.7228
102886,1137,158.6295
102886,1138,158.5334
102886,1139,158.7067
102886,1140,158.8423
102886,1141,156.5655
102886,1144,158.3536
102886,1145,157.4152
102886,1146,156.2845
102886,1147,155.0781
102886,1148,153.2402
102886,1151,153.8359
102886,1152,155.5975
102886,1153,154.361
102886,1154,151.095
102886,1155,149.3496
102886,1158,148.6506
102886,1159,146.5746
102886,1160,145.6262
102886,1161,144.7657
102886,1162,144.8365
102886,1165,142.4322
102886,1166,143.5214
102886,1167,146.5019
102886,1168,149.1299
102886,1169,148.191
102886,1172,149.4825
102886,1173,150.5718
102886,1174,150.5949
102886,1175,151.0162
102886,1176,152.3586
102886,1179,154.0819
102886,1180,152.6953
102886,1181,154.1718
102886,1182,157.3839
102886,1183,159.1618
102886,1186,162.2252
102886,1187,157.3918
102886,1188,158.625
102886,1189,159.2349
102886,1190,161.3133
102886,1193,159.2619
102886,1194,158.4069
102886,1195,160.2315
102886,1196,158.3189
102886,1197,158.8859
102886,1200,158.9609
102886,1201,158.6956
102886,1202,159.8949
102886,1203,157.8808
102886,1204,156.519
102886,1207,156.3638
102886,1208,154.2359
102886,1209,156.6307
102886,1210,155.2451
102886,1211,156.8188
102886,1214,155.2889
102886,1215,156.7089
102886,1216,153.8239
102886,1217,156.5449
102886,1218,158.7933
102886,1221,157.853
102886,1222,156.4063
102886,1223,157.3718
102886,1224,154.6276
102886,1225,154.7963
102886,1228,153.4108
102886,1229,153.0477
102886,1230,151.9753
102886,1231,150.6316
102886,1232,153.8405
102886,1235,155.3892
102886,1236,152.7642
102886,1237,151.2732
102886,1238,152.9368
102886,1239,154.8247
102886,1242,152.382
102886,1243,153.7651
102886,1244,154.3578
102886,1245,150.9137
102886,1246,150.2885
102886,1249,150.145
102886,1250,150.3336
102886,1251,148.076
102886,1252,146.8289
102886,1253,145.8365
102886,1256,145.0023
102886,1257,144.2016
102886,1258,144.07
102886,1259,144.7025
102886,1260,147.9079
102886,1263,149.5586
102886,1264,152.037
102886,1265,151.2667
102886,1266,149.5609
102886,1267,151.1043
102886,1270,151.1769
102886,1271,152.6071
102886,1272,151.1059
102886,1273,152.3862
102886,1274,152.1696
102886,1277,151.4346
102886,1278,150.873
102886,1279,151.8636
102886,1280,153.3807
102886,1281,152.8126
102886,1284,153.5472
102886,1285,154.2788
102886,1286,155.7533
102886,1287,157.7104
102886,1288,161.2753
102886,1291,160.4882
102886,1292,163.4275
102886,1293,163.7671
102886,1294,161.7442
102886,1295,160.5982
102886,1298,161.6053
102886,1299,163.1213
102886,1300,161.2579
102886,1301,159.8981
102886,1302,158.9883
102886,1305,157.4601
102886,1306,154.0603
102886,1307,150.1231
102886,1308,149.5395
102886,1309,150.0926
102886,1312,151.377
102886,1313,149.0292
102886,1314,146.7477
102886,1315,145.9218
102886,1316,146.0261
102886,1319,147.8997
102886,1320,149.2763
102886,1321,148.7209
102886,1322,149.4641
102886,1323,148.0625
102886,1326,148.2944
102886,1327,148.2836
102886,1328,150.8988
102886,1329,151.8952
102886,1330,150.6019
102886,1333,149.338
102886,1334,148.8441
102886,1335,146.1816
102886,1336,145.878
102886,1337,145.7257
102886,1340,146.6406
102886,1341,147.8186
102886,1342,148.0935
102886,1343,145.3304
102886,1344,143.3185
102886,1347,142.3803
102886,1348,143.5931
102886,1349,144.7577
102886,1350,144.4236
102886,1351,148.661
102886,1354,151.5678
102886,1355,153.9377
102886,1356,155.3388
102886,1357,156.2991
102886,1358,157.1281
102886,1361,153.8736
102886,1362,152.0521
102886,1363,151.7507
102886,1364,152.0857
102886,1365,151.9618
102886,1368,152.5608
102886,1369,148.8685
102886,1370,149.8733
102886,1371,150.086
102886,1372,149.8507
102886,1375,151.6254
102886,1376,149.8409
102886,1377,149.5174
102886,1378,150.1285
102886,1379,148.7039
102886,1382,145.2787
102886,1383,143.3842
102886,1384,143.3698
102886,1385,143.0396
102886,1386,143.1049
102886,1389,142.0759
102886,1390,139.9562
102886,1391,140.2805
102886,1392,140.0957
102886,1393,141.2646
102886,1396,140.1005
102886,1397,136.8448
102886,1398,132.7343
102886,1399,132.1872
102886,1400,132.4791
102886,1403,132.2004
102886,1404,131.3978
102886,1405,129.0057
102886,1406,126.2063
102886,1407,126.8478
102886,1410,126.5881
102886,1411,126.1236
102886,1412,123.9011
102886,1413,122.5591
102886,1414,122.708
102886,1417,123.2099
102886,1418,123.0509
102886,1419,125.1835
102886,1420,124.4081
102886,1421,126.4244
102886,1424,126.8385
102886,1425,127.0884
102886,1426,128.6016
102886,1427,127.7306
102886,1428,127.3142
102886,1431,125.548
102886,1432,127.0469
102886,1433,127.6442
102886,1434,129.4197
102886,1435,129.825
102886,1438,131.6391
102886,1439,130.5549
102886,1440,132.1959
102886,1441,131.6568
102886,1442,131.7496
102886,1445,132.9928
102886,1446,136.8426
102886,1447,138.2856
102886,1448,139.9016
102886,1449,139.0852
102886,1452,139.4408
102886,1453,139.3749
102886,1454,141.8387
102886,1455,141.6867
102886,1456,144.0548
102886,1459,141.9237
102886,1460,144.4171
102886,1461,143.0323
102886,1462,144.5991
102886,1463,143.2075
102886,1466,144.3686
102886,1467,142.8112
102886,1468,144.6915
102886,1469,146.2613
102886,1470,145.3115
102886,1473,146.4192
102886,1474,148.1889
102886,1475,146.6592
102886,1476,144.9531
102886,1477,143.2029
102886,1480,141.2341
102886,1481,139.5208
102886,1482,141.1689
102886,1483,142.2105
102886,1484,139.4469
102886,1487,138.6915
102886,1488,136.8751
102886,1489,138.3871
102886,1490,137.7372
102886,1491,135.3058
102886,1494,135.6731
102886,1495,136.7538
102886,1496,135.2929
102886,1497,134.9556
102886,1498,133.596
102886,1501,135.6916
102886,1502,135.0839
102886,1503,134.0122
102886,1504,134.0203
102886,1505,133.778
102886,1508,134.976
102886,1509,137.0473
102886,1510,139.1631
102886,1511,138.6219
102886,1512,139.2229
102886,1515,141.8211
102886,1516,144.5344
102886,1517,143.1236
102886,1518,144.239
102886,1519,145.0693
102886,1522,146.7858
102886,1523,149.0875
102886,1524,147.3409
102886,1525,146.2265
102886,1526,147.9234
102886,1529,148.2857
102886,1530,144.4824
102886,1531,141.725
102886,1532,142.9498
102886,1533,144.4902
102886,1536,142.2711
102886,1537,144.2524
102886,1538,144.0096
102886,1539,142.3539
102886,1540,141.4979
102886,1543,139.5363
102886,1544,138.6049
102886,1545,135.6304
102886,1546,135.602
102886,1547,136.6504
102886,1550,134.5551
102886,1551,134.6733
102886,1552,133.4725
102886,1553,134.636
102886,1554,131.0461
102886,1557,132.2566
102886,1558,129.4976
102886,1559,129.2598
102886,1560,128.2541
102886,1561,127.7878
102886,1564,125.5546
102886,1565,128.1607
102886,1566,126.2875
102886,1567,124.5592
102886,1568,127.3498
102886,1571,127.9289
102886,1572,126.1078
102886,1573,125.9986
102886,1574,125.7284
102886,1575,123.2974
102886,1578,122.2659
102886,1579,122.3098
102886,1580,124.2616
102886,1581,124.0648
102886,1582,123.9797
102886,1585,122.8589
102886,1586,124.565
102886,1587,126.0025
102886,1588,127.2844
102886,1589,127.5409
102886,1592,125.2083
102886,1593,126.933
102886,1594,127.1058
102886,1595,126.7227
102886,1596,127.4907
102886,1599,127.9195
102886,1600,126.3782
102886,1601,125.9788
102886,1602,123.2233
102886,1603,123.4335
102886,1606,125.499
102886,1607,122.9135
102886,1608,123.1859
102886,1609,124.2593
102886,1610,125.564
102887,3,191.0721
102887,4,189.0737
102887,5,188.0701
102887,6,190.4545
102887,7,187.3124
102887,10,185.1409
102887,11,184.3965
102887,12,182.7008
102887,13,182.7328
102887,14,185.4671
102887,17,183.3394
102887,18,183.1781
102887,19,183.272
102887,20,182.7637
102887,21,179.9862
102887,24,178.9394
102887,25,177.9039
102887,26,179.1501
102887,27,180.0164
102887,28,177.3281
102887,31,176.7427
102887,32,175.9585
102887,33,179.5664
102887,34,180.2034
102887,35,178.3632
102887,38,177.0776
102887,39,176.5083
102887,40,177.2596
102887,41,178.2341
102887,42,178.701
102887,45,178.4298
102887,46,178.2914
102887,47,178.1659
102887,48,175.097
102887,49,175.093
102887,52,174.1809
102887,53,171.4053
102887,54,175.7383
102887,55,176.3956
102887,56,176.5239
102887,59,175.9695
102887,60,177.375
102887,61,175.4136
102887,62,174.9657
102887,63,173.3978
102887,66,174.7674
102887,67,173.4204
102887,68,175.4605
102887,69,175.3894
102887,70,176.8691
102887,73,177.6891
102887,74,179.7033
102887,75,178.1234
102887,76,179.8637
102887,77,176.6237
102887,80,176.8057
102887,81,175.9403
102887,82,173.5704
102887,83,172.1167
102887,84,171.1107
102887,87,170.8737
102887,88,170.0734
102887,89,170.312
102887,90,168.9935
102887,91,168.2833
102887,94,167.8936
102887,95,168.3022
102887,96,169.8494
102887,97,171.4191
102887,98,171.9322
102887,101,172.7822
102887,102,173.4294
102887,103,172.9832
102887,104,174.6645
102887,105,173.165
102887,108,169.7279
102887,109,168.0556
102887,110,170.5506
102887,111,170.1448
102887,112,170.7171
102887,115,170.3478
102887,116,171.4169
102887,117,171.6412
102887,118,171.6247
102887,119,172.7925
102887,122,172.0858
102887,123,172.8352
102887,124,172.6339
102887,125,172.5497
102887,126,171.2338
102887,129,170.9633
102887,130,170.1344
102887,131,172.1855
102887,132,169.3883
102887,133,171.0151
102887,136,168.1349
102887,137,169.1484
102887,138,167.8261
102887,139,168.8873
102887,140,168.7813
102887,143,166.4612
102887,144,168.8568
102887,145,170.2851
102887,146,171.2528
102887,147,170.2523
102887,150,171.7521
102887,151,169.6459
102887,152,165.9781
102887,153,163.4822
102887,154,162.0665
102887,157,160.9339
102887,158,160.3255
102887,159,159.791
102887,160,158.8423
102887,161,155.5826
102887,164,155.977
102887,165,155.6541
102887,166,154.6575
102887,167,156.9455
102887,168,156.6561
102887,171,156.8419
102887,172,158.1992
102887,173,155.9342
102887,174,155.9914
102887,175,157.3361
102887,178,157.285
102887,179,155.3247
102887,180,154.6633
102887,181,155.0504
102887,182,151.883
102887,185,149.9155
102887,186,153.0185
102887,187,153.8592
102887,188,156.27
102887,189,157.7343
102887,192,158.4562
102887,193,158.0574
102887,194,158.7604
102887,195,161.1935
102887,196,162.6371
102887,199,163.0078
102887,200,162.8217
102887,201,163.739
102887,202,162.9603
102887,203,163.8786
102887,206,162.8267
102887,207,162.3435
102887,208,160.7663
102887,209,160.1506
102887,210,159.1454
102887,213,161.979
102887,214,160.6207
102887,215,161.341
102887,216,159.9037
102887,217,160.0745
102887,220,160.6385
102887,221,157.7631
102887,222,155.6488
102887,223,154.2501
102887,224,152.3279
102887,227,152.5478
102887,228,153.0123
102887,229,151.4717
102887,230,151.7517
102887,231,151.1944
102887,234,151.1329
102887,235,150.268
102887,236,151.0984
102887,237,153.7003
102887,238,154.9968
102887,241,157.2825
102887,242,155.1667
102887,243,154.2053
102887,244,155.1786
102887,245,157.6495
102887,248,158.7809
102887,249,157.2406
102887,250,156.6465
102887,251,157.2673
102887,252,157.1
102887,255,155.9331
102887,256,155.5702
102887,257,155.6402
102887,258,154.0392
102887,259,155.6679
102887,262,155.072
102887,263,155.0509
102887,264,156.7702
102887,265,156.666
102887,266,158.3159
102887,269,156.7754
102887,270,157.5548
102887,271,158.9879
102887,272,157.7575
102887,273,157.5679
102887,276,157.4114
102887,277,157.8383
102887,278,158.6898
102887,279,157.3327
102887,280,157.3311
102887,283,159.9701
102887,284,161.7746
102887,285,163.1713
102887,286,162.9515
102887,287,166.5848
102887,290,168.4231
102887,291,168.587
102887,292,169.0625
102887,293,168.3827
102887,294,169.1522
102887,297,170.2677
102887,298,171.5799
102887,299,171.3697
102887,300,168.9436
102887,301,169.4566
102887,304,170.7697
102887,305,169.1944
102887,306,169.1402
102887,307,171.5447
102887,308,169.5774
102887,311,169.1938
102887,312,171.8512
102887,313,172.2271
102887,314,171.4184
102887,315,171.5083
102887,318,173.045
102887,319,172.7932
102887,320,173.9406
102887,321,174.4569
102887,322,175.1195
102887,325,176.396
102887,326,175.9774
102887,327,174.4138
102887,328,175.3541
102887,329,175.2245
102887,332,174.5388
102887,333,175.5717
102887,334,177.9526
102887,335,177.7814
102887,336,177.9024
102887,339,175.9006
102887,340,175.6107
102887,341,176.1076
102887,342,176.1762
102887,343,175.6388
102887,346,177.0338
102887,347,177.2428
102887,348,182.0367
102887,349,182.5269
102887,350,177.6491
102887,353,175.7737
102887,354,176.8242
102887,355,175.786
102887,356,174.8632
102887,357,172.7956
102887,360,172.0697
102887,361,172.509
102887,362,173.2843
102887,363,171.6142
102887,364,173.116
102887,367,171.1515
102887,368,172.0111
102887,369,172.6992
102887,370,171.1823
102887,371,169.4754
102887,374,170.231
102887,375,169.3738
102887,376,169.1496
102887,377,170.4269
102887,378,171.3539
102887,381,169.8803
102887,382,169.8897
102887,383,168.3969
102887,384,169.9811
102887,385,172.7368
102887,388,171.3737
102887,389,171.4219
102887,390,173.1174
102887,391,173.2627
102887,392,174.3498
102887,395,174.5444
102887,396,172.7979
102887,397,173.1082
102887,398,175.1905
102887,399,175.851
102887,402,178.8589
102887,403,175.7983
102887,404,176.5763
102887,405,175.5312
102887,406,174.0925
102887,409,176.5549
102887,410,176.2065
102887,411,175.6878
102887,412,176.4022
102887,413,172.7191
102887,416,175.1982
102887,417,178.6999
102887,418,180.4631
102887,419,181.322
102887,420,181.0343
102887,423,179.1896
102887,424,181.4672
102887,425,183.26
102887,426,184.2029
102887,427,184.9334
102887,430,185.605
102887,431,184.7337
102887,432,189.5627
102887,433,189.1303
102887,434,188.4308
102887,437,190.6846
102887,438,190.742
102887,439,190.819
102887,440,193.6743
102887,441,195.1197
102887,444,196.6765
102887,445,194.0016
102887,446,194.9023
102887,447,193.0517
102887,448,192.2829
102887,451,192.7382
102887,452,192.7826
102887,453,194.1736
102887,454,195.8043
102887,455,197.5979
102887,458,195.0549
102887,459,199.8745
102887,460,199.944
102887,461,202.5238
102887,462,197.5735
102887,465,197.1632
102887,466,194.3975
102887,467,192.8318
102887,468,193.045
102887,469,192.5093
102887,472,195.192
102887,473,198.8217
102887,474,197.0109
102887,475,196.1615
102887,476,194.249
102887,479,196.6424
102887,480,197.0751
102887,481,197.2567
102887,482,197.9967
102887,483,197.4943
102887,486,195.9133
102887,487,196.1309
102887,488,195.7202
102887,489,196.5229
102887,490,193.4319
102887,493,193.911
102887,494,192.6832
102887,495,193.0922
102887,496,194.9777
102887,497,194.0031
102887,500,196.4742
102887,501,193.172
102887,502,196.3182
102887,503,198.9025
102887,504,197.2504
102887,507,195.6285
102887,508,192.8177
102887,509,194.7325
102887,510,194.2007
102887,511,193.5271
102887,514,191.4633
102887,515,195.1082
102887,516,193.3196
102887,517,193.4819
102887,518,194.0189
102887,521,193.3559
102887,522,192.3029
102887,523,191.7026
102887,524,192.9128
102887,525,192.3536
102887,528,195.6475
102887,529,194.2368
102887,530,195.8353
102887,531,192.5135
102887,532,191.1256
102887,535,189.6725
102887,536,187.6855
102887,537,188.3346
102887,538,188.2375
102887,539,184.0728
102887,542,187.9244
102887,543,188.3702
102887,544,188.4846
102887,545,191.1037
102887,546,193.1328
102887,549,192.6679
102887,550,189.0259
102887,551,190.2174
102887,552,188.4925
102887,553,190.9753
102887,556,189.6
102887,557,188.8508
102887,558,186.4223
102887,559,184.1751
102887,560,184.0823
102887,563,183.8168
102887,564,183.0462
102887,565,186.9845
102887,566,188.2377
102887,567,188.3692
102887,570,183.3153
102887,571,184.9575
102887,572,190.7385
102887,573,190.4909
102887,574,189.0536
102887,577,189.4778
102887,578,186.875
102887,579,187.8591
102887,580,190.8348
102887,581,189.6615
102887,584,188.5568
102887,585,188.5176
102887,586,187.6793
102887,587,184.9503
102887,588,184.3433
102887,591,183.3649
102887,592,186.0187
102887,593,188.3096
102887,594,191.0942
102887,595,192.7593
102887,598,193.2745
102887,599,191.6927
102887,600,194.3877
102887,601,195.1865
102887,602,192.8614
102887,605,191.2069
102887,606,188.8993
102887,607,185.1427
102887,608,185.9798
102887,609,183.7831
102887,612,182.4968
102887,613,182.6769
102887,614,182.4399
102887,615,181.2405
102887,616,184.1461
102887,619,181.4423
102887,620,178.8562
102887,621,179.7904
102887,622,178.7657
102887,623,177.6768
102887,626,175.8596
102887,627,176.5652
102887,628,177.0725
102887,629,177.3908
102887,630,176.4566
102887,633,175.2302
102887,634,175.0465
102887,635,176.8654
102887,636,179.79
102887,637,181.9235
102887,640,182.9621
102887,641,184.8923
102887,642,182.8116
102887,643,181.6092
102887,644,182.6803
102887,647,182.5715
102887,648,183.3027
102887,649,185.2315
102887,650,186.8875
102887,651,184.9539
102887,654,185.0861
102887,655,183.4854
102887,656,182.1619
102887,657,179.1542
102887,658,179.5025
102887,661,176.4073
102887,662,177.2149
102887,663,179.765
102887,664,180.836
102887,665,181.0384
102887,668,183.9695
102887,669,184.6876
102887,670,183.1976
102887,671,183.5379
102887,672,187.3106
102887,675,185.3695
102887,676,182.9176
102887,677,184.1644
102887,678,183.8584
102887,679,182.984
102887,682,180.784
102887,683,177.3709
102887,684,174.8902
102887,685,177.866
102887,686,177.956
102887,689,174.5747
102887,690,176.7759
102887,691,179.0963
102887,692,181.437
102887,693,180.7735
102887,696,180.3918
102887,697,180.7497
102887,698,183.4294
102887,699,182.515
102887,700,181.2403
102887,703,182.6242
102887,704,184.9738
102887,705,184.9855
102887,706,186.3506
102887,707,186.673
102887,710,186.3118
102887,711,184.871
102887,712,182.8422
102887,713,181.821
102887,714,180.1483
102887,717,180.7713
102887,718,183.1123
102887,719,183.5985
102887,720,182.0109
102887,721,183.6962
102887,724,184.3564
102887,725,185.3884
102887,726,184.5303
102887,727,186.7615
102887,728,189.0099
102887,731,188.7719
102887,732,190.257
102887,733,192.4956
102887,734,191.7089
102887,735,191.666
102887,738,191.9344
102887,739,189.9354
102887,740,190.8964
102887,741,192.9888
102887,742,192.8239
102887,745,193.6007
102887,746,196.466
102887,747,195.7819
102887,748,196.6111
102887,749,195.6015
102887,752,194.5436
102887,753,195.3314
102887,754,195.9238
102887,755,197.1403
102887,756,197.4091
102887,759,198.4549
102887,760,201.9346
102887,761,204.2249
102887,762,205.0447
102887,763,206.2135
102887,766,205.7156
102887,767,205.5081
102887,768,206.6536
102887,769,206.9594
102887,770,208.7445
102887,773,211.5533
102887,774,211.4623
102887,775,207.3464
102887,776,211.7675
102887,777,210.5046
102887,780,211.0447
102887,781,212.7244
102887,782,215.8954
102887,783,219.9922
102887,784,219.3174
102887,787,222.0952
102887,788,222.6713
102887,789,229.0501
102887,790,231.7427
102887,791,231.4662
102887,794,229.7601
102887,795,223.8906
102887,796,225.5525
102887,797,227.9924
102887,798,229.8487
102887,801,224.5944
102887,802,221.8967
102887,803,223.1074
102887,804,227.2941
102887,805,227.3022
102887,808,229.9535
102887,809,227.704
102887,810,228.3157
102887,811,227.8201
102887,812,230.7007
102887,815,229.5855
102887,816,233.6381
102887,817,233.0533
102887,818,230.691
102887,819,228.4299
102887,822,227.1365
102887,823,228.1222
102887,824,226.859
102887,825,225.1246
102887,826,227.288
102887,829,220.1804
102887,830,219.359
102887,831,216.5577
102887,832,214.798
102887,833,215.4545
102887,836,215.1373
102887,837,214.6251
102887,838,217.3431
102887,839,217.4427
102887,840,221.5689
102887,843,223.298
102887,844,221.2645
102887,845,225.7545
102887,846,226.5229
102887,847,230.9744
102887,850,230.4929
102887,851,231.2638
102887,852,232.4116
102887,853,232.1562
102887,854,235.2916
102887,857,240.0625
102887,858,234.7167
102887,859,236.7931
102887,860,234.8076
102887,861,228.887
102887,864,230.2199
102887,865,231.5658
102887,866,233.2974
102887,867,234.3109
102887,868,236.5273
102887,871,235.234
102887,872,235.9996
102887,873,237.8077
102887,874,241.2163
102887,875,241.4666
102887,878,241.0903
102887,879,241.0996
102887,880,238.3583
102887,881,240.3575
102887,882,236.9938
102887,885,238.0712
102887,886,238.4161
102887,887,234.8579
102887,888,231.4857
102887,889,229.6391
102887,892,228.9807
102887,893,232.5615
102887,894,232.4404
102887,895,233.8634
102887,896,237.0091
102887,899,239.7293
102887,900,239.855
102887,901,238.2972
102887,902,239.641
102887,903,238.1325
102887,906,242.6728
102887,907,244.9504
102887,908,245.6123
102887,909,247.0318
102887,910,247.6234
102887,913,246.8527
102887,914,248.2441
102887,915,247.7846
102887,916,252.8193
102887,917,251.2098
102887,920,252.6517
102887,921,250.8156
102887,922,248.9666
102887,923,244.6704
102887,924,245.8335
102887,927,244.6633
102887,928,247.4969
102887,929,248.678
102887,930,249.198
102887,931,245.8267
102887,934,247.4274
102887,935,245.928
102887,936,242.5462
102887,937,243.746
102887,938,240.8175
102887,941,235.9354
102887,942,239.1826
102887,943,237.9762
102887,944,233.9678
102887,945,231.8467
102887,948,230.3049
102887,949,233.1151
102887,950,229.3769
102887,951,226.437
102887,952,228.8218
102887,955,227.9225
102887,956,228.5828
102887,957,227.59
102887,958,232.4108
102887,959,229.5458
102887,962,230.3365
102887,963,233.9916
102887,964,233.2477
102887,965,231.6201
102887,966,233.5569
102887,969,236.073
102887,970,234.3168
102887,971,237.9372
102887,972,238.2018
102887,973,239.5689
102887,976,243.3345
102887,977,245.3733
102887,978,245.5188
102887,979,244.0077
102887,980,250.9099
102887,983,249.0707
102887,984,250.0194
102887,985,251.4575
102887,986,253.0245
102887,987,258.664
102887,990,258.9421
102887,991,258.8482
102887,992,263.0864
102887,993,262.8827
102887,994,265.3721
102887,997,266.0508
102887,998,268.6918
102887,999,270.8248
102887,1000,269.8873
102887,1001,265.0753
102887,1004,260.7958
102887,1005,256.1552
102887,1006,256.0723
102887,1007,250.2205
102887,1008,249.9661
102887,1011,250.4524
102887,1012,252.7735
102887,1013,254.2131
102887,1014,256.6872
102887,1015,257.9138
102887,1018,257.2271
102887,1019,257.1055
102887,1020,255.0598
102887,1021,255.7991
102887,1022,251.897
102887,1025,254.7697
102887,1026,252.4754
102887,1027,253.0177
102887,1028,253.99
102887,1029,257.1371
102887,1032,252.9673
102887,1033,252.289
102887,1034,253.8421
102887,1035,258.516
102887,1036,258.5688
102887,1039,257.1775
102887,1040,262.642
102887,1041,264.9328
102887,1042,268.7862
102887,1043,265.6874
102887,1046,267.2456
102887,1047,264.5009
102887,1048,261.1999
102887,1049,262.8928
102887,1050,264.7832
102887,1053,263.6569
102887,1054,267.6492
102887,1055,266.8144
102887,1056,266.2477
102887,1057,266.3095
102887,1060,265.8164
102887,1061,269.4209
102887,1062,266.7656
102887,1063,264.9027
102887,1064,261.8966
102887,1067,267.0749
102887,1068,266.3612
102887,1069,264.4634
102887,1070,263.8556
102887,1071,266.2818
102887,1074,268.2288
102887,1075,266.8371
102887,1076,265.9228
102887,1077,262.2063
102887,1078,262.7295
102887,1081,266.3057
102887,1082,264.9064
102887,1083,266.7682
102887,1084,265.3655
102887,1085,262.6074
102887,1088,264.5716
102887,1089,271.0679
102887,1090,272.719
102887,1091,271.7454
102887,1092,270.9515
102887,1095,276.3803
102887,1096,277.4018
102887,1097,275.4325
102887,1098,275.4237
102887,1099,276.1859
102887,1102,277.6604
102887,1103,282.0922
102887,1104,285.9134
102887,1105,286.6558
102887,1106,286.7066
102887,1109,288.0245
102887,1110,286.4347
102887,1111,289.4502
102887,1112,289.0292
102887,1113,290.6358
102887,1116,295.8741
102887,1117,297.7044
102887,1118,298.5751
102887,1119,297.199
102887,1120,297.1421
102887,1123,293.934
102887,1124,295.6939
102887,1125,289.573
102887,1126,292.5874
102887,1127,294.9286
102887,1130,295.3964
102887,1131,293.9886
102887,1132,294.1155
102887,1133,289.0753
102887,1134,291.6591
102887,1137,291.3512
102887,1138,296.0111
102887,1139,297.3598
102887,1140,298.2317
102887,1141,299.6177
102887,1144,296.8629
102887,1145,295.6925
102887,1146,296.2653
102887,1147,295.539
102887,1148,294.0017
102887,1151,293.3406
102887,1152,293.6458
102887,1153,300.7683
102887,1154,299.962
102887,1155,298.0983
102887,1158,297.817
102887,1159,302.5387
102887,1160,307.5567
102887,1161,313.8452
102887,1162,314.2251
102887,1165,316.452
102887,1166,313.307
102887,1167,312.3788
102887,1168,309.0715
102887,1169,310.7342
102887,1172,311.0396
102887,1173,311.9352
102887,1174,309.4701
102887,1175,312.3208
102887,1176,305.0164
102887,1179,304.4238
102887,1180,304.2778
102887,1181,298.3181
102887,1182,299.6537
102887,1183,299.3089
102887,1186,301.1857
102887,1187,307.5011
102887,1188,308.6925
102887,1189,311.9193
102887,1190,316.4795
102887,1193,318.2422
102887,1194,315.6648
102887,1195,310.6742
102887,1196,312.0344
102887,1197,310.9631
102887,1200,315.1999
102887,1201,313.8809
102887,1202,314.0225
102887,1203,310.5603
102887,1204,309.6702
102887,1207,306.924
102887,1208,304.4823
102887,1209,304.5014
102887,1210,302.8246
102887,1211,311.142
102887,1214,313.9612
102887,1215,317.6013
102887,1216,317.4355
102887,1217,317.9632
102887,1218,316.7779
102887,1221,325.4626
102887,1222,325.2992
102887,1223,323.5182
102887,1224,321.2601
102887,1225,322.5397
102887,1228,327.3874
102887,1229,331.1909
102887,1230,328.8715
102887,1231,326.4873
102887,1232,330.8111
102887,1235,338.0936
102887,1236,337.8008
102887,1237,342.1377
102887,1238,337.3199
102887,1239,334.6634
102887,1242,331.4724
102887,1243,333.0506
102887,1244,332.6483
102887,1245,333.6461
102887,1246,337.9722
102887,1249,335.9544
102887,1250,336.4731
102887,1251,332.1638
102887,1252,336.2831
102887,1253,340.2224
102887,1256,341.6689
102887,1257,342.2859
102887,1258,340.7366
102887,1259,336.1775
102887,1260,337.4151
102887,1263,340.1991
102887,1264,347.401
102887,1265,346.2317
102887,1266,347.3826
102887,1267,351.5156
102887,1270,355.8058
102887,1271,353.791
102887,1272,353.007
102887,1273,351.3526
102887,1274,348.3806
102887,1277,353.7972
102887,1278,354.2317
102887,1279,354.1775
102887,1280,355.2743
102887,1281,355.6785
102887,1284,355.0985
102887,1285,352.5931
102887,1286,358.4132
102887,1287,356.5712
102887,1288,353.453
102887,1291,353.3764
102887,1292,361.36
102887,1293,358.5934
102887,1294,361.3824
102887,1295,360.7009
102887,1298,361.8073
102887,1299,365.4034
102887,1300,359.3383
102887,1301,356.3186
102887,1302,359.8086
102887,1305,360.3767
102887,1306,361.3621
102887,1307,364.1791
102887,1308,361.1433
102887,1309,365.2215
102887,1312,368.471
102887,1313,369.577
102887,1314,371.546
102887,1315,376.1582
102887,1316,374.1362
102887,1319,376.8627
102887,1320,383.7754
102887,1321,386.4914
102887,1322,385.8557
102887,1323,395.2127
102887,1326,396.369
102887,1327,402.2353
102887,1328,400.7685
102887,1329,405.3462
102887,1330,403.36
102887,1333,404.9178
102887,1334,402.6887
102887,1335,410.7238
102887,1336,410.0534
102887,1337,405.7413
102887,1340,406.3723
102887,1341,408.8214
102887,1342,408.9552
102887,1343,405.858
102887,1344,410.3677
102887,1347,415.8565
102887,1348,409.2498
102887,1349,405.8896
102887,1350,405.4792
102887,1351,403.5553
102887,1354,405.9419
102887,1355,413.7845
102887,1356,412.4444
102887,1357,419.3008
102887,1358,413.3871
102887,1361,415.5379
102887,1362,413.3005
102887,1363,415.5412
102887,1364,408.4911
102887,1365,403.4731
102887,1368,405.652
102887,1369,403.3244
102887,1370,402.2523
102887,1371,410.0105
102887,1372,410.8239
102887,1375,414.8207
102887,1376,411.9034
102887,1377,406.6147
102887,1378,406.5259
102887,1379,400.7029
102887,1382,398.1283
102887,1383,399.3211
102887,1384,399.1111
102887,1385,400.6975
102887,1386,403.3693
102887,1389,398.7745
102887,1390,395.2417
102887,1391,386.8878
102887,1392,385.6751
102887,1393,388.7811
102887,1396,394.9038
102887,1397,395.8983
102887,1398,401.655
102887,1399,403.4519
102887,1400,404.1296
102887,1403,401.8864
102887,1404,392.5738
102887,1405,397.6803
102887,1406,397.7037
102887,1407,403.5479
102887,1410,399.9418
102887,1411,410.0973
102887,1412,409.3138
102887,1413,406.7102
102887,1414,406.0734
102887,1417,407.0138
102887,1418,406.9693
102887,1419,405.1021
102887,1420,398.0419
102887,1421,395.0632
102887,1424,399.6024
102887,1425,396.3108
102887,1426,389.7434
102887,1427,385.8488
102887,1428,385.7337
102887,1431,383.0212
102887,1432,382.1698
102887,1433,379.3323
102887,1434,383.4407
102887,1435,385.5719
102887,1438,394.5231
102887,1439,393.2422
102887,1440,392.3481
102887,1441,397.2927
102887,1442,399.099
102887,1445,395.5651
102887,1446,398.0266
102887,1447,399.8585
102887,1448,392.9279
102887,1449,390.5894
102887,1452,391.5723
102887,1453,397.5587
102887,1454,400.6038
102887,1455,398.57
102887,1456,395.9708
102887,1459,399.4051
102887,1460,389.9881
102887,1461,387.057
102887,1462,392.8279
102887,1463,394.2394
102887,1466,391.4693
102887,1467,386.9852
102887,1468,390.5068
102887,1469,391.0459
102887,1470,390.4172
102887,1473,392.1249
102887,1474,393.0098
102887,1475,393.5924
102887,1476,388.6055
102887,1477,384.8349
102887,1480,387.9792
102887,1481,390.4042
102887,1482,392.144
102887,1483,390.0648
102887,1484,393.3188
102887,1487,392.0852
102887,1488,397.499
102887,1489,394.7531
102887,1490,392.9024
102887,1491,392.5367
102887,1494,396.1391
102887,1495,396.2348
102887,1496,396.6214
102887,1497,395.2943
102887,1498,396.5998
102887,1501,396.5532
102887,1502,393.665
102887,1503,394.4051
102887,1504,395.2402
102887,1505,404.9537
102887,1508,402.7071
102887,1509,399.5523
102887,1510,400.9161
102887,1511,397.1606
102887,1512,393.1222
102887,1515,387.7005
102887,1516,384.9146
102887,1517,382.2438
102887,1518,377.5563
102887,1519,376.8293
102887,1522,368.1685
102887,1523,370.2182
102887,1524,368.3655
102887,1525,367.0657
102887,1526,369.4632
102887,1529,371.0709
102887,1530,368.9421
102887,1531,370.8466
102887,1532,376.9057
102887,1533,373.3023
102887,1536,376.3731
102887,1537,372.3958
102887,1538,377.0582
102887,1539,374.5852
102887,1540,371.9852
102887,1543,376.543
102887,1544,379.5173
102887,1545,377.153
102887,1546,377.8623
102887,1547,375.3915
102887,1550,369.6333
102887,1551,370.5597
102887,1552,369.4507
102887,1553,366.1633
102887,1554,371.2312
102887,1557,368.0534
102887,1558,368.8073
102887,1559,373.0655
102887,1560,372.3255
102887,1561,369.8006
102887,1564,371.1329
102887,1565,373.0634
102887,1566,376.5981
102887,1567,383.9967
102887,1568,382.4585
102887,1571,383.4424
102887,1572,378.7937
102887,1573,381.5735
102887,1574,382.5083
102887,1575,382.0474
102887,1578,379.9009
102887,1579,378.7945
102887,1580,379.9239
102887,1581,376.4662
102887,1582,375.5261
102887,1585,375.8129
102887,1586,370.2464
102887,1587,366.5621
102887,1588,364.3485
102887,1589,370.3737
102887,1592,367.5042
102887,1593,367.5163
102887,1594,363.8985
102887,1595,361.2769
102887,1596,356.2797
102887,1599,358.9084
102887,1600,354.3561
102887,1601,357.8233
102887,1602,359.7288
102887,1603,359.6696
102887,1606,363.3097
102887,1607,375.0758
102887,1608,377.1098
102887,1609,373.0985
102887,1610,378.9657
148567,3,70.2514
148567,4,71.6085
148567,5,71.3264
148567,6,72.1746
148567,7,72.2118
148567,10,73.9618
148567,11,73.8165
148567,12,75.8357
148567,13,76.1698
148567,14,76.7804
148567,17,77.9807
148567,18,77.4808
148567,19,78.1861
148567,20,78.0248
148567,21,78.1691
148567,24,78.2668
148567,25,78.7035
148567,26,79.1132
148567,27,78.7535
148567,28,78.8809
148567,31,77.3135
148567,32,78.0318
148567,33,79.2472
148567,34,79.4215
148567,35,78.3449
148567,38,78.9006
148567,39,78.4114
148567,40,78.5781
148567,41,79.0954
148567,42,79.5185
148567,45,80.3215
148567,46,80.4668
148567,47,80.6315
148567,48,81.199
148567,49,81.1897
148567,52,80.7403
148567,53,81.1047
148567,54,80.3427
148567,55,80.3268
148567,56,79.3976
148567,59,79.0508
148567,60,78.7344
148567,61,78.0942
148567,62,78.8965
148567,63,79.6491
148567,66,80.6191
148567,67,80.5272
148567,68,80.2612
148567,69,80.8737
148567,70,81.0072
148567,73,81.1373
148567,74,79.3783
148567,75,79.9509
148567,76,80.4335
148567,77,80.4712
148567,80,81.0941
148567,81,81.5676
148567,82,81.1098
148567,83,80.9945
148567,84,80.3193
148567,87,81.4037
148567,88,82.1507
148567,89,81.6052
148567,90,82.0941
148567,91,82.3386
148567,94,81.8842
148567,95,82.0163
148567,96,82.6822
148567,97,83.4134
148567,98,85.1906
148567,101,85.3055
148567,102,85.1707
148567,103,85.6382
148567,104,85.5442
148567,105,85.148
148567,108,84.4992
148567,109,82.0254
148567,110,82.6013
148567,111,81.4587
148567,112,80.8707
148567,115,81.1214
148567,116,80.9335
148567,117,82.5248
148567,118,81.4756
148567,119,83.1431
148567,122,84.2051
148567,123,84.9267
148567,124,86.056
148567,125,86.4082
148567,126,85.1638
148567,129,85.5955
148567,130,84.5287
148567,131,84.1791
148567,132,84.1646
148567,133,83.5341
148567,136,84.2775
148567,137,84.1621
148567,138,84.5101
148567,139,84.5467
148567,140,84.6845
148567,143,84.0681
148567,144,83.245
148567,145,83.1751
148567,146,82.512
148567,147,83.5754
148567,150,82.6097
148567,151,84.3735
148567,152,84.6421
148567,153,84.7376
148567,154,84.3783
148567,157,84.9124
148567,158,84.8033
148567,159,85.0722
148567,160,85.7504
148567,161,86.3025
148567,164,87.2964
148567,165,87.7567
148567,166,87.0685
148567,167,85.5301
148567,168,85.7337
148567,171,85.9487
148567,172,87.4661
148567,173,87.4219
148567,174,87.7563
148567,175,88.4055
148567,178,88.8525
148567,179,89.5625
148567,180,88.9644
148567,181,88.2472
148567,182,88.0745
148567,185,86.4465
148567,186,86.4609
148567,187,86.0038
148567,188,86.293
148567,189,86.136
148567,192,85.4121
148567,193,86.4498
148567,194,86.5574
148567,195,87.2636
148567,196,87.45
148567,199,87.8539
148567,200,86.8505
148567,201,87.8803
148567,202,88.6097
148567,203,88.6407
148567,206,88.912
148567,207,89.7479
148567,208,89.5001
148567,209,88.3048
148567,210,88.0755
148567,213,88.2395
148567,214,88.2598
148567,215,89.3374
148567,216,88.63
148567,217,88.0265
148567,220,87.2539
148567,221,87.6296
148567,222,86.5028
148567,223,87.117
148567,224,86.4478
148567,227,85.9047
148567,228,87.3014
148567,229,88.3011
148567,230,88.4396
148567,231,87.468
148567,234,89.0817
148567,235,88.9735
148567,236,89.214
148567,237,89.9808
148567,238,88.4822
148567,241,88.0296
148567,242,88.0221
148567,243,88.1691
148567,244,87.2063
148567,245,87.5027
148567,248,87.5739
148567,249,88.917
148567,250,89.7512
148567,251,89.5845
148567,252,89.4759
148567,255,90.3266
148567,256,90.5996
148567,257,89.5568
148567,258,91.2729
148567,259,90.5263
148567,262,92.575
148567,263,92.973
148567,264,92.5011
148567,265,90.6369
148567,266,91.307
148567,269,90.1136
148567,270,90.4446
148567,271,92.0477
148567,272,91.1758
148567,273,91.8185
148567,276,91.2107
148567,277,92.1743
148567,278,92.2754
148567,279,92.3075
148567,280,93.3437
148567,283,93.9084
148567,284,93.2924
148567,285,94.8233
148567,286,93.5959
148567,287,93.8721
148567,290,93.2415
148567,291,92.074
148567,292,91.2046
148567,293,91.2121
148567,294,91.541
148567,297,92.4476
148567,298,93.7073
148567,299,93.9855
148567,300,93.6672
148567,301,94.5782
148567,304,94.1154
148567,305,92.8482
148567,306,93.6686
148567,307,94.8176
148567,308,94.1814
148567,311,95.8737
148567,312,96.4177
148567,313,96.8373
148567,314,96.4468
148567,315,97.3662
148567,318,96.1156
148567,319,95.8774
148567,320,95.3087
148567,321,94.2634
148567,322,95.0326
148567,325,95.3681
148567,326,96.0968
148567,327,95.9107
148567,328,96.7975
148567,329,96.9134
148567,332,96.5605
148567,333,96.0675
148567,334,94.4508
148567,335,95.475
148567,336,96.4137
148567,339,98.9862
148567,340,98.7455
148567,341,98.2172
148567,342,96.8043
148567,343,97.6777
148567,346,98.3592
148567,347,99.766
148567,348,99.0138
148567,349,99.6927
148567,350,99.286
148567,353,100.5214
148567,354,101.05
148567,355,99.7245
148567,356,99.6606
148567,357,98.0135
148567,360,97.0632
148567,361,96.1734
148567,362,95.6806
148567,363,95.5085
148567,364,95.6965
148567,367,95.8427
148567,368,95.872
148567,369,96.203
148567,370,95.1976
148567,371,95.3082
148567,374,96.5714
148567,375,96.48
148567,376,96.9519
148567,377,97.3461
148567,378,98.1398
148567,381,98.4394
148567,382,99.2272
148567,383,99.7236
148567,384,100.3551
148567,385,100.7991
148567,388,99.9597
148567,389,98.9839
148567,390,98.727
148567,391,100.1389
148567,392,100.039
148567,395,100.3643
148567,396,98.6888
148567,397,98.9086
148567,398,99.0347
148567,399,96.777
148567,402,97.0757
148567,403,95.7218
148567,404,95.1605
148567,405,96.0483
148567,406,96.2314
148567,409,95.901
148567,410,95.4997
148567,411,95.1974
148567,412,95.3817
148567,413,94.4258
148567,416,95.416
148567,417,94.504
148567,418,93.1235
148567,419,93.9895
148567,420,93.6764
148567,423,93.783
148567,424,94.3746
148567,425,93.8261
148567,426,93.9882
148567,427,94.5758
148567,430,96.0059
148567,431,95.6234
148567,432,95.283
148567,433,95.8069
148567,434,96.0329
148567,437,95.9664
148567,438,97.3741
148567,439,95.9894
148567,440,94.8423
148567,441,93.5032
148567,444,94.5481
148567,445,95.0273
148567,446,93.9339
148567,447,93.8805
148567,448,93.906
148567,451,92.1416
148567,452,92.3423
148567,453,91.4355
148567,454,92.0546
148567,455,91.1752
148567,458,91.3987
148567,459,92.4959
148567,460,93.3424
148567,461,93.8093
148567,462,93.7904
148567,465,92.6055
148567,466,92.2952
148567,467,92.1589
148567,468,91.9646
148567,469,90.776
148567,472,91.1715
148567,473,90.2735
148567,474,91.56
148567,475,91.7269
148567,476,92.5703
148567,479,93.4044
148567,480,95.1809
148567,481,95.3829
148567,482,95.1044
148567,483,94.8429
148567,486,96.1521
148567,487,95.0881
148567,488,94.4033
148567,489,94.6496
148567,490,94.5709
148567,493,95.4306
148567,494,94.3592
148567,495,94.3522
148567,496,94.2453
148567,497,93.4065
148567,500,94.1817
148567,501,94.154
148567,502,94.0913
148567,503,93.4576
148567,504,93.2014
148567,507,92.4131
148567,508,93.1678
148567,509,94.0688
148567,510,95.5222
148567,511,95.9381
148567,514,95.7008
148567,515,95.355
148567,516,95.818
148567,517,96.0374
148567,518,95.9394
148567,521,95.7673
148567,522,96.8115
148567,523,96.4933
148567,524,97.6965
148567,525,97.9041
148567,528,97.6373
148567,529,97.0135
148567,530,96.9314
148567,531,97.4129
148567,532,97.1396
148567,535,97.9213
148567,536,97.6036
148567,537,97.5466
148567,538,96.4957
148567,539,97.023
148567,542,96.8446
148567,543,98.2532
148567,544,98.9169
148567,545,99.0417
148567,546,100.1693
148567,549,100.5797
148567,550,101.5304
148567,551,100.8132
148567,552,101.2763
148567,553,101.7788
148567,556,100.4534
148567,557,101.8496
148567,558,100.8647
148567,559,99.7673
148567,560,97.3422
148567,563,97.8003
148567,564,96.4431
148567,565,96.054
148567,566,96.8163
148567,567,97.0305
148567,570,96.548
148567,571,95.2522
148567,572,95.2109
148567,573,95.9813
148567,574,96.6262
148567,577,98.2115
148567,578,97.6976
148567,579,96.6192
148567,580,96.9337
148567,581,97.1647
148567,584,97.2106
148567,585,96.6227
148567,586,94.4366
148567,587,93.6503
148567,588,94.16
148567,591,94.4449
148567,592,95.3014
148567,593,95.6413
148567,594,96.3138
148567,595,97.0156
148567,598,97.0832
148567,599,97.1569
148567,600,94.745
148567,601,94.2466
148567,602,93.7865
148567,605,93.7449
148567,606,93.0268
148567,607,93.8476
148567,608,93.1689
148567,609,94.1277
148567,612,93.3813
148567,613,92.9334
148567,614,92.4255
148567,615,92.0694
148567,616,93.0794
148567,619,92.8592
148567,620,92.6603
148567,621,92.1036
148567,622,91.9402
148567,623,92.1634
148567,626,92.0362
148567,627,91.9617
148567,628,92.8373
148567,629,93.1096
148567,630,92.2169
148567,633,92.1952
148567,634,91.8058
148567,635,92.2762
148567,636,92.4077
148567,637,93.3816
148567,640,92.822
148567,641,92.7124
148567,642,91.8938
148567,643,91.9074
148567,644,90.7171
148567,647,91.0216
148567,648,91.024
148567,649,91.1957
148567,650,91.8792
148567,651,92.109
148567,654,91.1247
148567,655,90.7259
148567,656,90.7085
148567,657,90.4931
148567,658,90.3755
148567,661,91.7244
148567,662,91.853
148567,663,92.2107
148567,664,90.6383
148567,665,91.2836
148567,668,93.657
148567,669,94.824
148567,670,94.5054
148567,671,96.4755
148567,672,96.5487
148567,675,96.8601
148567,676,96.6817
148567,677,96.4817
148567,678,94.6365
148567,679,95.3452
148567,682,95.1449
148567,683,95.0362
148567,684,95.3147
148567,685,95.0159
148567,686,95.2864
148567,689,96.3524
148567,690,96.7469
148567,691,96.6659
148567,692,96.6105
148567,693,96.8315
148567,696,96.1731
148567,697,96.3992
148567,698,97.033
148567,699,97.1581
148567,700,96.8453
148567,703,96.6502
148567,704,97.2579
148567,705,96.3685
148567,706,95.7264
148567,707,94.4281
148567,710,94.5052
148567,711,95.2754
148567,712,96.4505
148567,713,97.8273
148567,714,97.2836
148567,717,97.5487
148567,718,97.2533
148567,719,98.7277
148567,720,99.9207
148567,721,100.1206
148567,724,99.6266
148567,725,96.6925
148567,726,95.527
148567,727,94.0276
148567,728,92.8839
148567,731,94.4845
148567,732,93.4597
148567,733,92.6371
148567,734,91.9355
148567,735,94.1153
148567,738,94.112
148567,739,94.9898
148567,740,95.1859
148567,741,93.5828
148567,742,94.9053
148567,745,95.2907
148567,746,95.2376
148567,747,96.7774
148567,748,96.5319
148567,749,96.4588
148567,752,96.2153
148567,753,97.183
148567,754,97.9335
148567,755,98.2251
148567,756,97.3685
148567,759,97.1011
148567,760,96.254
148567,761,97.2942
148567,762,96.0019
148567,763,97.4115
148567,766,98.5749
148567,767,97.8301
148567,768,97.5217
148567,769,96.9609
148567,770,97.3797
148567,773,98.6512
148567,774,99.7395
148567,775,99.4107
148567,776,100.5688
148567,777,101.666
148567,780,101.5492
148567,781,101.5931
148567,782,103.037
148567,783,104.0569
148567,784,105.2412
148567,787,107.724
148567,788,108.301
148567,789,108.6685
148567,790,110.0345
148567,791,112.0383
148567,794,111.4933
148567,795,111.3525
148567,796,110.4136
148567,797,110.805
148567,798,111.7351
148567,801,110.8611
148567,802,112.033
148567,803,111.6435
148567,804,111.1755
148567,805,112.3469
148567,808,111.7869
148567,809,110.4687
148567,810,111.253
148567,811,111.1812
148567,812,112.4201
148567,815,113.3074
148567,816,111.6314
148567,817,112.9923
148567,818,114.9607
148567,819,116.0732
148567,822,117.2382
148567,823,117.0428
148567,824,116.6119
148567,825,116.8909
148567,826,117.9038
148567,829,118.8992
148567,830,118.5022
148567,831,118.0009
148567,832,116.5204
148567,833,117.2475
148567,836,116.9055
148567,837,116.6556
148567,838,118.508
148567,839,119.1966
148567,840,119.5982
148567,843,120.5392
148567,844,122.1219
148567,845,120.4543
148567,846,119.9168
148567,847,119.7333
148567,850,118.7659
148567,851,118.5496
148567,852,116.9992
148567,853,118.0155
148567,854,117.5387
148567,857,117.808
148567,858,117.9221
148567,859,118.5644
148567,860,116.0788
148567,861,116.6008
148567,864,116.3783
148567,865,116.8569
148567,866,115.7073
148567,867,116.1902
148567,868,117.589
148567,871,117.8468
148567,872,117.1641
148567,873,116.5303
148567,874,117.1845
148567,875,117.8354
148567,878,118.2675
148567,879,118.2894
148567,880,118.5625
148567,881,118.5558
148567,882,118.2192
148567,885,119.073
148567,886,119.4607
148567,887,120.8904
148567,888,122.1501
148567,889,122.5125
148567,892,123.2211
148567,893,122.2483
148567,894,122.2277
148567,895,122.6609
148567,896,121.0231
148567,899,121.545
148567,900,120.5833
148567,901,119.7449
148567,902,119.2486
148567,903,119.278
148567,906,117.95
148567,907,118.9058
148567,908,119.1534
148567,909,121.2561
148567,910,121.6401
148567,913,122.3171
148567,914,121.4621
148567,915,120.2648
148567,916,120.9856
148567,917,119.8866
148567,920,120.6293
148567,921,122.5217
148567,922,123.6117
148567,923,124.2992
148567,924,124.6593
148567,927,124.302
148567,928,124.2406
148567,929,123.6864
148567,930,122.3229
148567,931,122.4242
148567,934,123.6901
148567,935,122.3552
148567,936,123.9376
148567,937,125.3398
148567,938,125.8443
148567,941,126.3598
148567,942,126.2175
148567,943,126.3295
148567,944,125.879
148567,945,125.9791
148567,948,126.1996
148567,949,128.377
148567,950,129.0856
148567,951,128.9139
148567,952,128.868
148567,955,128.126
148567,956,127.5736
148567,957,128.6687
148567,958,128.1755
148567,959,127.5451
148567,962,126.9458
148567,963,126.1971
148567,964,127.5237
148567,965,127.7502
148567,966,127.4982
148567,969,127.597
148567,970,127.9077
148567,971,127.1331
148567,972,125.6493
148567,973,127.207
148567,976,128.3864
148567,977,128.8814
148567,978,129.9975
148567,979,132.2791
148567,980,131.7239
148567,983,130.4965
148567,984,131.3277
148567,985,129.7067
148567,986,129.8171
148567,987,129.5427
148567,990,130.3821
148567,991,129.8957
148567,992,131.3452
148567,993,130.5502
148567,994,131.4331
148567,997,130.7304
148567,998,131.432
148567,999,130.3284
148567,1000,130.3679
148567,1001,131.9649
148567,1004,132.167
148567,1005,133.6221
148567,1006,133.6601
148567,1007,133.1348
148567,1008,133.4056
148567,1011,134.2044
148567,1012,132.036
148567,1013,132.714
148567,1014,131.6865
148567,1015,130.3807
148567,1018,131.0691
148567,1019,132.6939
148567,1020,133.016
148567,1021,131.5032
148567,1022,130.7953
148567,1025,130.381
148567,1026,130.674
148567,1027,130.6586
148567,1028,131.2982
148567,1029,132.5296
148567,1032,133.0018
148567,1033,134.1285
148567,1034,133.8789
148567,1035,137.8986
148567,1036,138.6445
148567,1039,139.5554
148567,1040,141.8087
148567,1041,141.9923
148567,1042,141.2591
148567,1043,142.9698
148567,1046,144.7761
148567,1047,145.047
148567,1048,147.3915
148567,1049,147.3593
148567,1050,148.6525
148567,1053,150.7305
148567,1054,150.9391
148567,1055,151.6266
148567,1056,153.0838
148567,1057,152.6689
148567,1060,151.6549
148567,1061,153.5274
148567,1062,154.0228
148567,1063,153.4166
148567,1064,153.6233
148567,1067,154.3934
148567,1068,152.3499
148567,1069,153.3941
148567,1070,154.0271
148567,1071,156.3725
148567,1074,156.1513
148567,1075,158.1409
148567,1076,158.1602
148567,1077,158.4361
148567,1078,158.9112
148567,1081,161.9555
148567,1082,160.2775
148567,1083,161.0619
148567,1084,161.205
148567,1085,161.2476
148567,1088,162.1624
148567,1089,163.8364
148567,1090,164.6913
148567,1091,166.5811
148567,1092,166.2986
148567,1095,166.3132
148567,1096,164.9367
148567,1097,167.933
148567,1098,167.7432
148567,1099,167.3904
148567,1102,168.3752
148567,1103,170.115
148567,1104,169.1671
148567,1105,171.035
148567,1106,170.6661
148567,1109,172.9222
148567,1110,172.1881
148567,1111,173.398
148567,1112,173.5528
148567,1113,171.926
148567,1116,169.88
148567,1117,168.8576
148567,1118,170.4301
148567,1119,167.6208
148567,1120,168.2019
148567,1123,168.6555
148567,1124,166.2575
148567,1125,165.1783
148567,1126,164.1035
148567,1127,164.2644
148567,1130,166.4884
148567,1131,168.1609
148567,1132,167.7139
148567,1133,166.5775
148567,1134,164.3886
148567,1137,163.9252
148567,1138,162.7149
148567,1139,162.7469
148567,1140,162.8334
148567,1141,162.2355
148567,1144,161.6697
148567,1145,160.7665
148567,1146,160.1241
148567,1147,162.2484
148567,1148,163.0751
148567,1151,163.9256
148567,1152,165.4805
148567,1153,166.9199
148567,1154,169.1177
148567,1155,170.0853
148567,1158,170.4812
148567,1159,169.6828
148567,1160,168.5409
148567,1161,169.9451
148567,1162,169.8663
148567,1165,167.9279
148567,1166,164.9416
148567,1167,168.1822
148567,1168,166.8122
148567,1169,165.8912
148567,1172,167.7842
148567,1173,166.091
148567,1174,166.9574
148567,1175,169.7493
148567,1176,173.0327
148567,1179,172.4402
148567,1180,172.5109
148567,1181,171.9976
148567,1182,172.0591
148567,1183,174.1302
148567,1186,172.0833
148567,1187,173.1588
148567,1188,172.9497
148567,1189,175.14
148567,1190,177.275
148567,1193,176.7308
148567,1194,176.6493
148567,1195,178.1375
148567,1196,179.7818
148567,1197,175.9948
148567,1200,177.4724
148567,1201,180.1612
148567,1202,180.6609
148567,1203,182.2752
148567,1204,184.4376
148567,1207,184.8937
148567,1208,186.3223
148567,1209,186.4393
148567,1210,186.4497
148567,1211,185.4607
148567,1214,185.8398
148567,1215,189.0556
148567,1216,187.6536
148567,1217,188.7747
148567,1218,189.4074
148567,1221,191.9861
148567,1222,194.9229
148567,1223,193.4403
148567,1224,192.5625
148567,1225,191.781
148567,1228,191.0623
148567,1229,190.4904
148567,1230,191.1729
148567,1231,189.8408
148567,1232,188.7518
148567,1235,187.5371
148567,1236,188.4508
148567,1237,188.442
148567,1238,188.1385
148567,1239,186.8431
148567,1242,184.3136
148567,1243,187.0813
148567,1244,186.7019
148567,1245,191.3173
148567,1246,192.725
148567,1249,195.9604
148567,1250,197.7869
148567,1251,198.1658
148567,1252,197.2258
148567,1253,195.6349
148567,1256,197.6782
148567,1257,198.243
148567,1258,199.4267
148567,1259,200.9682
148567,1260,201.7042
148567,1263,200.9702
148567,1264,202.8778
148567,1265,202.628
148567,1266,202.8945
148567,1267,204.2876
148567,1270,204.2868
148567,1271,201.1415
148567,1272,203.1007
148567,1273,205.4669
148567,1274,202.2798
148567,1277,200.5306
148567,1278,204.2474
148567,1279,204.7714
148567,1280,204.8834
148567,1281,204.2198
148567,1284,202.4763
148567,1285,202.2337
148567,1286,204.0844
148567,1287,204.1614
148567,1288,205.3691
148567,1291,208.6998
148567,1292,207.7413
148567,1293,208.4044
148567,1294,210.3671
148567,1295,208.7511
148567,1298,209.1871
148567,1299,212.7797
148567,1300,212.2516
148567,1301,214.3714
148567,1302,214.2152
148567,1305,217.7544
148567,1306,214.728
148567,1307,214.9619
148567,1308,212.286
148567,1309,211.0868
148567,1312,209.8833
148567,1313,209.4978
148567,1314,207.4207
148567,1315,207.3965
148567,1316,208.3479
148567,1319,205.6581
148567,1320,204.6152
148567,1321,209.3603
148567,1322,210.0774
148567,1323,206.8432
148567,1326,204.4096
148567,1327,204.923
148567,1328,205.2108
148567,1329,204.2557
148567,1330,208.3526
148567,1333,213.3305
148567,1334,212.9435
148567,1335,214.7
148567,1336,216.5668
148567,1337,218.7057
148567,1340,217.5868
148567,1341,221.4547
148567,1342,221.435
148567,1343,222.3753
148567,1344,222.494
148567,1347,222.3348
148567,1348,222.9963
148567,1349,220.7902
148567,1350,217.0971
148567,1351,216.8007
148567,1354,215.2349
148567,1355,216.3883
148567,1356,217.3298
148567,1357,217.4678
148567,1358,220.4416
148567,1361,220.5432
148567,1362,217.8376
148567,1363,217.5206
148567,1364,219.8919
148567,1365,216.3797
148567,1368,216.3119
148567,1369,217.5246
148567,1370,222.7875
148567,1371,225.2904
148567,1372,225.6704
148567,1375,226.8262
148567,1376,223.1767
148567,1377,221.2343
148567,1378,222.6228
148567,1379,223.0545
148567,1382,223.7386
148567,1383,223.9214
148567,1384,224.0269
148567,1385,224.3461
148567,1386,222.3811
148567,1389,222.0471
148567,1390,219.7374
148567,1391,218.6527
148567,1392,221.0851
148567,1393,220.8468
148567,1396,222.1249
148567,1397,222.4656
148567,1398,221.8262
148567,1399,219.9753
148567,1400,219.3137
148567,1403,219.7816
148567,1404,221.023
148567,1405,221.3757
148567,1406,222.7623
148567,1407,219.9091
148567,1410,221.7107
148567,1411,219.6289
148567,1412,221.6565
148567,1413,222.7556
148567,1414,219.2248
148567,1417,220.7681
148567,1418,222.829
148567,1419,225.431
148567,1420,224.0236
148567,1421,224.4942
148567,1424,225.9899
148567,1425,227.5795
148567,1426,228.5208
148567,1427,227.7801
148567,1428,229.8919
148567,1431,232.0354
148567,1432,231.8394
148567,1433,230.3617
148567,1434,229.0057
148567,1435,231.8984
148567,1438,233.9715
148567,1439,234.0509
148567,1440,233.7607
148567,1441,230.2625
148567,1442,230.2099
148567,1445,227.9218
148567,1446,228.3594
148567,1447,230.878
148567,1448,229.0084
148567,1449,229.6092
148567,1452,231.7581
148567,1453,232.3286
148567,1454,231.3768
148567,1455,231.5174
148567,1456,233.6007
148567,1459,234.2631
148567,1460,234.377
148567,1461,236.9011
148567,1462,238.1022
148567,1463,235.7112
148567,1466,237.1497
148567,1467,239.2674
148567,1468,236.7928
148567,1469,232.2218
148567,1470,230.2165
148567,1473,230.1271
148567,1474,232.3055
148567,1475,230.6062
148567,1476,231.8576
148567,1477,226.1347
148567,1480,226.6114
148567,1481,225.9165
148567,1482,230.2554
148567,1483,226.562
148567,1484,226.6499
148567,1487,223.0022
148567,1488,222.0382
148567,1489,218.8448
148567,1490,223.4459
148567,1491,222.8613
148567,1494,222.5617
148567,1495,222.5927
148567,1496,220.4947
148567,1497,222.6711
148567,1498,224.0474
148567,1501,225.9851
148567,1502,223.6861
148567,1503,226.0536
148567,1504,228.2136
148567,1505,227.8639
148567,1508,229.7881
148567,1509,230.4602
148567,1510,227.3604
148567,1511,227.1112
148567,1512,226.2655
148567,1515,226.5529
148567,1516,228.7203
148567,1517,225.5497
148567,1518,224.785
148567,1519,223.2768
148567,1522,221.8628
148567,1523,220.3717
148567,1524,220.618
148567,1525,221.7527
148567,1526,222.5497
148567,1529,223.0294
148567,1530,224.3714
148567,1531,229.2496
148567,1532,229.6429
148567,1533,231.8399
148567,1536,233.9404
148567,1537,237.7598
148567,1538,239.0613
148567,1539,237.4103
148567,1540,238.1723
148567,1543,238.8236
148567,1544,240.6708
148567,1545,238.9474
148567,1546,241.7556
148567,1547,241.8915
148567,1550,243.8145
148567,1551,244.6075
148567,1552,244.9984
148567,1553,245.6309
148567,1554,247.2184
148567,1557,251.6557
148567,1558,247.3455
148567,1559,248.6545
148567,1560,248.8793
148567,1561,248.6191
148567,1564,243.6166
148567,1565,244.9927
148567,1566,244.8491
148567,1567,243.1793
148567,1568,243.396
148567,1571,242.8936
148567,1572,239.3131
148567,1573,239.6229
148567,1574,240.9762
148567,1575,239.9355
148567,1578,240.614
148567,1579,240.9678
148567,1580,243.3254
148567,1581,243.2284
148567,1582,245.0793
148567,1585,244.5291
148567,1586,248.9371
148567,1587,248.1079
148567,1588,246.7408
148567,1589,246.6494
148567,1592,245.1973
148567,1593,242.6371
148567,1594,244.3251
148567,1595,237.9369
148567,1596,236.558
148567,1599,233.8959
148567,1600,234.3102
148567,1601,229.9485
148567,1602,231.1814
148567,1603,232.643
148567,1606,229.4356
148567,1607,229.9402
148567,1608,231.1083
148567,1609,233.153
148567,1610,230.2708
148568,3,84.0757
148568,4,85.4096
148568,5,84.7554
148568,6,84.3563
148568,7,84.9469
148568,10,84.0017
148568,11,83.8268
148568,12,84.6339
148568,13,83.48
148568,14,83.1098
148568,17,82.2203
148568,18,81.63
148568,19,82.6605
148568,20,83.8894
148568,21,84.1577
148568,24,84.6608
148568,25,85.1433
148568,26,84.6187
148568,27,84.8725
148568,28,83.8216
148568,31,83.065
148568,32,83.0418
148568,33,82.2075
148568,34,81.208
148568,35,80.6754
148568,38,81.6615
148568,39,83.0026
148568,40,83.0248
148568,41,83.5631
148568,42,83.1394
148568,45,81.4748
148568,46,80.7924
148568,47,80.5897
148568,48,80.7523
148568,49,80.7182
148568,52,80.5373
148568,53,80.1199
148568,54,80.4459
148568,55,79.3949
148568,56,80.087
148568,59,79.6624
148568,60,81.388
148568,61,81.1781
148568,62,80.8342
148568,63,80.425
148568,66,80.0924
148568,67,80.632
148568,68,80.6457
148568,69,81.5005
148568,70,81.9317
148568,73,82.0065
148568,74,82.3643
148568,75,83.4131
148568,76,84.0171
148568,77,84.3051
148568,80,84.7155
148568,81,83.7869
148568,82,86.0382
148568,83,86.5489
148568,84,87.1503
148568,87,87.1769
148568,88,85.2321
148568,89,85.055
148568,90,85.1709
148568,91,84.5177
148568,94,83.8622
148568,95,83.6257
148568,96,84.3287
148568,97,85.4537
148568,98,85.652
148568,101,85.2143
148568,102,84.9542
148568,103,85.0901
148568,104,85.3281
148568,105,85.754
148568,108,85.4259
148568,109,85.934
148568,110,86.3763
148568,111,86.0842
148568,112,84.6555
148568,115,83.9538
148568,116,85.3415
148568,117,83.9471
148568,118,85.12
148568,119,83.6996
148568,122,83.0994
148568,123,82.8354
148568,124,84.3871
148568,125,84.4596
148568,126,84.3278
148568,129,83.5863
148568,130,84.0772
148568,131,83.6936
148568,132,83.5504
148568,133,83.2987
148568,136,83.9553
148568,137,84.6527
148568,138,83.9464
148568,139,83.467
148568,140,82.9079
148568,143,83.1107
148568,144,83.9237
148568,145,84.1403
148568,146,82.3518
148568,147,83.0343
148568,150,81.9617
148568,151,81.4214
148568,152,81.633
148568,153,81.6126
148568,154,82.3827
148568,157,81.9259
148568,158,81.1799
148568,159,80.9735
148568,160,81.8235
148568,161,82.3934
148568,164,82.515
148568,165,83.6749
148568,166,84.6964
148568,167,85.423
148568,168,84.4651
148568,171,85.1852
148568,172,85.0623
148568,173,84.7748
148568,174,84.2437
148568,175,84.1481
148568,178,83.6688
148568,179,83.862
148568,180,83.7658
148568,181,84.0022
148568,182,84.5222
148568,185,84.322
148568,186,83.7475
148568,187,82.1198
148568,188,82.8094
148568,189,82.9246
148568,192,82.8267
148568,193,83.8608
148568,194,82.828
148568,195,82.9243
148568,196,82.1713
148568,199,82.7657
148568,200,80.9775
148568,201,81.685
148568,202,82.3643
148568,203,81.6502
148568,206,81.7535
148568,207,81.0623
148568,208,81.4608
148568,209,82.186
148568,210,81.4061
148568,213,80.3969
148568,214,81.3387
148568,215,82.9952
148568,216,83.4595
148568,217,83.989
148568,220,83.7582
148568,221,83.9603
148568,222,84.3078
148568,223,84.2029
148568,224,85.4072
148568,227,85.6104
148568,228,85.9256
148568,229,85.8366
148568,230,85.8355
148568,231,86.9481
148568,234,87.1279
148568,235,87.3286
148568,236,87.5412
148568,237,87.2721
148568,238,86.0937
148568,241,87.5212
148568,242,88.5213
148568,243,89.6962
148568,244,88.7846
148568,245,90.1407
148568,248,92.0003
148568,249,93.0296
148568,250,94.6439
148568,251,95.4648
148568,252,94.7101
148568,255,95.2526
148568,256,94.3341
148568,257,93.8237
148568,258,94.1793
148568,259,94.4084
148568,262,94.9066
148568,263,93.2632
148568,264,93.1738
148568,265,93.7465
148568,266,94.5126
148568,269,95.3477
148568,270,95.6464
148568,271,95.3382
148568,272,95.8784
148568,273,95.6461
148568,276,96.5762
148568,277,97.0508
148568,278,97.0481
148568,279,96.3562
148568,280,97.5076
148568,283,98.1169
148568,284,100.2785
148568,285,100.8718
148568,286,101.5542
148568,287,100.125
148568,290,100.4986
148568,291,100.2382
148568,292,101.1368
148568,293,101.539
148568,294,102.6134
148568,297,104.9053
148568,298,104.1265
148568,299,105.1874
148568,300,105.9777
148568,301,108.1775
148568,304,109.0143
148568,305,109.7424
148568,306,110.7541
148568,307,111.8539
148568,308,113.5732
148568,311,112.7061
148568,312,112.3282
148568,313,114.3781
148568,314,112.209
148568,315,112.18
148568,318,112.4161
148568,319,112.2826
148568,320,114.1541
148568,321,114.7713
148568,322,114.3922
148568,325,113.7307
148568,326,114.1222
148568,327,115.54
148568,328,115.7701
148568,329,115.6822
148568,332,114.9428
148568,333,115.4456
148568,334,115.8859
148568,335,115.1116
148568,336,116.3779
148568,339,118.4668
148568,340,118.5959
148568,341,119.0284
148568,342,117.7803
148568,343,118.7293
148568,346,119.3571
148568,347,119.0363
148568,348,118.2179
148568,349,120.5117
148568,350,121.0496
148568,353,120.0065
148568,354,121.1179
148568,355,121.4709
148568,356,121.6154
148568,357,122.8939
148568,360,119.7711
148568,361,117.6795
148568,362,119.3978
148568,363,119.3138
148568,364,118.8724
148568,367,117.3502
148568,368,117.6497
148568,369,118.0968
148568,370,119.8956
148568,371,120.4182
148568,374,120.1227
148568,375,120.6867
148568,376,122.1165
148568,377,123.2918
148568,378,124.1403
148568,381,124.5585
148568,382,123.9045
148568,383,122.6944
148568,384,121.3026
148568,385,121.8577
148568,388,122.5441
148568,389,123.977
148568,390,124.7552
148568,391,126.1586
148568,392,126.0678
148568,395,127.1267
148568,396,125.9249
148568,397,125.9235
148568,398,123.6939
148568,399,123.8069
148568,402,125.4194
148568,403,125.5829
148568,404,126.5752
148568,405,126.9998
148568,406,126.3469
148568,409,126.1845
148568,410,127.7699
148568,411,128.7728
148568,412,128.0499
148568,413,126.3468
148568,416,126.6859
148568,417,126.0201
148568,418,125.8698
148568,419,124.1119
148568,420,125.4954
148568,423,125.4474
148568,424,125.5913
148568,425,124.6155
148568,426,124.3416
148568,427,124.5693
148568,430,123.8754
148568,431,123.6798
148568,432,125.4947
148568,433,123.374
148568,434,123.6773
148568,437,122.7751
148568,438,124.5142
148568,439,124.3616
148568,440,123.1292
148568,441,122.9351
148568,444,123.4425
148568,445,127.0202
148568,446,124.4217
148568,447,123.0002
148568,448,124.7032
148568,451,122.8941
148568,452,122.9792
148568,453,122.4544
148568,454,121.739
148568,455,121.6002
148568,458,121.2653
148568,459,122.6372
148568,460,124.3641
148568,461,124.974
148568,462,124.7512
148568,465,125.1511
148568,466,126.2458
148568,467,127.6028
148568,468,128.1559
148568,469,130.2219
148568,472,129.4923
148568,473,131.0667
148568,474,132.0791
148568,475,131.3477
148568,476,131.7345
148568,479,132.214
148568,480,132.1034
148568,481,131.9785
148568,482,130.043
148568,483,129.2196
148568,486,128.9863
148568,487,128.3204
148568,488,127.2943
148568,489,128.7396
148568,490,128.6814
148568,493,131.6008
148568,494,131.9751
148568,495,133.4454
148568,496,133.2451
148568,497,132.4382
148568,500,132.8686
148568,501,134.6951
148568,502,134.6543
148568,503,135.3426
148568,504,135.7752
148568,507,135.7219
148568,508,135.7387
148568,509,134.4595
148568,510,134.5245
148568,511,135.4939
148568,514,135.9792
148568,515,136.313
148568,516,137.3945
148568,517,137.7467
148568,518,137.848
148568,521,138.9559
148568,522,139.2302
148568,523,138.9813
148568,524,139.7219
148568,525,139.7555
148568,528,139.4425
148568,529,139.7443
148568,530,140.0632
148568,531,138.5963
148568,532,139.1454
148568,535,141.8437
148568,536,140.5337
148568,537,139.9069
148568,538,143.9682
148568,539,142.8651
148568,542,144.8157
148568,543,144.5683
148568,544,144.7421
148568,545,144.6369
148568,546,145.3453
148568,549,143.1346
148568,550,143.4889
148568,551,142.9919
148568,552,140.4154
148568,553,142.0953
148568,556,139.1916
148568,557,142.3232
148568,558,143.2963
148568,559,141.4282
148568,560,143.4339
148568,563,142.4379
148568,564,141.5138
148568,565,139.051
148568,566,137.9275
148568,567,136.9755
148568,570,138.192
148568,571,139.9105
148568,572,138.254
148568,573,138.714
148568,574,136.246
148568,577,136.7046
148568,578,139.7995
148568,579,137.3958
148568,580,136.0788
148568,581,137.1615
148568,584,138.4173
148568,585,137.1922
148568,586,139.328
148568,587,138.2696
148568,588,140.7053
148568,591,141.4557
148568,592,143.3651
148568,593,143.9876
148568,594,145.0305
148568,595,146.1592
148568,598,147.9435
148568,599,147.9826
148568,600,146.7338
148568,601,146.7044
148568,602,145.8075
148568,605,145.0116
148568,606,147.5383
148568,607,148.5556
148568,608,149.5107
148568,609,151.2258
148568,612,152.2606
148568,613,155.2454
148568,614,152.0927
148568,615,150.6607
148568,616,149.6896
148568,619,147.7162
148568,620,147.9725
148568,621,148.2995
148568,622,151.3717
148568,623,152.8478
148568,626,152.1585
148568,627,153.0096
148568,628,150.3073
148568,629,150.6126
148568,630,150.8372
148568,633,149.5609
148568,634,149.3468
148568,635,148.3963
148568,636,147.0956
148568,637,148.1871
148568,640,149.8286
148568,641,150.6904
148568,642,150.1158
148568,643,149.2055
148568,644,148.6831
148568,647,148.4421
148568,648,147.2307
148568,649,148.8914
148568,650,148.6767
148568,651,149.9165
148568,654,147.9041
148568,655,146.9689
148568,656,148.3358
148568,657,149.7367
148568,658,148.0208
148568,661,148.5621
148568,662,149.1447
148568,663,148.1721
148568,664,148.7947
148568,665,146.5305
148568,668,145.2544
148568,669,146.2209
148568,670,146.3515
148568,671,146.5589
148568,672,146.3876
148568,675,147.2695
148568,676,148.2288
148568,677,149.505
148568,678,149.7836
148568,679,149.2872
148568,682,148.5398
148568,683,147.0535
148568,684,146.5449
148568,685,145.7387
148568,686,148.1986
148568,689,146.7303
148568,690,148.3608
148568,691,148.049
148568,692,147.8292
148568,693,148.5166
148568,696,146.4954
148568,697,145.4055
148568,698,143.6834
148568,699,143.219
148568,700,141.9971
148568,703,143.9804
148568,704,143.2216
148568,705,139.9122
148568,706,139.5244
148568,707,140.7483
148568,710,143.1653
148568,711,142.9196
148568,712,142.2616
148568,713,142.3256
148568,714,143.0073
148568,717,141.4736
148568,718,141.2095
148568,719,141.223
148568,720,141.3723
148568,721,141.2506
148568,724,140.0079
148568,725,140.5704
148568,726,140.5909
148568,727,140.608
148568,728,139.165
148568,731,140.1493
148568,732,138.8993
148568,733,141.2648
148568,734,139.6788
148568,735,140.8398
148568,738,138.2393
148568,739,135.2087
148568,740,134.5349
148568,741,131.5837
148568,742,132.634
148568,745,132.6838
148568,746,134.6508
148568,747,134.5041
148568,748,134.9145
148568,749,134.6304
148568,752,133.5292
148568,753,133.062
148568,754,131.5354
148568,755,132.1286
148568,756,131.7977
148568,759,131.743
148568,760,135.627
148568,761,135.1576
148568,762,135.6665
148568,763,135.6732
148568,766,137.3471
148568,767,137.7596
148568,768,137.4651
148568,769,140.7621
148568,770,139.6308
148568,773,139.4413
148568,774,140.8191
148568,775,139.7458
148568,776,140.9122
148568,777,140.3164
148568,780,141.8268
148568,781,143.3156
148568,782,143.2708
148568,783,141.9178
148568,784,141.4431
148568,787,141.5062
148568,788,142.8638
148568,789,143.4115
148568,790,144.2769
148568,791,144.872
148568,794,146.1999
148568,795,145.9918
148568,796,146.3217
148568,797,146.4507
148568,798,145.8925
148568,801,147.4755
148568,802,149.0441
148568,803,150.9563
148568,804,149.888
148568,805,150.5085
148568,808,152.2654
148568,809,154.6814
148568,810,152.4379
148568,811,152.5243
148568,812,152.3243
148568,815,154.8785
148568,816,151.558
148568,817,150.0558
148568,818,152.3296
148568,819,151.7004
148568,822,149.8126
148568,823,152.2038
148568,824,150.1124
148568,825,151.757
148568,826,149.4781
148568,829,147.4082
148568,830,147.7938
148568,831,146.6228
148568,832,147.1133
148568,833,149.899
148568,836,149.7541
148568,837,152.3219
148568,838,152.9116
148568,839,154.4838
148568,840,150.9527
148568,843,152.0144
148568,844,152.8468
148568,845,152.3838
148568,846,155.4155
148568,847,154.737
148568,850,152.3386
148568,851,153.6354
148568,852,151.5368
148568,853,151.7441
148568,854,153.8988
148568,857,154.7661
148568,858,154.4726
148568,859,154.0185
148568,860,156.0883
148568,861,154.2726
148568,864,155.5751
148568,865,159.1478
148568,866,160.1171
148568,867,159.8286
148568,868,159.6659
148568,871,158.9893
148568,872,158.0435
148568,873,158.3255
148568,874,159.5084
148568,875,162.2157
148568,878,159.1428
148568,879,155.3707
148568,880,158.0385
148568,881,158.2237
148568,882,158.4928
148568,885,159.3905
148568,886,159.1853
148568,887,162.4827
148568,888,163.3874
148568,889,162.7488
148568,892,162.2589
148568,893,162.1208
148568,894,160.9517
148568,895,163.8134
148568,896,164.1159
148568,899,162.2877
148568,900,163.0488
148568,901,165.5294
148568,902,167.4084
148568,903,166.2302
148568,906,164.4802
148568,907,166.9629
148568,908,164.3495
148568,909,165.0633
148568,910,164.2179
148568,913,166.5057
148568,914,164.8431
148568,915,163.6225
148568,916,164.7412
148568,917,166.1663
148568,920,168.5594
148568,921,169.4656
148568,922,170.1648
148568,923,172.0761
148568,924,169.8164
148568,927,168.4176
148568,928,166.3464
148568,929,162.0003
148568,930,163.4786
148568,931,165.9501
148568,934,166.982
148568,935,167.7227
148568,936,167.9664
148568,937,168.1598
148568,938,171.1596
148568,941,173.9566
148568,942,173.0368
148568,943,175.0857
148568,944,177.3743
148568,945,178.6472
148568,948,179.4532
148568,949,180.2005
148568,950,177.6345
148568,951,174.9486
148568,952,176.4403
148568,955,174.5981
148568,956,172.2728
148568,957,168.807
148568,958,168.0996
148568,959,168.8355
148568,962,169.7124
148568,963,171.2755
148568,964,170.7026
148568,965,170.989
148568,966,172.5556
148568,969,173.4677
148568,970,172.5508
148568,971,173.1758
148568,972,169.8479
148568,973,169.9492
148568,976,168.9938
148568,977,171.7024
148568,978,170.1208
148568,979,170.4224
148568,980,169.7884
148568,983,168.9363
148568,984,169.681
148568,985,169.0679
148568,986,172.356
148568,987,169.0602
148568,990,170.2405
148568,991,170.1963
148568,992,170.2113
148568,993,170.8321
148568,994,172.6614
148568,997,173.2264
148568,998,175.0878
148568,999,175.274
148568,1000,173.5599
148568,1001,173.5072
148568,1004,175.6397
148568,1005,175.0184
148568,1006,173.2218
148568,1007,174.4104
148568,1008,175.1074
148568,1011,173.8556
148568,1012,173.5509
148568,1013,173.3366
148568,1014,173.4509
148568,1015,174.6889
148568,1018,174.0805
148568,1019,175.4143
148568,1020,174.5775
148568,1021,177.64
148568,1022,180.7955
148568,1025,179.3483
148568,1026,177.2521
148568,1027,179.1149
148568,1028,179.688
148568,1029,180.7975
148568,1032,179.7153
148568,1033,179.5824
148568,1034,179.0658
148568,1035,179.7226
148568,1036,177.5859
148568,1039,177.5138
148568,1040,175.3855
148568,1041,174.5804
148568,1042,174.513
148568,1043,175.5123
148568,1046,176.6648
148568,1047,178.1309
148568,1048,175.593
148568,1049,177.9504
148568,1050,176.9029
148568,1053,175.9911
148568,1054,176.5735
148568,1055,176.0796
148568,1056,176.8281
148568,1057,177.9123
148568,1060,176.6541
148568,1061,176.4323
148568,1062,176.2633
148568,1063,178.08
148568,1064,177.3525
148568,1067,176.5506
148568,1068,174.8461
148568,1069,173.3537
148568,1070,171.1117
148568,1071,170.0046
148568,1074,172.8601
148568,1075,174.1716
148568,1076,176.5336
148568,1077,174.9551
148568,1078,171.6562
148568,1081,172.307
148568,1082,175.6609
148568,1083,174.9078
148568,1084,175.1916
148568,1085,172.5447
148568,1088,172.6965
148568,1089,172.5818
148568,1090,169.0797
148568,1091,167.4208
148568,1092,165.6455
148568,1095,163.126
148568,1096,162.035
148568,1097,162.965
148568,1098,162.0247
148568,1099,164.0088
148568,1102,163.5075
148568,1103,164.1437
148568,1104,165.067
148568,1105,167.7386
148568,1106,166.6314
148568,1109,167.4757
148568,1110,165.9841
148568,1111,168.9909
148568,1112,167.3288
148568,1113,168.0771
148568,1116,170.8415
148568,1117,168.8941
148568,1118,170.0113
148568,1119,168.4188
148568,1120,172.5206
148568,1123,169.3638
148568,1124,166.8927
148568,1125,165.115
148568,1126,163.4093
148568,1127,164.3673
148568,1130,167.4756
148568,1131,169.5377
148568,1132,170.0391
148568,1133,170.1568
148568,1134,169.2207
148568,1137,169.9902
148568,1138,169.7338
148568,1139,170.1594
148568,1140,168.994
148568,1141,167.0587
148568,1144,167.2011
148568,1145,167.3063
148568,1146,166.4034
148568,1147,165.2211
148568,1148,166.2526
148568,1151,167.1161
148568,1152,170.4084
148568,1153,172.8997
148568,1154,170.9334
148568,1155,170.7065
148568,1158,168.4747
148568,1159,165.4788
148568,1160,169.2821
148568,1161,171.9291
148568,1162,170.9429
148568,1165,173.2017
148568,1166,175.7529
148568,1167,172.4863
148568,1168,174.075
148568,1169,173.3177
148568,1172,174.0918
148568,1173,179.5609
148568,1174,182.5618
148568,1175,182.4346
148568,1176,185.1777
148568,1179,181.733
148568,1180,182.7664
148568,1181,183.8501
148568,1182,185.2727
148568,1183,184.4353
148568,1186,185.257
148568,1187,186.9735
148568,1188,182.7554
148568,1189,182.2824
148568,1190,180.7379
148568,1193,182.0565
148568,1194,184.7123
148568,1195,183.686
148568,1196,181.7896
148568,1197,182.1128
148568,1200,180.1155
148568,1201,179.8119
148568,1202,179.3181
148568,1203,180.477
148568,1204,181.1591
148568,1207,181.5621
148568,1208,184.6922
148568,1209,185.3053
148568,1210,184.6364
148568,1211,184.1975
148568,1214,182.8928
148568,1215,181.1324
148568,1216,178.72
148568,1217,180.8825
148568,1218,179.6846
148568,1221,180.365
148568,1222,179.9277
148568,1223,179.9818
148568,1224,182.1955
148568,1225,182.6289
148568,1228,181.0461
148568,1229,180.1268
148568,1230,181.803
148568,1231,182.7994
148568,1232,184.6166
148568,1235,184.283
148568,1236,181.8164
148568,1237,182.856
148568,1238,183.4317
148568,1239,184.0578
148568,1242,181.6203
148568,1243,180.5596
148568,1244,178.9664
148568,1245,179.7953
148568,1246,180.6906
148568,1249,180.719
148568,1250,182.5987
148568,1251,185.4733
148568,1252,186.2453
148568,1253,187.6209
148568,1256,186.7107
148568,1257,185.4609
148568,1258,187.4696
148568,1259,185.9347
148568,1260,187.3571
148568,1263,190.7459
148568,1264,192.1207
148568,1265,192.0784
148568,1266,189.6138
148568,1267,190.0392
148568,1270,192.0963
148568,1271,191.8642
148568,1272,193.9652
148568,1273,194.7961
148568,1274,195.4853
148568,1277,194.9781
148568,1278,192.252
148568,1279,191.544
148568,1280,190.8233
148568,1281,192.0476
148568,1284,192.1324
148568,1285,194.3572
148568,1286,195.0251
148568,1287,194.1518
148568,1288,192.6784
148568,1291,191.6242
148568,1292,192.0492
148568,1293,191.4429
148568,1294,189.4898
148568,1295,191.5363
148568,1298,191.9448
148568,1299,192.5916
148568,1300,191.1151
148568,1301,189.2318
148568,1302,189.0351
148568,1305,185.3203
148568,1306,186.8938
148568,1307,185.6828
148568,1308,185.2928
148568,1309,186.2026
148568,1312,185.8921
148568,1313,183.8252
148568,1314,186.7474
148568,1315,183.9943
148568,1316,180.0002
148568,1319,181.7021
148568,1320,179.1555
148568,1321,181.54
148568,1322,182.3394
148568,1323,182.9692
148568,1326,182.0311
148568,1327,180.6305
148568,1328,180.0539
148568,1329,178.5753
148568,1330,180.8698
148568,1333,179.6277
148568,1334,180.6543
148568,1335,182.6026
148568,1336,181.0957
148568,1337,181.8927
148568,1340,180.3686
148568,1341,180.1606
148568,1342,179.4365
148568,1343,178.2893
148568,1344,178.6794
148568,1347,176.6112
148568,1348,178.3793
148568,1349,176.5504
148568,1350,174.4138
148568,1351,174.0744
148568,1354,173.5253
148568,1355,174.252
148568,1356,174.5049
148568,1357,171.7682
148568,1358,173.588
148568,1361,173.2065
148568,1362,173.7319
148568,1363,177.7369
148568,1364,180.1637
148568,1365,180.6539
148568,1368,178.2771
148568,1369,175.9612
148568,1370,178.1402
148568,1371,177.5259
148568,1372,177.3303
148568,1375,175.3991
148568,1376,176.294
148568,1377,178.4401
148568,1378,181.3092
148568,1379,180.5996
148568,1382,181.8855
148568,1383,181.8194
148568,1384,183.549
148568,1385,183.651
148568,1386,182.2402
148568,1389,184.7913
148568,1390,185.085
148568,1391,184.5404
148568,1392,184.9814
148568,1393,183.7224
148568,1396,184.6028
148568,1397,184.3476
148568,1398,182.9857
148568,1399,187.5339
148568,1400,185.7502
148568,1403,186.5237
148568,1404,186.7417
148568,1405,184.9313
148568,1406,184.4134
148568,1407,182.0431
148568,1410,185.9851
148568,1411,185.594
148568,1412,185.3626
148568,1413,189.1452
148568,1414,187.6926
148568,1417,190.2705
148568,1418,191.5242
148568,1419,187.8537
148568,1420,187.2638
148568,1421,188.2017
148568,1424,188.3812
148568,1425,188.5661
148568,1426,187.5273
148568,1427,186.2956
148568,1428,185.8279
148568,1431,189.6508
148568,1432,188.0356
148568,1433,187.2354
148568,1434,187.4013
148568,1435,184.7679
148568,1438,185.6846
148568,1439,183.3987
148568,1440,181.508
148568,1441,179.5498
148568,1442,176.7104
148568,1445,179.0904
148568,1446,180.1416
148568,1447,181.9324
148568,1448,183.5724
148568,1449,183.3707
148568,1452,183.4253
148568,1453,185.4193
148568,1454,188.619
148568,1455,186.3532
148568,1456,191.2608
148568,1459,188.8537
148568,1460,188.0884
148568,1461,188.3409
148568,1462,188.7684
148568,1463,192.6567
148568,1466,194.7476
148568,1467,195.676
148568,1468,197.8467
148568,1469,198.6556
148568,1470,197.4253
148568,1473,198.5121
148568,1474,198.7656
148568,1475,197.2016
148568,1476,199.8465
148568,1477,199.8557
148568,1480,197.729
148568,1481,195.9364
148568,1482,197.1131
148568,1483,199.3277
148568,1484,200.4169
148568,1487,201.5214
148568,1488,200.0013
148568,1489,200.3078
148568,1490,199.7613
148568,1491,199.4879
148568,1494,199.3819
148568,1495,198.178
148568,1496,199.804
148568,1497,197.8999
148568,1498,195.4428
148568,1501,194.0176
148568,1502,195.8693
148568,1503,196.657
148568,1504,193.269
148568,1505,194.5518
148568,1508,194.5725
148568,1509,193.871
148568,1510,193.5139
148568,1511,191.0438
148568,1512,191.4917
148568,1515,189.1733
148568,1516,188.6194
148568,1517,188.0696
148568,1518,189.6475
148568,1519,189.8364
148568,1522,191.3059
148568,1523,189.1267
148568,1524,189.0338
148568,1525,190.1601
148568,1526,192.6707
148568,1529,190.5845
148568,1530,189.0885
148568,1531,190.1671
148568,1532,193.3964
148568,1533,194.0699
148568,1536,192.0251
148568,1537,190.0393
148568,1538,190.4111
148568,1539,191.2123
148568,1540,190.9
148568,1543,188.9474
148568,1544,191.1704
148568,1545,190.6131
148568,1546,191.7423
148568,1547,188.4581
148568,1550,190.8671
148568,1551,189.6671
148568,1552,192.3696
148568,1553,193.6766
148568,1554,191.0213
148568,1557,191.6086
148568,1558,194.9506
148568,1559,193.8946
148568,1560,197.2801
148568,1561,198.1665
148568,1564,200.9814
148568,1565,201.4246
148568,1566,201.2928
148568,1567,205.177
148568,1568,206.7973
148568,1571,206.4302
148568,1572,207.4375
148568,1573,206.3827
148568,1574,206.7303
148568,1575,209.3612
148568,1578,209.1444
148568,1579,207.4324
148568,1580,205.5431
148568,1581,205.8181
148568,1582,204.2712
148568,1585,201.4625
148568,1586,199.1619
148568,1587,201.6547
148568,1588,201.4855
148568,1589,201.7229
148568,1592,199.8861
148568,1593,198.8363
148568,1594,197.7277
148568,1595,197.2943
148568,1596,194.1395
148568,1599,196.4003
148568,1600,196.4847
148568,1601,197.0026
148568,1602,198.9448
148568,1603,200.7512
148568,1606,199.7098
148568,1607,201.0499
148568,1608,202.378
148568,1609,203.1444
148568,1610,205.451
148569,3,28.862
148569,4,29.1038
148569,5,29.5489
148569,6,29.5744
148569,7,29.6091
148569,10,29.8866
148569,11,29.8461
148569,12,30.0171
148569,13,29.8542
148569,14,29.1504
148569,17,29.354
148569,18,28.8872
148569,19,28.6877
148569,20,28.9568
148569,21,29.2321
148569,24,29.6188
148569,25,29.0012
148569,26,29.1094
148569,27,29.0453
148569,28,29.3706
148569,31,29.8553
148569,32,29.4561
148569,33,29.4775
148569,34,29.758
148569,35,29.667
148569,38,30.2436
148569,39,30.1306
148569,40,30.0505
148569,41,29.7236
148569,42,29.7892
148569,45,28.8578
148569,46,28.7973
148569,47,29.2075
148569,48,28.7899
148569,49,28.311
148569,52,28.6674
148569,53,29.0704
148569,54,28.6673
148569,55,29.2204
148569,56,29.3724
148569,59,29.7206
148569,60,29.486
148569,61,29.9766
148569,62,29.9073
148569,63,29.8241
148569,66,29.9953
148569,67,29.8862
148569,68,29.4198
148569,69,29.4777
148569,70,29.3937
148569,73,29.1692
148569,74,29.5757
148569,75,30.3601
148569,76,30.0794
148569,77,30.1598
148569,80,30.0481
148569,81,30.8107
148569,82,30.9906
148569,83,31.3171
148569,84,31.7336
148569,87,31.7956
148569,88,31.7498
148569,89,32.2884
148569,90,32.5766
148569,91,32.3008
148569,94,32.069
148569,95,31.9532
148569,96,32.3704
148569,97,32.9035
148569,98,33.6892
148569,101,33.453
148569,102,33.5219
148569,103,33.3971
148569,104,33.3505
148569,105,33.703
148569,108,33.7051
148569,109,34.2024
148569,110,34.0328
148569,111,34.3231
148569,112,34.1797
148569,115,33.5325
148569,116,33.1861
148569,117,33.2487
148569,118,33.9588
148569,119,33.8109
148569,122,33.7684
148569,123,33.9648
148569,124,33.7662
148569,125,33.6104
148569,126,33.6551
148569,129,33.5167
148569,130,32.9011
148569,131,32.691
148569,132,32.9252
148569,133,33.1722
148569,136,33.669
148569,137,34.1438
148569,138,33.835
148569,139,33.5846
148569,140,33.3519
148569,143,33.3161
148569,144,33.1129
148569,145,33.0694
148569,146,32.7802
148569,147,33.075
148569,150,32.7591
148569,151,32.429
148569,152,32.6283
148569,153,32.9
148569,154,32.839
148569,157,33.1644
148569,158,33.4672
148569,159,34.1738
148569,160,34.4622
148569,161,35.1176
148569,164,35.1604
148569,165,35.7112
148569,166,36.2789
148569,167,36.2436
148569,168,35.9974
148569,171,35.8202
148569,172,35.9998
148569,173,35.579
148569,174,35.4262
148569,175,35.9033
148569,178,36.1807
148569,179,35.3001
148569,180,34.8193
148569,181,35.6535
148569,182,36.1268
148569,185,35.9219
148569,186,35.3735
148569,187,34.9227
148569,188,35.1332
148569,189,35.9048
148569,192,36.6684
148569,193,36.0749
148569,194,35.9808
148569,195,35.6719
148569,196,35.7441
148569,199,35.2578
148569,200,35.0718
148569,201,34.7669
148569,202,34.9818
148569,203,34.8088
148569,206,34.69
148569,207,34.8997
148569,208,35.5387
148569,209,36.3734
148569,210,36.5717
148569,213,36.5574
148569,214,37.0969
148569,215,37.5844
148569,216,37.9621
148569,217,37.3461
148569,220,37.8535
148569,221,38.0201
148569,222,37.6789
148569,223,37.4295
148569,224,37.6845
148569,227,36.7048
148569,228,36.6759
148569,229,36.4397
148569,230,36.1656
148569,231,36.009
148569,234,35.4627
148569,235,35.8846
148569,236,35.0956
148569,237,35.1788
148569,238,34.8803
148569,241,35.649
148569,242,35.6775
148569,243,34.8948
148569,244,35.1192
148569,245,34.73
148569,248,35.1177
148569,249,35.3704
148569,250,35.9526
148569,251,36.0447
148569,252,36.3825
148569,255,36.4194
148569,256,36.2103
148569,257,36.6463
148569,258,36.1866
148569,259,36.1927
148569,262,35.993
148569,263,36.3392
148569,264,35.9926
148569,265,35.8553
148569,266,35.8921
148569,269,36.4888
148569,270,36.3015
148569,271,36.166
148569,272,35.6674
148569,273,35.3136
148569,276,35.4898
148569,277,35.5217
148569,278,35.5598
148569,279,36.2492
148569,280,35.6256
148569,283,36.5412
148569,284,37.0258
148569,285,36.9173
148569,286,37.0929
148569,287,36.8431
148569,290,36.9899
148569,291,37.8724
148569,292,37.6321
148569,293,37.5595
148569,294,37.2771
148569,297,37.0605
148569,298,36.9215
148569,299,36.5114
148569,300,36.4287
148569,301,36.4701
148569,304,36.3332
148569,305,35.4692
148569,306,35.4304
148569,307,35.4321
148569,308,36.1796
148569,311,36.2101
148569,312,36.595
148569,313,36.4488
148569,314,36.9796
148569,315,36.6278
148569,318,36.8469
148569,319,37.2006
148569,320,37.4988
148569,321,38.3993
148569,322,38.181
148569,325,38.785
148569,326,39.2898
148569,327,39.3325
148569,328,40.1372
148569,329,40.0965
148569,332,40.1283
148569,333,40.1483
148569,334,39.6266
148569,335,39.9733
148569,336,40.2556
148569,339,40.2329
148569,340,41.0223
148569,341,40.8533
148569,342,40.1258
148569,343,40.9743
148569,346,41.4434
148569,347,41.7454
148569,348,41.617
148569,349,41.793
148569,350,41.2556
148569,353,41.1791
148569,354,40.8052
148569,355,40.9425
148569,356,41.3724
148569,357,40.9336
148569,360,41.2755
148569,361,41.3869
148569,362,41.7143
148569,363,41.6293
148569,364,41.9677
148569,367,41.6793
148569,368,40.9579
148569,369,40.3475
148569,370,40.1532
148569,371,39.4877
148569,374,40.171
148569,375,40.1577
148569,376,40.5776
148569,377,40.9438
148569,378,40.9693
148569,381,42.5743
148569,382,43.9547
148569,383,44.6396
148569,384,44.2335
148569,385,44.9425
148569,388,44.1333
148569,389,44.8233
148569,390,43.6372
148569,391,43.5126
148569,392,44.1041
148569,395,44.3111
148569,396,43.6392
148569,397,43.7432
148569,398,43.9486
148569,399,44.0695
148569,402,43.9021
148569,403,44.3306
148569,404,44.9024
148569,405,44.8533
148569,406,45.6145
148569,409,45.5635
148569,410,45.3504
148569,411,46.0397
148569,412,46.7213
148569,413,46.4379
148569,416,46.0845
148569,417,46.9896
148569,418,46.9641
148569,419,46.9918
148569,420,46.8911
148569,423,47.5859
148569,424,48.7183
148569,425,48.7819
148569,426,50.0892
148569,427,49.8203
148569,430,49.6973
148569,431,50.0846
148569,432,49.6759
148569,433,50.0562
148569,434,49.8067
148569,437,49.0171
148569,438,48.1376
148569,439,47.9976
148569,440,48.2396
148569,441,47.5679
148569,444,47.6854
148569,445,47.8047
148569,446,47.7455
148569,447,47.3005
148569,448,47.4487
148569,451,47.4028
148569,452,47.9304
148569,453,47.2976
148569,454,47.3817
148569,455,46.7667
148569,458,46.6741
148569,459,46.1555
148569,460,45.7298
148569,461,45.7533
148569,462,45.5023
148569,465,46.2483
148569,466,46.862
148569,467,47.2939
148569,468,47.7196
148569,469,47.8128
148569,472,48.5125
148569,473,48.3869
148569,474,49.5252
148569,475,49.0552
148569,476,48.4927
148569,479,47.8002
148569,480,47.2055
148569,481,46.4148
148569,482,46.5472
148569,483,47.0008
148569,486,47.0442
148569,487,46.3772
148569,488,46.1701
148569,489,46.614
148569,490,46.4694
148569,493,46.0994
148569,494,45.3833
148569,495,45.2034
148569,496,44.8895
148569,497,44.8729
148569,500,45.1275
148569,501,45.0162
148569,502,45.1304
148569,503,45.3844
148569,504,44.8154
148569,507,45.7552
148569,508,45.4186
148569,509,45.6959
148569,510,45.1685
148569,511,45.2469
148569,514,45.3433
148569,515,46.1817
148569,516,46.0924
148569,517,46.7643
148569,518,46.9361
148569,521,47.9029
148569,522,47.0245
148569,523,47.2942
148569,524,45.9852
148569,525,45.9821
148569,528,46.5135
148569,529,47.2654
148569,530,47.6672
148569,531,47.5456
148569,532,47.8505
148569,535,49.1848
148569,536,49.2519
148569,537,49.789
148569,538,49.5882
148569,539,50.1878
148569,542,50.7053
148569,543,50.4028
148569,544,50.8524
148569,545,51.3321
148569,546,51.7692
148569,549,51.7751
148569,550,52.4903
148569,551,51.9962
148569,552,52.0306
148569,553,52.1216
148569,556,52.8089
148569,557,52.2942
148569,558,52.4585
148569,559,52.2117
148569,560,52.3019
148569,563,52.5513
148569,564,51.8656
148569,565,52.6016
148569,566,52.8726
148569,567,52.4178
148569,570,52.2556
148569,571,53.128
148569,572,53.3948
148569,573,52.8753
148569,574,52.4626
148569,577,52.8442
148569,578,53.2969
148569,579,53.5342
148569,580,53.397
148569,581,53.8919
148569,584,53.7421
148569,585,53.282
148569,586,54.2252
148569,587,54.5401
148569,588,54.1137
148569,591,54.2217
148569,592,54.2676
148569,593,54.0947
148569,594,54.2603
148569,595,53.7533
148569,598,54.2887
148569,599,54.3153
148569,600,53.4168
148569,601,53.3161
148569,602,52.995
148569,605,51.3533
148569,606,51.2962
148569,607,51.8977
148569,608,51.8667
148569,609,52.2905
148569,612,52.3243
148569,613,52.0982
148569,614,51.7203
148569,615,51.043
148569,616,51.5802
148569,619,52.0143
148569,620,51.8884
148569,621,50.8039
148569,622,51.0897
148569,623,50.6252
148569,626,50.7315
148569,627,49.9287
148569,628,50.0057
148569,629,49.9632
148569,630,48.7174
148569,633,49.5964
148569,634,49.4512
148569,635,49.3415
148569,636,49.6524
148569,637,49.6531
148569,640,49.8747
148569,641,49.2946
148569,642,49.2469
148569,643,48.277
148569,644,48.1811
148569,647,48.9597
148569,648,48.2032
148569,649,48.0491
148569,650,46.9947
148569,651,47.0248
148569,654,47.2864
148569,655,47.5074
148569,656,47.2284
148569,657,46.182
148569,658,45.5973
148569,661,46.2407
148569,662,46.7039
148569,663,46.6842
148569,664,46.7914
148569,665,46.305
148569,668,46.9755
148569,669,46.6411
148569,670,46.886
148569,671,46.2497
148569,672,46.1872
148569,675,46.8348
148569,676,46.388
148569,677,46.7878
148569,678,46.2751
148569,679,45.8558
148569,682,45.8768
148569,683,46.3825
148569,684,46.2603
148569,685,46.5936
148569,686,47.1942
148569,689,46.8321
148569,690,46.099
148569,691,45.9493
148569,692,46.606
148569,693,46.2278
148569,696,46.759
148569,697,46.6536
148569,698,47.5658
148569,699,48.7505
148569,700,49.3194
148569,703,48.4842
148569,704,47.2786
148569,705,47.3359
148569,706,47.8243
148569,707,48.1083
148569,710,47.7635
148569,711,47.0355
148569,712,47.5326
148569,713,48.5151
148569,714,48.195
148569,717,48.6498
148569,718,50.0528
148569,719,49.979
148569,720,49.9161
148569,721,50.2441
148569,724,50.1191
148569,725,50.8714
148569,726,50.6799
148569,727,50.6912
148569,728,49.9419
148569,731,49.8438
148569,732,49.3362
148569,733,49.5469
148569,734,48.6988
148569,735,49.2398
148569,738,48.8097
148569,739,49.7789
148569,740,50.5431
148569,741,50.8621
148569,742,50.059
148569,745,49.7512
148569,746,49.3033
148569,747,48.925
148569,748,49.7858
148569,749,49.7321
148569,752,49.4104
148569,753,49.0435
148569,754,48.7921
148569,755,49.0985
148569,756,48.2772
148569,759,48.3548
148569,760,48.6016
148569,761,47.7333
148569,762,47.0403
148569,763,47.0424
148569,766,47.8005
148569,767,48.447
148569,768,48.1591
148569,769,48.9186
148569,770,48.7785
148569,773,48.6344
148569,774,48.7105
148569,775,49.1776
148569,776,48.8851
148569,777,48.7042
148569,780,48.0843
148569,781,48.2922
148569,782,48.8044
148569,783,49.3544
148569,784,48.6644
148569,787,48.4922
148569,788,49.1706
148569,789,49.3204
148569,790,49.3659
148569,791,49.3989
148569,794,49.7137
148569,795,49.8939
148569,796,49.615
148569,797,50.1131
148569,798,49.4992
148569,801,50.233
148569,802,49.7809
148569,803,50.1017
148569,804,50.0412
148569,805,49.8142
148569,808,50.5718
148569,809,51.0041
148569,810,51.0002
148569,811,51.9912
148569,812,52.5688
148569,815,52.1462
148569,816,50.9274
148569,817,51.014
148569,818,51.8043
148569,819,52.1731
148569,822,53.0895
148569,823,52.7797
148569,824,52.7428
148569,825,52.7196
148569,826,52.8853
148569,829,53.3514
148569,830,54.3224
148569,831,55.4358
148569,832,56.4654
148569,833,56.9031
148569,836,56.7264
148569,837,56.8954
148569,838,57.3279
148569,839,57.4428
148569,840,56.915
148569,843,56.6653
148569,844,57.2263
148569,845,57.1072
148569,846,57.1537
148569,847,57.1375
148569,850,56.6256
148569,851,56.5532
148569,852,56.3079
148569,853,55.9234
148569,854,55.3239
148569,857,55.295
148569,858,55.6932
148569,859,56.3969
148569,860,55.592
148569,861,56.5881
148569,864,56.7974
148569,865,56.1472
148569,866,55.9361
148569,867,54.8532
148569,868,53.9387
148569,871,54.9728
148569,872,54.593
148569,873,54.9383
148569,874,54.9034
148569,875,54.9444
148569,878,55.192
148569,879,54.0039
148569,880,54.8023
148569,881,54.7748
148569,882,54.5101
148569,885,54.8144
148569,886,54.423
148569,887,54.5748
148569,888,54.5085
148569,889,54.9556
148569,892,54.8603
148569,893,54.2886
148569,894,54.53
148569,895,54.4024
148569,896,53.3814
148569,899,53.5243
148569,900,53.2467
148569,901,53.4739
148569,902,53.0159
148569,903,52.3645
148569,906,53.0599
148569,907,53.571
148569,908,53.597
148569,909,53.8787
148569,910,54.3786
148569,913,54.4028
148569,914,53.7332
148569,915,53.9357
148569,916,54.548
148569,917,54.9261
148569,920,54.9916
148569,921,55.3562
148569,922,55.2547
148569,923,55.9071
148569,924,56.751
148569,927,55.9998
148569,928,56.7046
148569,929,58.1118
148569,930,58.4723
148569,931,59.1244
148569,934,58.7487
148569,935,58.4652
148569,936,58.3666
148569,937,58.1478
148569,938,57.3685
148569,941,57.2944
148569,942,57.842
148569,943,57.0749
148569,944,57.2163
148569,945,57.3392
148569,948,57.1862
148569,949,57.523
148569,950,57.8037
148569,951,57.6056
148569,952,58.2962
148569,955,58.6798
148569,956,59.7101
148569,957,59.7008
148569,958,59.5285
148569,959,59.4288
148569,962,60.2169
148569,963,60.1545
148569,964,60.1315
148569,965,61.4417
148569,966,60.5971
148569,969,60.8629
148569,970,60.8566
148569,971,60.7272
148569,972,60.1438
148569,973,59.7509
148569,976,59.5234
148569,977,59.8735
148569,978,60.4561
148569,979,59.3484
148569,980,58.6221
148569,983,58.9999
148569,984,59.4337
148569,985,58.5419
148569,986,59.1254
148569,987,59.1494
148569,990,59.6577
148569,991,59.1489
148569,992,58.3073
148569,993,58.1472
148569,994,58.0151
148569,997,57.8486
148569,998,57.6394
148569,999,58.7265
148569,1000,57.6992
148569,1001,57.2113
148569,1004,56.9871
148569,1005,57.0334
148569,1006,57.5012
148569,1007,58.0688
148569,1008,58.7748
148569,1011,59.1115
148569,1012,58.0586
148569,1013,57.0647
148569,1014,57.8022
148569,1015,58.5088
148569,1018,58.9414
148569,1019,58.4584
148569,1020,58.2892
148569,1021,58.073
148569,1022,57.4711
148569,1025,57.6628
148569,1026,59.0421
148569,1027,58.7622
148569,1028,59.617
148569,1029,59.0873
148569,1032,58.1552
148569,1033,58.8061
148569,1034,58.7011
148569,1035,59.5387
148569,1036,60.5176
148569,1039,60.371
148569,1040,61.2796
148569,1041,60.7411
148569,1042,60.1972
148569,1043,60.9262
148569,1046,59.958
148569,1047,59.9903
148569,1048,60.8323
148569,1049,61.7305
148569,1050,61.4793
148569,1053,62.1819
148569,1054,61.4727
148569,1055,61.0689
148569,1056,61.2538
148569,1057,61.5362
148569,1060,60.8835
148569,1061,62.1444
148569,1062,60.9413
148569,1063,61.0105
148569,1064,61.1726
148569,1067,60.0722
148569,1068,60.964
148569,1069,60.5161
148569,1070,60.6136
148569,1071,60.8607
148569,1074,59.9535
148569,1075,59.302
148569,1076,60.3365
148569,1077,60.3275
148569,1078,58.6425
148569,1081,58.4857
148569,1082,58.4976
148569,1083,58.6678
148569,1084,57.4572
148569,1085,57.4711
148569,1088,56.9926
148569,1089,57.1594
148569,1090,57.5021
148569,1091,57.781
148569,1092,58.6889
148569,1095,60.1154
148569,1096,59.423
148569,1097,59.2133
148569,1098,59.7195
148569,1099,59.6716
148569,1102,57.989
148569,1103,57.9018
148569,1104,58.7047
148569,1105,57.8665
148569,1106,58.0356
148569,1109,56.8938
148569,1110,57.4582
148569,1111,57.6391
148569,1112,57.3213
148569,1113,57.097
148569,1116,56.219
148569,1117,56.8605
148569,1118,56.4072
148569,1119,56.7417
148569,1120,56.1914
148569,1123,57.562
148569,1124,58.564
148569,1125,59.9124
148569,1126,61.3685
148569,1127,60.9868
148569,1130,60.4457
148569,1131,61.8059
148569,1132,61.7469
148569,1133,62.3349
148569,1134,61.9564
148569,1137,61.591
148569,1138,62.1754
148569,1139,60.9113
148569,1140,61.4585
148569,1141,61.839
148569,1144,61.523
148569,1145,61.5732
148569,1146,61.7268
148569,1147,61.9181
148569,1148,62.4121
148569,1151,61.9041
148569,1152,63.754
148569,1153,63.6492
148569,1154,63.5955
148569,1155,64.9698
148569,1158,63.7451
148569,1159,65.1154
148569,1160,65.2168
148569,1161,64.8836
148569,1162,64.1459
148569,1165,63.3152
148569,1166,63.1189
148569,1167,63.3423
148569,1168,63.8014
148569,1169,64.0189
148569,1172,63.7055
148569,1173,64.6618
148569,1174,66.5771
148569,1175,67.6889
148569,1176,67.4664
148569,1179,67.8678
148569,1180,68.3185
148569,1181,69.5406
148569,1182,69.3277
148569,1183,68.6531
148569,1186,69.5304
148569,1187,69.8725
148569,1188,69.0861
148569,1189,69.6488
148569,1190,71.0729
148569,1193,70.5861
148569,1194,69.9546
148569,1195,70.016
148569,1196,70.5672
148569,1197,70.5498
148569,1200,71.4517
148569,1201,71.6913
148569,1202,72.5125
148569,1203,71.9949
148569,1204,71.094
148569,1207,70.875
148569,1208,69.8992
148569,1209,70.2453
148569,1210,68.7827
148569,1211,68.488
148569,1214,68.3166
148569,1215,67.5927
148569,1216,67.4087
148569,1217,67.4492
148569,1218,68.4103
148569,1221,67.6897
148569,1222,67.9869
148569,1223,68.4308
148569,1224,68.4533
148569,1225,68.127
148569,1228,67.3385
148569,1229,68.7598
148569,1230,68.8515
148569,1231,68.6574
148569,1232,70.2742
148569,1235,70.4808
148569,1236,72.4672
148569,1237,71.416
148569,1238,71.2745
148569,1239,70.2754
148569,1242,70.2226
148569,1243,70.1662
148569,1244,69.8617
148569,1245,69.9408
148569,1246,69.6736
148569,1249,69.63
148569,1250,69.1071
148569,1251,70.2222
148569,1252,69.4319
148569,1253,69.6286
148569,1256,68.7832
148569,1257,68.2088
148569,1258,67.7165
148569,1259,67.6586
148569,1260,67.8235
148569,1263,67.0616
148569,1264,66.8024
148569,1265,66.1339
148569,1266,65.441
148569,1267,66.2771
148569,1270,65.3327
148569,1271,65.4213
148569,1272,66.6589
148569,1273,67.563
148569,1274,67.9092
148569,1277,67.9351
148569,1278,68.5112
148569,1279,68.821
148569,1280,69.9163
148569,1281,69.8551
148569,1284,70.6472
148569,1285,70.4404
148569,1286,71.9232
148569,1287,71.8386
148569,1288,70.6431
148569,1291,70.7412
148569,1292,71.3624
148569,1293,72.6584
148569,1294,71.9273
148569,1295,70.6354
148569,1298,71.0516
148569,1299,71.4465
148569,1300,70.4141
148569,1301,70.205
148569,1302,70.0301
148569,1305,70.6894
148569,1306,70.416
148569,1307,70.1273
148569,1308,70.2525
148569,1309,69.2618
148569,1312,70.7254
148569,1313,71.4761
148569,1314,70.9803
148569,1315,70.1748
148569,1316,69.436
148569,1319,69.9125
148569,1320,69.1986
148569,1321,69.0524
148569,1322,67.851
148569,1323,68.2834
148569,1326,68.7461
148569,1327,68.6485
148569,1328,68.8291
148569,1329,69.4568
148569,1330,69.6195
148569,1333,70.2431
148569,1334,69.4086
148569,1335,69.7293
148569,1336,69.9128
148569,1337,70.8579
148569,1340,70.9203
148569,1341,70.8858
148569,1342,70.5033
148569,1343,71.678
148569,1344,69.9309
148569,1347,70.3538
148569,1348,70.3776
148569,1349,70.2783
148569,1350,70.0698
148569,1351,70.0669
148569,1354,70.466
148569,1355,69.9074
148569,1356,70.0475
148569,1357,70.3502
148569,1358,69.674
148569,1361,70.0899
148569,1362,70.3989
148569,1363,69.8379
148569,1364,68.9933
148569,1365,68.4339
148569,1368,68.5713
148569,1369,68.5536
148569,1370,69.6233
148569,1371,69.3886
148569,1372,68.7693
148569,1375,69.2933
148569,1376,68.608
148569,1377,68.0672
148569,1378,67.5402
148569,1379,65.443
148569,1382,65.8781
148569,1383,66.5815
148569,1384,67.2757
148569,1385,68.6861
148569,1386,69.8423
148569,1389,69.6317
148569,1390,70.5029
148569,1391,70.4684
148569,1392,70.1866
148569,1393,69.6597
148569,1396,69.4989
148569,1397,69.783
148569,1398,71.0141
148569,1399,71.6101
148569,1400,71.0605
148569,1403,70.3094
148569,1404,70.7781
148569,1405,71.5051
148569,1406,72.4915
148569,1407,72.3234
148569,1410,72.7283
148569,1411,73.4387
148569,1412,72.4241
148569,1413,72.6802
148569,1414,73.4283
148569,1417,73.8717
148569,1418,73.849
148569,1419,75.9844
148569,1420,77.6147
148569,1421,77.6657
148569,1424,77.5511
148569,1425,78.1783
148569,1426,78.1735
148569,1427,79.2894
148569,1428,78.2641
148569,1431,78.106
148569,1432,78.725
148569,1433,79.62
148569,1434,78.4108
148569,1435,77.6568
148569,1438,76.3177
148569,1439,75.6494
148569,1440,74.6632
148569,1441,75.1372
148569,1442,75.3636
148569,1445,75.2813
148569,1446,75.3442
148569,1447,76.3564
148569,1448,75.5508
148569,1449,74.0463
148569,1452,74.6533
148569,1453,74.3827
148569,1454,73.6168
148569,1455,74.096
148569,1456,72.5913
148569,1459,71.9677
148569,1460,70.1891
148569,1461,70.4232
148569,1462,71.6599
148569,1463,71.2609
148569,1466,70.6987
148569,1467,72.1029
148569,1468,72.6293
148569,1469,74.546
148569,1470,74.716
148569,1473,74.9391
148569,1474,76.15
148569,1475,76.0711
148569,1476,76.3151
148569,1477,74.4031
148569,1480,75.8427
148569,1481,76.2032
148569,1482,76.1579
148569,1483,76.9442
148569,1484,76.0191
148569,1487,75.6135
148569,1488,76.1052
148569,1489,76.1834
148569,1490,76.5912
148569,1491,76.8386
148569,1494,77.4022
148569,1495,76.3575
148569,1496,77.4529
148569,1497,77.0954
148569,1498,77.1859
148569,1501,76.7335
148569,1502,76.5402
148569,1503,76.7709
148569,1504,77.4207
148569,1505,78.215
148569,1508,78.6217
148569,1509,78.1651
148569,1510,78.5186
148569,1511,78.7646
148569,1512,78.8583
148569,1515,79.3548
148569,1516,78.3215
148569,1517,76.6823
148569,1518,77.709
148569,1519,77.6429
148569,1522,78.0328
148569,1523,77.3541
148569,1524,78.4504
148569,1525,78.7888
148569,1526,78.6812
148569,1529,78.9662
148569,1530,77.5501
148569,1531,77.9039
148569,1532,79.1982
148569,1533,79.5102
148569,1536,79.7131
148569,1537,79.4871
148569,1538,80.4588
148569,1539,81.5718
148569,1540,81.2405
148569,1543,81.5985
148569,1544,81.8471
148569,1545,82.2457
148569,1546,81.6132
148569,1547,82.664
148569,1550,83.2121
148569,1551,84.3374
148569,1552,83.3824
148569,1553,82.49
148569,1554,84.3763
148569,1557,85.4667
148569,1558,84.771
148569,1559,85.6104
148569,1560,85.2317
148569,1561,83.7417
148569,1564,81.9248
148569,1565,81.951
148569,1566,83.3786
148569,1567,84.7953
148569,1568,85.9951
148569,1571,86.8111
148569,1572,87.1551
148569,1573,88.2859
148569,1574,86.4531
148569,1575,87.4229
148569,1578,86.4276
148569,1579,85.6345
148569,1580,86.323
148569,1581,87.2343
148569,1582,86.7147
148569,1585,87.3654
148569,1586,87.9425
148569,1587,87.6991
148569,1588,87.8926
148569,1589,89.9231
148569,1592,89.7022
148569,1593,89.5149
148569,1594,89.7086
148569,1595,89.5828
148569,1596,90.3946
148569,1599,91.8791
148569,1600,91.6877
148569,1601,90.9007
148569,1602,92.8953
148569,1603,93.0662
148569,1606,91.4336
148569,1607,93.3272
148569,1608,94.5121
148569,1609,96.2003
148569,1610,97.7435
149322,3,348.7159
149322,4,345.7198
149322,5,343.4795
149322,6,342.168
149322,7,340.7757
149322,10,341.3214
149322,11,340.0253
149322,12,336.6504
149322,13,334.2366
149322,14,333.5438
149322,17,337.1008
149322,18,335.5678
149322,19,338.1478
149322,20,334.4029
149322,21,325.2684
149322,24,325.0543
149322,25,323.4771
149322,26,321.137
149322,27,318.4848
149322,28,316.667
149322,31,314.0836
149322,32,311.7703
149322,33,308.2153
149322,34,302.6372
149322,35,296.9505
149322,38,303.6228
149322,39,303.6101
149322,40,307.8786
149322,41,307.5553
149322,42,307.3228
149322,45,308.3141
149322,46,310.2194
149322,47,306.9857
149322,48,306.1171
149322,49,307.0994
149322,52,302.0629
149322,53,305.6964
149322,54,308.7343
149322,55,303.2207
149322,56,301.0345
149322,59,301.4684
149322,60,303.8717
149322,61,308.1481
149322,62,306.5791
149322,63,313.1281
149322,66,313.155
149322,67,312.6978
149322,68,314.4129
149322,69,315.4386
149322,70,316.3116
149322,73,322.0955
149322,74,322.9655
149322,75,320.3394
149322,76,318.1398
149322,77,322.4648
149322,80,324.5828
149322,81,320.3233
149322,82,315.9827
149322,83,316.2156
149322,84,318.1036
149322,87,316.3702
149322,88,311.8777
149322,89,308.9576
149322,90,313.6363
149322,91,315.1765
149322,94,318.1327
149322,95,321.584
149322,96,319.9785
149322,97,319.0921
149322,98,318.7841
149322,101,320.1228
149322,102,323.3803
149322,103,328.927
149322,104,331.4686
149322,105,334.0513
149322,108,339.9511
149322,109,339.512
149322,110,343.2679
149322,111,345.201
149322,112,347.2574
149322,115,346.7798
149322,116,342.7187
149322,117,343.9399
149322,118,345.1785
149322,119,343.6083
149322,122,343.4925
149322,123,341.0072
149322,124,338.5652
149322,125,337.3061
149322,126,333.5494
149322,129,332.0087
149322,130,334.2775
149322,131,338.7726
149322,132,345.2085
149322,133,344.17
149322,136,348.0115
149322,137,349.2249
149322,138,348.6745
149322,139,350.094
149322,140,353.6959
149322,143,352.3266
149322,144,350.8915
149322,145,349.8061
149322,146,348.0573
149322,147,351.9384
149322,150,349.7559
149322,151,348.1276
149322,152,349.2645
149322,153,350.1553
149322,154,349.0719
149322,157,354.4765
149322,158,352.6924
149322,159,352.3423
149322,160,346.5845
149322,161,345.8319
149322,164,341.9968
149322,165,339.4194
149322,166,333.7871
149322,167,331.341
149322,168,331.2926
149322,171,330.7505
149322,172,329.7129
149322,173,328.9391
149322,174,327.6464
149322,175,327.7155
149322,178,327.566
149322,179,328.5308
149322,180,328.1182
149322,181,327.0344
149322,182,329.4566
149322,185,331.3838
149322,186,331.46
149322,187,335.1449
149322,188,335.5623
149322,189,335.2586
149322,192,335.2287
149322,193,335.8905
149322,194,333.3563
149322,195,328.0625
149322,196,329.0475
149322,199,331.6478
149322,200,328.9027
149322,201,332.2014
149322,202,327.5815
149322,203,326.1393
149322,206,331.2543
149322,207,332.4672
149322,208,331.7526
149322,209,332.6631
149322,210,336.365
149322,213,332.2766
149322,214,336.3344
149322,215,335.0568
149322,216,337.3306
149322,217,335.6813
149322,220,340.8789
149322,221,340.961
149322,222,337.1625
149322,223,338.7379
149322,224,342.8244
149322,227,346.6146
149322,228,347.0796
149322,229,349.7546
149322,230,348.6365
149322,231,350.6393
149322,234,351.9446
149322,235,343.2489
149322,236,340.4087
149322,237,341.2093
149322,238,341.8824
149322,241,341.9712
149322,242,342.4174
149322,243,346.2624
149322,244,347.5248
149322,245,340.6242
149322,248,346.7046
149322,249,341.0997
149322,250,344.1717
149322,251,339.6313
149322,252,344.0992
149322,255,343.4337
149322,256,344.7774
149322,257,338.9656
149322,258,341.3296
149322,259,342.7618
149322,262,344.8109
149322,263,347.8901
149322,264,348.6181
149322,265,348.1504
149322,266,345.8478
149322,269,344.6767
149322,270,348.5435
149322,271,346.1562
149322,272,340.7508
149322,273,337.9704
149322,276,339.9569
149322,277,339.2251
149322,278,341.2143
149322,279,335.4203
149322,280,326.8811
149322,283,327.8125
149322,284,330.9006
149322,285,326.1132
149322,286,327.7987
149322,287,331.4287
149322,290,331.5869
149322,291,334.4049
149322,292,335.1398
149322,293,334.5361
149322,294,337.141
149322,297,343.0535
149322,298,341.5461
149322,299,341.458
149322,300,338.6623
149322,301,339.3012
149322,304,339.0084
149322,305,342.6664
149322,306,347.1629
149322,307,349.7643
149322,308,353.1903
149322,311,351.1827
149322,312,348.4173
149322,313,349.9426
149322,314,350.185
149322,315,356.5978
149322,318,350.7863
149322,319,352.8903
149322,320,354.9552
149322,321,352.7599
149322,322,349.943
149322,325,349.0775
149322,326,344.238
149322,327,348.8708
149322,328,357.4643
149322,329,356.5739
149322,332,354.7522
149322,333,350.8556
149322,334,347.6595
149322,335,346.0354
149322,336,349.9244
149322,339,360.1039
149322,340,358.0003
149322,341,355.3469
149322,342,351.8868
149322,343,353.4708
149322,346,354.7285
149322,347,355.2275
149322,348,354.0209
149322,349,358.475
149322,350,361.0856
149322,353,363.576
149322,354,364.9533
149322,355,364.5322
149322,356,362.4272
149322,357,364.2807
149322,360,365.8314
149322,361,367.8556
149322,362,363.0024
149322,363,364.278
149322,364,363.4752
149322,367,360.8558
149322,368,363.3688
149322,369,364.1252
149322,370,371.9558
149322,371,373.7412
149322,374,372.9552
149322,375,372.7914
149322,376,369.1488
149322,377,373.3703
149322,378,374.6021
149322,381,375.8949
149322,382,372.5755
149322,383,375.3376
149322,384,372.4461
149322,385,370.8224
149322,388,371.4244
149322,389,369.7169
149322,390,367.3319
149322,391,367.359
149322,392,370.8371
149322,395,373.9689
149322,396,376.5035
149322,397,378.3166
149322,398,376.9276
149322,399,380.8685
149322,402,375.2757
149322,403,376.9085
149322,404,379.9113
149322,405,379.8048
149322,406,377.5878
149322,409,377.6592
149322,410,375.3379
149322,411,377.2386
149322,412,380.5945
149322,413,382.2939
149322,416,383.7993
149322,417,386.5809
149322,418,389.7797
149322,419,387.3132
149322,420,382.2924
149322,423,383.4282
149322,424,386.7663
149322,425,381.6081
149322,426,382.0369
149322,427,386.0566
149322,430,385.8593
149322,431,391.2723
149322,432,396.1065
149322,433,395.6728
149322,434,394.5951
149322,437,393.5843
149322,438,394.256
149322,439,390.3981
149322,440,385.9482
149322,441,378.4887
149322,444,378.6134
149322,445,385.6819
149322,446,379.166
149322,447,378.746
149322,448,378.2262
149322,451,377.9142
149322,452,382.3235
149322,453,379.5354
149322,454,373.269
149322,455,371.7061
149322,458,369.7139
149322,459,362.698
149322,460,363.6717
149322,461,360.0733
149322,462,359.9952
149322,465,359.0302
149322,466,355.8291
149322,467,358.82
149322,468,358.1152
149322,469,358.4715
149322,472,360.5161
149322,473,361.6211
149322,474,362.2706
149322,475,359.8325
149322,476,356.504
149322,479,357.1848
149322,480,354.3503
149322,481,357.0259
149322,482,356.8022
149322,483,359.0342
149322,486,356.1101
149322,487,352.7259
149322,488,358.1721
149322,489,357.8848
149322,490,360.965
149322,493,356.6821
149322,494,355.9764
149322,495,360.2745
149322,496,355.5207
149322,497,362.9139
149322,500,363.7503
149322,501,361.319
149322,502,362.6293
149322,503,366.3828
149322,504,363.9126
149322,507,361.9169
149322,508,362.9001
149322,509,364.5731
149322,510,364.1234
149322,511,365.6063
149322,514,368.5589
149322,515,369.3131
149322,516,367.2572
149322,517,367.3789
149322,518,373.3059
149322,521,374.5972
149322,522,378.9124
149322,523,377.3922
149322,524,378.4625
149322,525,381.3197
149322,528,386.5893
149322,529,390.9991
149322,530,387.3583
149322,531,391.5152
149322,532,397.5852
149322,535,395.7786
149322,536,392.8715
149322,537,392.9895
149322,538,393.8152
149322,539,392.8038
149322,542,388.9147
149322,543,394.2012
149322,544,391.4247
149322,545,389.8797
149322,546,390.4565
149322,549,385.6177
149322,550,380.5823
149322,551,379.3317
149322,552,382.301
149322,553,383.133
149322,556,376.4315
149322,557,381.2693
149322,558,384.1581
149322,559,385.0044
149322,560,385.7613
149322,563,388.2593
149322,564,396.5117
149322,565,399.809
149322,566,401.0615
149322,567,396.9493
149322,570,397.7308
149322,571,400.6592
149322,572,400.459
149322,573,398.8226
149322,574,400.9815
149322,577,397.7077
149322,578,400.9705
149322,579,399.6393
149322,580,392.4307
149322,581,391.0617
149322,584,391.0664
149322,585,393.1793
149322,586,394.9014
149322,587,390.6341
149322,588,391.2567
149322,591,389.6194
149322,592,388.584
149322,593,385.3768
149322,594,385.4026
149322,595,396.4024
149322,598,403.1537
149322,599,399.8247
149322,600,400.2637
149322,601,399.3628
149322,602,400.0697
149322,605,403.5239
149322,606,403.2719
149322,607,400.9536
149322,608,405.2729
149322,609,401.0931
149322,612,401.9706
149322,613,396.9414
149322,614,393.5686
149322,615,396.3666
149322,616,394.2021
149322,619,387.932
149322,620,385.6662
149322,621,383.0518
149322,622,379.0064
149322,623,381.0461
149322,626,376.0773
149322,627,374.3254
149322,628,374.9594
149322,629,374.0205
149322,630,372.8819
149322,633,370.704
149322,634,366.93
149322,635,365.0635
149322,636,367.3762
149322,637,366.1614
149322,640,366.8901
149322,641,370.7137
149322,642,372.8722
149322,643,368.8891
149322,644,370.5404
149322,647,374.1729
149322,648,372.4487
149322,649,367.4662
149322,650,366.2296
149322,651,367.0268
149322,654,369.1398
149322,655,367.638
149322,656,361.2836
149322,657,357.4238
149322,658,358.7452
149322,661,365.2873
149322,662,365.4051
149322,663,369.8513
149322,664,366.6088
149322,665,364.7089
149322,668,357.4431
149322,669,358.7953
149322,670,356.1624
149322,671,358.234
149322,672,356.8345
149322,675,363.4416
149322,676,369.4255
149322,677,362.1836
149322,678,364.2648
149322,679,362.0715
149322,682,364.3309
149322,683,360.2246
149322,684,365.0207
149322,685,368.5439
149322,686,364.1652
149322,689,363.7709
149322,690,364.4803
149322,691,366.9891
149322,692,367.1398
149322,693,369.8856
149322,696,369.8455
149322,697,372.0382
149322,698,367.7668
149322,699,367.8722
149322,700,371.8144
149322,703,376.6646
149322,704,377.4345
149322,705,377.2993
149322,706,382.076
149322,707,381.933
149322,710,386.0068
149322,711,385.8429
149322,712,386.1782
149322,713,382.6314
149322,714,378.6341
149322,717,382.1115
149322,718,388.1618
149322,719,388.7243
149322,720,388.3553
149322,721,392.0758
149322,724,393.447
149322,725,385.4113
149322,726,389.0043
149322,727,384.6431
149322,728,384.8018
149322,731,383.5042
149322,732,381.5403
149322,733,381.8952
149322,734,385.1155
149322,735,385.4206
149322,738,390.4443
149322,739,395.9666
149322,740,401.5346
149322,741,401.544
149322,742,400.0604
149322,745,400.1479
149322,746,404.3474
149322,747,408.375
149322,748,399.3404
149322,749,400.6257
149322,752,392.5482
149322,753,392.6848
149322,754,391.0587
149322,755,388.3832
149322,756,391.505
149322,759,389.4773
149322,760,389.6456
149322,761,386.6542
149322,762,387.1053
149322,763,390.5971
149322,766,387.7847
149322,767,390.1807
149322,768,390.5766
149322,769,390.9412
149322,770,389.9361
149322,773,392.8074
149322,774,395.3424
149322,775,395.0812
149322,776,395.9923
149322,777,398.8012
149322,780,400.9171
149322,781,400.0407
149322,782,404.3831
149322,783,407.6869
149322,784,415.5632
149322,787,410.062
149322,788,412.8214
149322,789,417.2525
149322,790,421.185
149322,791,420.4642
149322,794,415.654
149322,795,421.5539
149322,796,419.9833
149322,797,419.1065
149322,798,427.0351
149322,801,422.4852
149322,802,425.7669
149322,803,423.1642
149322,804,420.4959
149322,805,421.3354
149322,808,424.0749
149322,809,427.8643
149322,810,432.1875
149322,811,429.7243
149322,812,425.6319
149322,815,424.5666
149322,816,426.0894
149322,817,425.5368
149322,818,412.3367
149322,819,405.9548
149322,822,405.3038
149322,823,408.583
149322,824,405.5453
149322,825,408.3863
149322,826,403.2413
149322,829,404.3597
149322,830,405.5073
149322,831,407.3972
149322,832,403.999
149322,833,398.7279
149322,836,401.4963
149322,837,396.333
149322,838,393.8507
149322,839,398.9201
149322,840,399.7244
149322,843,401.2334
149322,844,403.6584
149322,845,405.9704
149322,846,406.1037
149322,847,403.0959
149322,850,412.9645
149322,851,412.1126
149322,852,413.5309
149322,853,415.3534
149322,854,413.619
149322,857,412.2818
149322,858,417.9442
149322,859,415.4435
149322,860,417.1725
149322,861,420.6984
149322,864,420.1214
149322,865,419.9903
149322,866,423.7682
149322,867,423.4735
149322,868,416.001
149322,871,421.7727
149322,872,418.3756
149322,873,419.3877
149322,874,414.7558
149322,875,413.1044
149322,878,411.7295
149322,879,412.5752
149322,880,409.6073
149322,881,417.0482
149322,882,417.3536
149322,885,420.8262
149322,886,421.0104
149322,887,424.9488
149322,888,417.3639
149322,889,414.9919
149322,892,413.2998
149322,893,411.5851
149322,894,413.6855
149322,895,416.0478
149322,896,415.9908
149322,899,416.0245
149322,900,425.2951
149322,901,426.7344
149322,902,418.6575
149322,903,421.7281
149322,906,424.0328
149322,907,428.6116
149322,908,431.1018
149322,909,427.8964
149322,910,431.4907
149322,913,432.0916
149322,914,436.3217
149322,915,442.5471
149322,916,442.2998
149322,917,445.9593
149322,920,450.2755
149322,921,451.139
149322,922,459.2341
149322,923,463.7273
149322,924,461.5775
149322,927,462.8762
149322,928,466.6415
149322,929,474.8556
149322,930,477.7092
149322,931,479.1774
149322,934,484.7981
149322,935,484.1104
149322,936,480.1497
149322,937,483.3884
149322,938,482.0275
149322,941,493.9666
149322,942,495.3253
149322,943,498.6932
149322,944,496.1933
149322,945,502.0171
149322,948,502.1568
149322,949,501.8644
149322,950,501.6784
149322,951,496.2531
149322,952,495.4134
149322,955,498.0623
149322,956,491.5738
149322,957,496.2789
149322,958,495.3614
149322,959,496.6878
149322,962,487.2491
149322,963,488.4687
149322,964,484.2453
149322,965,482.9958
149322,966,476.6107
149322,969,473.1623
149322,970,472.7241
149322,971,471.8358
149322,972,475.7763
149322,973,468.2437
149322,976,468.2731
149322,977,468.1055
149322,978,466.4599
149322,979,462.9571
149322,980,467.7203
149322,983,476.4894
149322,984,469.5829
149322,985,466.0114
149322,986,462.1402
149322,987,461.2321
149322,990,466.6095
149322,991,469.0279
149322,992,468.6336
149322,993,468.9431
149322,994,467.8669
149322,997,471.1677
149322,998,475.0012
149322,999,477.7311
149322,1000,468.8075
149322,1001,469.1038
149322,1004,468.5743
149322,1005,472.9327
149322,1006,474.1756
149322,1007,476.7554
149322,1008,474.9223
149322,1011,479.1204
149322,1012,484.6122
149322,1013,477.9548
149322,1014,472.7661
149322,1015,476.2014
149322,1018,475.7233
149322,1019,480.3066
149322,1020,481.5804
149322,1021,484.7821
149322,1022,481.8464
149322,1025,483.5419
149322,1026,485.2555
149322,1027,482.5652
149322,1028,487.0983
149322,1029,479.2712
149322,1032,480.3977
149322,1033,475.1913
149322,1034,471.1693
149322,1035,475.5295
149322,1036,471.182
149322,1039,466.7004
149322,1040,469.3372
149322,1041,465.0017
149322,1042,469.4382
149322,1043,472.3581
149322,1046,469.3718
149322,1047,473.6919
149322,1048,465.9025
149322,1049,468.0894
149322,1050,463.2118
149322,1053,461.3169
149322,1054,459.6915
149322,1055,465.1558
149322,1056,463.3429
149322,1057,463.2607
149322,1060,461.7121
149322,1061,457.9643
149322,1062,454.0561
149322,1063,455.529
149322,1064,455.658
149322,1067,458.9692
149322,1068,458.2268
149322,1069,457.6163
149322,1070,460.9549
149322,1071,459.6818
149322,1074,454.1168
149322,1075,457.7599
149322,1076,455.2692
149322,1077,455.7729
149322,1078,453.4954
149322,1081,449.8546
149322,1082,442.6127
149322,1083,444.1677
149322,1084,431.2925
149322,1085,436.4844
149322,1088,440.7025
149322,1089,437.4074
149322,1090,443.8062
149322,1091,452.1791
149322,1092,451.3232
149322,1095,453.1957
149322,1096,453.9748
149322,1097,460.3129
149322,1098,454.9286
149322,1099,454.2515
149322,1102,458.186
149322,1103,461.7233
149322,1104,461.7872
149322,1105,467.7337
149322,1106,468.9396
149322,1109,469.6523
149322,1110,472.7922
149322,1111,472.7822
149322,1112,473.2358
149322,1113,470.2039
149322,1116,482.7759
149322,1117,481.0125
149322,1118,484.3658
149322,1119,492.8425
149322,1120,487.2918
149322,1123,490.1782
149322,1124,490.5313
149322,1125,498.6144
149322,1126,494.8875
149322,1127,491.8688
149322,1130,491.9061
149322,1131,490.0225
149322,1132,488.2935
149322,1133,497.3637
149322,1134,498.1782
149322,1137,494.9979
149322,1138,493.5527
149322,1139,495.5739
149322,1140,497.307
149322,1141,495.037
149322,1144,488.2319
149322,1145,488.2661
149322,1146,488.1839
149322,1147,485.6604
149322,1148,491.4264
149322,1151,494.1778
149322,1152,495.021
149322,1153,493.7034
149322,1154,501.5657
149322,1155,496.7411
149322,1158,494.8256
149322,1159,493.1097
149322,1160,494.6667
149322,1161,497.815
149322,1162,492.2353
149322,1165,489.5248
149322,1166,491.7148
149322,1167,489.091
149322,1168,487.6126
149322,1169,488.6075
149322,1172,484.6531
149322,1173,486.0918
149322,1174,488.9771
149322,1175,489.3951
149322,1176,495.8417
149322,1179,499.2815
149322,1180,499.3589
149322,1181,498.2023
149322,1182,506.2332
149322,1183,503.5483
149322,1186,502.6003
149322,1187,501.0455
149322,1188,503.0658
149322,1189,513.4361
149322,1190,514.8198
149322,1193,513.6244
149322,1194,514.7452
149322,1195,509.0823
149322,1196,508.5021
149322,1197,516.4683
149322,1200,519.7604
149322,1201,525.7049
149322,1202,530.6978
149322,1203,527.6629
149322,1204,536.9127
149322,1207,528.8412
149322,1208,530.6679
149322,1209,521.3846
149322,1210,513.8307
149322,1211,518.3551
149322,1214,515.4702
149322,1215,521.4296
149322,1216,511.7898
149322,1217,511.6543
149322,1218,506.4581
149322,1221,505.2534
149322,1222,512.4643
149322,1223,520.8954
149322,1224,523.5271
149322,1225,516.4825
149322,1228,511.2789
149322,1229,512.2653
149322,1230,508.8998
149322,1231,512.1255
149322,1232,520.0193
149322,1235,515.7981
149322,1236,512.0067
149322,1237,506.9655
149322,1238,506.091
149322,1239,506.5855
149322,1242,506.9433
149322,1243,511.2363
149322,1244,513.2759
149322,1245,513.2749
149322,1246,513.7251
149322,1249,514.3779
149322,1250,514.3811
149322,1251,511.5824
149322,1252,506.4444
149322,1253,507.3419
149322,1256,505.3734
149322,1257,507.9812
149322,1258,508.5661
149322,1259,508.8954
149322,1260,513.5979
149322,1263,507.5367
149322,1264,515.7841
149322,1265,506.2013
149322,1266,512.9842
149322,1267,514.1588
149322,1270,512.0521
149322,1271,505.7101
149322,1272,503.3031
149322,1273,502.8364
149322,1274,503.9614
149322,1277,510.6909
149322,1278,511.2854
149322,1279,512.9934
149322,1280,514.8453
149322,1281,513.6252
149322,1284,513.0198
149322,1285,512.8006
149322,1286,515.9077
149322,1287,512.0347
149322,1288,510.0153
149322,1291,511.8846
149322,1292,507.3096
149322,1293,508.0803
149322,1294,505.902
149322,1295,508.4237
149322,1298,514.8867
149322,1299,512.684
149322,1300,516.3877
149322,1301,517.569
149322,1302,516.0862
149322,1305,516.3827
149322,1306,522.5971
149322,1307,522.0751
149322,1308,528.41
149322,1309,528.1236
149322,1312,521.855
149322,1313,521.4491
149322,1314,514.9059
149322,1315,513.7301
149322,1316,512.3835
149322,1319,520.9283
149322,1320,528.6473
149322,1321,529.3186
149322,1322,535.2798
149322,1323,533.6807
149322,1326,527.2772
149322,1327,530.0108
149322,1328,531.977
149322,1329,527.8689
149322,1330,523.9968
149322,1333,528.6294
149322,1334,521.1074
149322,1335,523.9492
149322,1336,522.7677
149322,1337,525.625
149322,1340,530.5
149322,1341,526.6968
149322,1342,521.6962
149322,1343,528.759
149322,1344,528.7651
149322,1347,530.5693
149322,1348,535.1241
149322,1349,530.8805
149322,1350,535.3963
149322,1351,538.7054
149322,1354,546.0164
149322,1355,553.3416
149322,1356,553.9369
149322,1357,557.9158
149322,1358,558.423
149322,1361,559.4273
149322,1362,554.1713
149322,1363,553.3606
149322,1364,544.9518
149322,1365,544.5724
149322,1368,551.2334
149322,1369,555.3147
149322,1370,556.1515
149322,1371,555.4479
149322,1372,553.0926
149322,1375,548.9135
149322,1376,553.1763
149322,1377,546.0196
149322,1378,538.8463
149322,1379,543.4414
149322,1382,544.7195
149322,1383,545.216
149322,1384,546.4944
149322,1385,556.5557
149322,1386,557.1181
149322,1389,558.8493
149322,1390,569.3788
149322,1391,569.3532
149322,1392,578.3861
149322,1393,568.0307
149322,1396,562.53
149322,1397,559.5145
149322,1398,562.6938
149322,1399,571.8613
149322,1400,569.1829
149322,1403,574.411
149322,1404,586.1592
149322,1405,594.6109
149322,1406,592.8025
149322,1407,597.6691
149322,1410,599.7701
149322,1411,596.5997
149322,1412,599.1612
149322,1413,596.9706
149322,1414,597.9341
149322,1417,591.0142
149322,1418,582.1967
149322,1419,581.027
149322,1420,582.9601
149322,1421,577.4881
149322,1424,580.4741
149322,1425,580.9926
149322,1426,584.6355
149322,1427,589.8358
149322,1428,597.1745
149322,1431,600.6699
149322,1432,599.417
149322,1433,600.726
149322,1434,613.5098
149322,1435,619.1844
149322,1438,619.8949
149322,1439,619.3919
149322,1440,616.4505
149322,1441,610.3447
149322,1442,619.9283
149322,1445,622.8712
149322,1446,616.2578
149322,1447,615.8946
149322,1448,623.1557
149322,1449,621.0245
149322,1452,616.8978
149322,1453,619.1612
149322,1454,623.0868
149322,1455,620.9628
149322,1456,618.0069
149322,1459,620.8425
149322,1460,615.0313
149322,1461,612.4348
149322,1462,612.1008
149322,1463,616.4212
149322,1466,614.4175
149322,1467,617.7959
149322,1468,624.5039
149322,1469,622.0416
149322,1470,640.3062
149322,1473,648.7075
149322,1474,650.6036
149322,1475,649.8966
149322,1476,647.0552
149322,1477,656.9438
149322,1480,658.5042
149322,1481,650.5366
149322,1482,641.1182
149322,1483,642.0855
149322,1484,643.1789
149322,1487,638.3278
149322,1488,630.1839
149322,1489,619.6872
149322,1490,615.8688
149322,1491,614.2185
149322,1494,618.2961
149322,1495,617.9045
149322,1496,624.0517
149322,1497,627.7144
149322,1498,630.8874
149322,1501,636.6879
149322,1502,629.2734
149322,1503,626.6277
149322,1504,640.3705
149322,1505,630.0199
149322,1508,628.6917
149322,1509,631.6631
149322,1510,621.6138
149322,1511,617.8198
149322,1512,629.116
149322,1515,630.3875
149322,1516,627.5256
149322,1517,629.0159
149322,1518,626.1496
149322,1519,636.0061
149322,1522,630.797
149322,1523,628.2193
149322,1524,620.3259
149322,1525,619.031
149322,1526,618.3977
149322,1529,625.2754
149322,1530,620.0135
149322,1531,622.9849
149322,1532,623.7833
149322,1533,613.7751
149322,1536,610.1763
149322,1537,606.3859
149322,1538,615.7712
149322,1539,619.0613
149322,1540,620.1715
149322,1543,597.4258
149322,1544,587.7588
149322,1545,591.8487
149322,1546,596.2522
149322,1547,592.6676
149322,1550,593.1181
149322,1551,593.198
149322,1552,594.3916
149322,1553,592.7505
149322,1554,597.3363
149322,1557,603.5031
149322,1558,598.7259
149322,1559,592.7581
149322,1560,588.9147
149322,1561,589.4718
149322,1564,591.6286
149322,1565,596.0642
149322,1566,601.5029
149322,1567,603.7401
149322,1568,605.2759
149322,1571,614.459
149322,1572,614.8032
149322,1573,618.3297
149322,1574,620.3985
149322,1575,619.7713
149322,1578,619.1808
149322,1579,626.765
149322,1580,626.5896
149322,1581,624.9661
149322,1582,621.2373
149322,1585,623.8783
149322,1586,621.3873
149322,1587,623.5298
149322,1588,624.8302
149322,1589,622.8007
149322,1592,615.4997
149322,1593,610.2529
149322,1594,605.8911
149322,1595,600.8596
149322,1596,603.5883
149322,1599,615.3466
149322,1600,612.8959
149322,1601,611.1375
149322,1602,608.3086
149322,1603,613.2436
149322,1606,615.8714
149322,1607,616.0989
149322,1608,609.8571
149322,1609,604.9862
149322,1610,606.2349
149323,3,78.4622
149323,4,78.5
149323,5,79.1806
149323,6,78.0831
149323,7,78.4202
149323,10,78.7064
149323,11,77.8616
149323,12,77.3521
149323,13,78.0491
149323,14,77.0447
149323,17,79.404
149323,18,79.9879
149323,19,79.987
149323,20,79.7997
149323,21,80.6105
149323,24,80.2687
149323,25,79.9677
149323,26,81.425
149323,27,81.0214
149323,28,81.2082
149323,31,80.527
149323,32,80.8315
149323,33,81.4502
149323,34,83.1635
149323,35,82.2912
149323,38,80.932
149323,39,80.7284
149323,40,80.1884
149323,41,80.2277
149323,42,80.785
149323,45,83.061
149323,46,82.6691
149323,47,80.565
149323,48,80.3901
149323,49,80.7825
149323,52,79.9043
149323,53,80.1822
149323,54,80.3684
149323,55,80.6732
149323,56,81.4959
149323,59,81.4702
149323,60,82.0612
149323,61,80.3674
149323,62,79.5006
149323,63,79.2297
149323,66,78.3351
149323,67,78.3941
149323,68,78.1249
149323,69,77.7529
149323,70,78.6328
149323,73,78.7649
149323,74,77.8023
149323,75,77.2946
149323,76,78.0472
149323,77,78.2868
149323,80,79.4691
149323,81,80.3325
149323,82,80.0133
149323,83,81.4548
149323,84,83.0041
149323,87,81.304
149323,88,81.3898
149323,89,80.9105
149323,90,80.7131
149323,91,79.9824
149323,94,79.1396
149323,95,80.0518
149323,96,78.9937
149323,97,79.1354
149323,98,77.9204
149323,101,79.1667
149323,102,79.2486
149323,103,80.0126
149323,104,80.2538
149323,105,80.0649
149323,108,80.1845
149323,109,81.6994
149323,110,80.8811
149323,111,78.5034
149323,112,77.82
149323,115,76.7537
149323,116,77.7005
149323,117,77.5896
149323,118,78.4147
149323,119,78.4976
149323,122,78.5587
149323,123,78.7661
149323,124,80.228
149323,125,80.4615
149323,126,81.5918
149323,129,82.6747
149323,130,82.5689
149323,131,82.5516
149323,132,82.2346
149323,133,83.5637
149323,136,82.6835
149323,137,82.0264
149323,138,81.8108
149323,139,80.7487
149323,140,80.2334
149323,143,81.3867
149323,144,82.079
149323,145,81.7219
149323,146,82.5666
149323,147,84.707
149323,150,85.0824
149323,151,86.5996
149323,152,87.5458
149323,153,87.2967
149323,154,87.5621
149323,157,88.1749
149323,158,87.4511
149323,159,84.8195
149323,160,84.0336
149323,161,81.946
149323,164,81.2671
149323,165,79.6769
149323,166,80.575
149323,167,79.4961
149323,168,80.0695
149323,171,80.8621
149323,172,81.5989
149323,173,79.8483
149323,174,80.9831
149323,175,81.4465
149323,178,82.2898
149323,179,84.1687
149323,180,85.03
149323,181,83.8915
149323,182,84.6071
149323,185,83.1541
149323,186,83.1476
149323,187,82.704
149323,188,82.7699
149323,189,81.3427
149323,192,80.0505
149323,193,79.6748
149323,194,79.5165
149323,195,79.1657
149323,196,80.6064
149323,199,81.0708
149323,200,81.5111
149323,201,81.1938
149323,202,79.9063
149323,203,79.9562
149323,206,81.7598
149323,207,82.0349
149323,208,83.1914
149323,209,84.4916
149323,210,85.1168
149323,213,85.3991
149323,214,84.4524
149323,215,84.2988
149323,216,83.9921
149323,217,84.3814
149323,220,83.0212
149323,221,82.5447
149323,222,83.0008
149323,223,82.3618
149323,224,81.5191
149323,227,80.8051
149323,228,80.5964
149323,229,78.3851
149323,230,77.7406
149323,231,78.6853
149323,234,79.0442
149323,235,79.4962
149323,236,77.8286
149323,237,77.4959
149323,238,77.4408
149323,241,77.9249
149323,242,79.0212
149323,243,79.9833
149323,244,79.4784
149323,245,78.9984
149323,248,80.3991
149323,249,80.1074
149323,250,79.1295
149323,251,78.9868
149323,252,80.327
149323,255,79.5153
149323,256,79.1616
149323,257,78.4005
149323,258,79.3566
149323,259,79.6843
149323,262,80.6266
149323,263,82.2065
149323,264,80.7866
149323,265,80.1099
149323,266,79.7491
149323,269,79.8687
149323,270,80.408
149323,271,79.9903
149323,272,79.3841
149323,273,80.3525
149323,276,80.934
149323,277,81.2954
149323,278,79.2876
149323,279,80.4953
149323,280,80.7272
149323,283,80.6252
149323,284,79.8923
149323,285,79.3429
149323,286,78.5543
149323,287,76.7502
149323,290,76.0542
149323,291,74.6628
149323,292,74.6591
149323,293,73.6876
149323,294,74.3843
149323,297,72.9664
149323,298,74.0673
149323,299,74.8632
149323,300,73.9637
149323,301,73.9302
149323,304,73.2274
149323,305,73.786
149323,306,75.4437
149323,307,76.5694
149323,308,75.9929
149323,311,76.1486
149323,312,77.6011
149323,313,78.1423
149323,314,79.1461
149323,315,79.8192
149323,318,79.946
149323,319,79.9335
149323,320,78.8365
149323,321,78.1699
149323,322,77.3829
149323,325,77.1102
149323,326,77.2542
149323,327,77.2066
149323,328,77.4585
149323,329,78.1295
149323,332,77.7943
149323,333,78.5374
149323,334,79.6684
149323,335,80.1193
149323,336,79.6525
149323,339,80.6145
149323,340,81.1363
149323,341,81.7946
149323,342,83.3676
149323,343,84.1353
149323,346,85.7935
149323,347,85.6989
149323,348,85.3151
149323,349,86.5547
149323,350,85.5973
149323,353,87.6131
149323,354,89.049
149323,355,89.2026
149323,356,90.5555
149323,357,91.3378
149323,360,89.999
149323,361,89.1842
149323,362,89.5501
149323,363,89.7818
149323,364,91.2601
149323,367,91.6525
149323,368,90.3321
149323,369,89.805
149323,370,90.6684
149323,371,88.7718
149323,374,87.3437
149323,375,87.0137
149323,376,88.0436
149323,377,87.8747
149323,378,88.4205
149323,381,88.4853
149323,382,88.3958
149323,383,87.766
149323,384,88.7125
149323,385,87.4496
149323,388,87.2643
149323,389,88.5293
149323,390,87.7824
149323,391,86.2205
149323,392,84.1202
149323,395,84.8509
149323,396,85.657
149323,397,85.3624
149323,398,84.1303
149323,399,84.04
149323,402,85.2909
149323,403,84.0617
149323,404,85.1906
149323,405,83.5358
149323,406,82.4623
149323,409,82.626
149323,410,83.6249
149323,411,85.1683
149323,412,86.2435
149323,413,87.92
149323,416,88.1713
149323,417,87.5768
149323,418,88.8867
149323,419,90.4102
149323,420,91.4848
149323,423,92.2202
149323,424,93.8328
149323,425,94.2812
149323,426,94.3216
149323,427,95.2085
149323,430,95.8188
149323,431,96.9049
149323,432,96.8173
149323,433,97.9427
149323,434,99.02
149323,437,99.3402
149323,438,98.5185
149323,439,100.0598
149323,440,98.6881
149323,441,97.6292
149323,444,97.8917
149323,445,95.0611
149323,446,96.8983
149323,447,96.9807
149323,448,98.8509
149323,451,101.0767
149323,452,100.9577
149323,453,102.6699
149323,454,101.4438
149323,455,102.0401
149323,458,101.532
149323,459,102.4511
149323,460,103.6089
149323,461,103.4806
149323,462,104.2279
149323,465,105.4842
149323,466,105.7929
149323,467,109.1309
149323,468,109.0254
149323,469,111.2828
149323,472,112.895
149323,473,110.4841
149323,474,112.552
149323,475,114.085
149323,476,114.3181
149323,479,114.9014
149323,480,115.6591
149323,481,117.6581
149323,482,117.1568
149323,483,119.4826
149323,486,118.0219
149323,487,115.6395
149323,488,116.5425
149323,489,118.3918
149323,490,118.2173
149323,493,115.1343
149323,494,113.1743
149323,495,113.8436
149323,496,113.9067
149323,497,115.7492
149323,500,115.9284
149323,501,114.9829
149323,502,115.487
149323,503,116.9782
149323,504,118.9657
149323,507,118.8879
149323,508,119.0642
149323,509,120.261
149323,510,119.2687
149323,511,120.4063
149323,514,120.1534
149323,515,120.1258
149323,516,120.2107
149323,517,120.4785
149323,518,123.3532
149323,521,122.7456
149323,522,122.2162
149323,523,124.4348
149323,524,125.1833
149323,525,126.4238
149323,528,124.9588
149323,529,125.4124
149323,530,126.7202
149323,531,125.7864
149323,532,126.8217
149323,535,126.5972
149323,536,125.7077
149323,537,127.3273
149323,538,129.1604
149323,539,129.4469
149323,542,130.2349
149323,543,132.4053
149323,544,131.869
149323,545,132.5097
149323,546,131.9874
149323,549,130.4762
149323,550,129.949
149323,551,128.2976
149323,552,129.0398
149323,553,127.9389
149323,556,125.9023
149323,557,127.1122
149323,558,128.2339
149323,559,127.8142
149323,560,128.9815
149323,563,127.8293
149323,564,127.3468
149323,565,128.0555
149323,566,129.7373
149323,567,129.232
149323,570,128.4001
149323,571,130.0066
149323,572,131.0519
149323,573,131.3739
149323,574,133.3342
149323,577,136.57
149323,578,137.262
149323,579,136.3883
149323,580,137.2951
149323,581,136.0461
149323,584,138.177
149323,585,137.1139
149323,586,136.8896
149323,587,135.6155
149323,588,136.0032
149323,591,136.4497
149323,592,137.7608
149323,593,138.0514
149323,594,138.221
149323,595,137.3675
149323,598,136.9899
149323,599,134.8159
149323,600,137.1762
149323,601,137.1139
149323,602,139.9274
149323,605,139.8192
149323,606,136.7642
149323,607,136.1207
149323,608,136.2083
149323,609,136.4069
149323,612,137.6092
149323,613,137.9889
149323,614,137.5262
149323,615,136.1201
149323,616,135.5511
149323,619,136.6276
149323,620,138.1317
149323,621,137.1146
149323,622,138.8708
149323,623,139.9143
149323,626,138.53
149323,627,139.0334
149323,628,139.7444
149323,629,138.0684
149323,630,135.933
149323,633,136.7984
149323,634,136.1484
149323,635,138.7284
149323,636,141.7113
149323,637,142.6103
149323,640,144.3415
149323,641,142.6797
149323,642,140.518
149323,643,140.375
149323,644,138.3232
149323,647,138.9272
149323,648,137.723
149323,649,138.1305
149323,650,137.9376
149323,651,139.0877
149323,654,139.7263
149323,655,139.1462
149323,656,136.9782
149323,657,137.3375
149323,658,134.5937
149323,661,136.7083
149323,662,137.6694
149323,663,139.1589
149323,664,137.6464
149323,665,138.3275
149323,668,137.3209
149323,669,137.6589
149323,670,136.1155
149323,671,136.0714
149323,672,133.935
149323,675,133.7689
149323,676,131.2504
149323,677,134.1143
149323,678,134.4627
149323,679,134.5626
149323,682,135.7474
149323,683,133.7429
149323,684,132.5883
149323,685,133.5238
149323,686,133.8724
149323,689,132.8138
149323,690,133.9383
149323,691,134.5152
149323,692,135.4229
149323,693,136.1479
149323,696,135.1332
149323,697,135.1017
149323,698,132.2211
149323,699,131.5038
149323,700,131.2067
149323,703,132.2839
149323,704,133.1871
149323,705,132.0826
149323,706,130.9527
149323,707,133.107
149323,710,132.7291
149323,711,133.0005
149323,712,134.347
149323,713,134.3098
149323,714,134.1567
149323,717,133.7415
149323,718,133.0188
149323,719,133.3364
149323,720,130.5475
149323,721,130.0722
149323,724,131.0043
149323,725,131.7592
149323,726,134.0938
149323,727,135.5359
149323,728,136.2917
149323,731,136.4305
149323,732,135.7786
149323,733,136.6911
149323,734,137.314
149323,735,136.7925
149323,738,135.4716
149323,739,135.4769
149323,740,137.4571
149323,741,137.7314
149323,742,137.8712
149323,745,138.6647
149323,746,139.56
149323,747,140.0708
149323,748,140.0948
149323,749,139.3392
149323,752,141.1204
149323,753,140.4958
149323,754,143.2614
149323,755,143.6232
149323,756,143.8108
149323,759,145.2228
149323,760,144.1891
149323,761,145.2809
149323,762,145.5796
149323,763,146.396
149323,766,145.3011
149323,767,144.1982
149323,768,141.1651
149323,769,140.4894
149323,770,139.7292
149323,773,138.711
149323,774,138.613
149323,775,138.8132
149323,776,139.7402
149323,777,140.7847
149323,780,141.9808
149323,781,143.2588
149323,782,143.8286
149323,783,144.0208
149323,784,145.7296
149323,787,147.043
149323,788,144.5553
149323,789,144.354
149323,790,141.3669
149323,791,138.4092
149323,794,137.6616
149323,795,137.5437
149323,796,136.9395
149323,797,134.1496
149323,798,135.4913
149323,801,134.4404
149323,802,135.3214
149323,803,134.316
149323,804,133.6085
149323,805,134.3944
149323,808,133.9243
149323,809,134.2884
149323,810,134.8258
149323,811,132.6319
149323,812,133.4825
149323,815,132.082
149323,816,130.4251
149323,817,129.383
149323,818,130.7387
149323,819,128.3448
149323,822,129.436
149323,823,130.0508
149323,824,130.2544
149323,825,130.7277
149323,826,130.3625
149323,829,131.5201
149323,830,130.9387
149323,831,128.5035
149323,832,128.4714
149323,833,129.7971
149323,836,130.6518
149323,837,133.6102
149323,838,133.2959
149323,839,133.1294
149323,840,132.8478
149323,843,131.708
149323,844,131.0526
149323,845,129.5205
149323,846,126.0979
149323,847,125.3097
149323,850,125.4295
149323,851,126.4653
149323,852,125.6817
149323,853,124.9203
149323,854,126.5561
149323,857,124.6398
149323,858,124.4804
149323,859,125.9998
149323,860,125.0202
149323,861,122.8293
149323,864,125.449
149323,865,126.7404
149323,866,128.0926
149323,867,128.0421
149323,868,129.1148
149323,871,125.4076
149323,872,124.8371
149323,873,126.3462
149323,874,124.3367
149323,875,123.925
149323,878,124.484
149323,879,123.4041
149323,880,123.4983
149323,881,124.1535
149323,882,124.6871
149323,885,124.1742
149323,886,123.0311
149323,887,123.6993
149323,888,124.2862
149323,889,124.8026
149323,892,125.0581
149323,893,125.653
149323,894,127.0645
149323,895,127.6228
149323,896,127.8584
149323,899,127.1404
149323,900,129.3542
149323,901,127.7132
149323,902,127.4896
149323,903,126.8007
149323,906,124.1416
149323,907,124.7525
149323,908,124.5334
149323,909,124.6649
149323,910,124.4824
149323,913,125.6945
149323,914,127.1133
149323,915,125.5335
149323,916,128.3007
149323,917,128.0187
149323,920,129.0092
149323,921,129.3752
149323,922,129.6264
149323,923,130.5813
149323,924,132.7475
149323,927,134.0783
149323,928,133.7786
149323,929,133.734
149323,930,132.9247
149323,931,134.1579
149323,934,135.1996
149323,935,134.738
149323,936,136.9867
149323,937,138.8523
149323,938,142.0118
149323,941,140.7706
149323,942,140.6968
149323,943,140.461
149323,944,145.0049
149323,945,145.1199
149323,948,147.4335
149323,949,149.3716
149323,950,149.3223
149323,951,149.5224
149323,952,150.5624
149323,955,152.9494
149323,956,152.7379
149323,957,151.9134
149323,958,153.7217
149323,959,151.7283
149323,962,152.2907
149323,963,154.3395
149323,964,155.2411
149323,965,154.2952
149323,966,152.5601
149323,969,154.8476
149323,970,154.6266
149323,971,153.0706
149323,972,155.276
149323,973,156.8776
149323,976,155.0198
149323,977,159.8635
149323,978,158.9398
149323,979,160.5466
149323,980,164.5207
149323,983,166.3912
149323,984,167.0208
149323,985,164.2928
149323,986,168.4694
149323,987,170.3377
149323,990,167.5905
149323,991,170.8329
149323,992,171.0733
149323,993,170.6208
149323,994,169.5708
149323,997,170.0332
149323,998,171.8014
149323,999,170.9024
149323,1000,171.2791
149323,1001,178.4719
149323,1004,179.612
149323,1005,181.8232
149323,1006,179.871
149323,1007,177.0917
149323,1008,180.3449
149323,1011,183.0314
149323,1012,186.9508
149323,1013,186.8988
149323,1014,189.8539
149323,1015,184.2618
149323,1018,185.5845
149323,1019,188.0201
149323,1020,186.6034
149323,1021,189.104
149323,1022,188.8249
149323,1025,188.7721
149323,1026,188.3157
149323,1027,192.0434
149323,1028,191.1307
149323,1029,189.9442
149323,1032,188.1322
149323,1033,187.4305
149323,1034,187.9952
149323,1035,189.5654
149323,1036,187.9908
149323,1039,188.9591
149323,1040,190.4767
149323,1041,188.4891
149323,1042,188.7589
149323,1043,188.6945
149323,1046,188.9889
149323,1047,187.9206
149323,1048,187.7426
149323,1049,187.9392
149323,1050,192.3091
149323,1053,192.5419
149323,1054,195.7832
149323,1055,199.2594
149323,1056,196.2709
149323,1057,195.72
149323,1060,199.2001
149323,1061,199.7671
149323,1062,199.6236
149323,1063,201.5596
149323,1064,204.2892
149323,1067,204.3553
149323,1068,203.8133
149323,1069,198.262
149323,1070,198.5076
149323,1071,197.7374
149323,1074,195.5014
149323,1075,195.1531
149323,1076,194.3116
149323,1077,194.8368
149323,1078,194.3183
149323,1081,195.4926
149323,1082,196.0321
149323,1083,199.1774
149323,1084,198.0413
149323,1085,202.4419
149323,1088,205.1828
149323,1089,209.0076
149323,1090,209.7823
149323,1091,209.2183
149323,1092,208.0158
149323,1095,212.5682
149323,1096,215.522
149323,1097,213.0809
149323,1098,215.7342
149323,1099,213.7577
149323,1102,214.7338
149323,1103,217.0135
149323,1104,220.9827
149323,1105,221.7614
149323,1106,221.5554
149323,1109,221.8221
149323,1110,224.8243
149323,1111,227.109
149323,1112,227.2178
149323,1113,222.3564
149323,1116,216.1166
149323,1117,216.8465
149323,1118,213.9465
149323,1119,212.7401
149323,1120,212.3062
149323,1123,217.7956
149323,1124,218.2621
149323,1125,220.2996
149323,1126,221.7835
149323,1127,215.5923
149323,1130,214.7087
149323,1131,211.739
149323,1132,216.3077
149323,1133,211.7913
149323,1134,210.8694
149323,1137,210.3543
149323,1138,208.0271
149323,1139,208.4203
149323,1140,208.4555
149323,1141,209.0036
149323,1144,210.4063
149323,1145,211.1459
149323,1146,212.2528
149323,1147,215.2423
149323,1148,211.1765
149323,1151,213.0968
149323,1152,210.5884
149323,1153,209.1165
149323,1154,209.5611
149323,1155,210.7374
149323,1158,212.2192
149323,1159,209.9737
149323,1160,214.2579
149323,1161,213.3329
149323,1162,211.6466
149323,1165,208.5896
149323,1166,205.3344
149323,1167,202.0591
149323,1168,202.9577
149323,1169,204.5686
149323,1172,202.6002
149323,1173,199.985
149323,1174,199.6136
149323,1175,199.981
149323,1176,200.7469
149323,1179,198.5772
149323,1180,198.3139
149323,1181,202.2053
149323,1182,199.4688
149323,1183,199.5339
149323,1186,200.8669
149323,1187,198.6874
149323,1188,200.2816
149323,1189,197.2298
149323,1190,198.8675
149323,1193,199.105
149323,1194,195.8831
149323,1195,197.6353
149323,1196,195.6594
149323,1197,195.4325
149323,1200,197.045
149323,1201,194.915
149323,1202,193.8171
149323,1203,196.5798
149323,1204,191.8991
149323,1207,195.3171
149323,1208,192.0534
149323,1209,190.5812
149323,1210,191.3556
149323,1211,192.872
149323,1214,193.6918
149323,1215,193.9321
149323,1216,193.0528
149323,1217,196.8271
149323,1218,198.7905
149323,1221,201.7434
149323,1222,200.864
149323,1223,195.4758
149323,1224,198.0105
149323,1225,198.9912
149323,1228,199.5618
149323,1229,198.3449
149323,1230,197.6535
149323,1231,196.3739
149323,1232,196.6126
149323,1235,194.0891
149323,1236,196.001
149323,1237,200.9729
149323,1238,199.6751
149323,1239,196.0368
149323,1242,195.9297
149323,1243,196.803
149323,1244,198.0071
149323,1245,201.9778
149323,1246,204.0973
149323,1249,199.8543
149323,1250,197.0525
149323,1251,198.1452
149323,1252,197.204
149323,1253,200.9483
149323,1256,198.8411
149323,1257,201.2764
149323,1258,199.853
149323,1259,200.6164
149323,1260,198.7723
149323,1263,200.2414
149323,1264,202.9657
149323,1265,203.7186
149323,1266,208.5679
149323,1267,206.9167
149323,1270,207.2993
149323,1271,209.5499
149323,1272,207.3211
149323,1273,207.6158
149323,1274,209.4136
149323,1277,211.8985
149323,1278,214.9593
149323,1279,212.8785
149323,1280,213.7584
149323,1281,210.5626
149323,1284,208.8858
149323,1285,208.5916
149323,1286,211.6101
149323,1287,213.0951
149323,1288,213.3413
149323,1291,214.6347
149323,1292,216.1236
149323,1293,217.2268
149323,1294,215.8823
149323,1295,213.5685
149323,1298,213.1422
149323,1299,211.2691
149323,1300,212.9896
149323,1301,217.0695
149323,1302,218.6863
149323,1305,214.1438
149323,1306,212.6703
149323,1307,212.86
149323,1308,209.377
149323,1309,209.5966
149323,1312,210.9195
149323,1313,214.651
149323,1314,219.5228
149323,1315,216.5604
149323,1316,216.4043
149323,1319,216.2811
149323,1320,214.5879
149323,1321,214.9864
149323,1322,214.9254
149323,1323,216.6563
149323,1326,220.3515
149323,1327,220.8498
149323,1328,219.7064
149323,1329,217.1726
149323,1330,222.6972
149323,1333,225.2795
149323,1334,226.5126
149323,1335,226.2156
149323,1336,230.7778
149323,1337,230.4928
149323,1340,225.9699
149323,1341,226.8409
149323,1342,223.6825
149323,1343,224.5547
149323,1344,228.3505
149323,1347,223.9758
149323,1348,221.7266
149323,1349,224.1845
149323,1350,222.9987
149323,1351,224.2608
149323,1354,225.5358
149323,1355,228.1038
149323,1356,226.4981
149323,1357,219.8331
149323,1358,221.0288
149323,1361,217.0632
149323,1362,219.6546
149323,1363,219.6916
149323,1364,219.0623
149323,1365,221.0295
149323,1368,216.6153
149323,1369,216.2427
149323,1370,217.5517
149323,1371,218.3583
149323,1372,217.2309
149323,1375,216.1356
149323,1376,220.3134
149323,1377,222.8836
149323,1378,221.268
149323,1379,225.0199
149323,1382,227.216
149323,1383,228.7023
149323,1384,230.3036
149323,1385,227.3192
149323,1386,231.6079
149323,1389,234.4188
149323,1390,235.2662
149323,1391,236.1124
149323,1392,236.0132
149323,1393,234.5703
149323,1396,236.2352
149323,1397,234.1548
149323,1398,234.7358
149323,1399,235.1681
149323,1400,236.4142
149323,1403,239.254
149323,1404,240.574
149323,1405,242.7431
149323,1406,237.3319
149323,1407,238.8044
149323,1410,239.1803
149323,1411,240.4089
149323,1412,239.0526
149323,1413,242.5319
149323,1414,243.4241
149323,1417,241.4265
149323,1418,239.9517
149323,1419,242.7222
149323,1420,242.6382
149323,1421,242.7882
149323,1424,242.3778
149323,1425,245.4945
149323,1426,247.0824
149323,1427,243.7609
149323,1428,241.0932
149323,1431,241.2691
149323,1432,239.5809
149323,1433,233.6225
149323,1434,231.7048
149323,1435,231.0895
149323,1438,230.141
149323,1439,232.2916
149323,1440,226.3139
149323,1441,224.3827
149323,1442,226.6827
149323,1445,225.0302
149323,1446,221.9407
149323,1447,220.2884
149323,1448,221.6175
149323,1449,221.0954
149323,1452,219.3332
149323,1453,220.7505
149323,1454,221.8928
149323,1455,218.7099
149323,1456,219.1059
149323,1459,215.87
149323,1460,219.0622
149323,1461,222.4643
149323,1462,221.8492
149323,1463,224.8467
149323,1466,222.9712
149323,1467,222.7484
149323,1468,221.344
149323,1469,221.428
149323,1470,221.7532
149323,1473,221.8957
149323,1474,221.8059
149323,1475,222.294
149323,1476,225.8116
149323,1477,220.5904
149323,1480,225.8732
149323,1481,225.0786
149323,1482,225.0206
149323,1483,228.7837
149323,1484,230.6065
149323,1487,232.2446
149323,1488,235.8921
149323,1489,235.5862
149323,1490,238.3526
149323,1491,234.9421
149323,1494,236.2785
149323,1495,238.0332
149323,1496,241.4836
149323,1497,243.7025
149323,1498,244.4645
149323,1501,243.7013
149323,1502,242.9081
149323,1503,242.142
149323,1504,238.5705
149323,1505,243.7654
149323,1508,246.8631
149323,1509,247.7833
149323,1510,250.3809
149323,1511,252.8183
149323,1512,250.0
149323,1515,252.0826
149323,1516,256.1155
149323,1517,254.2174
149323,1518,249.7618
149323,1519,246.4783
149323,1522,246.3604
149323,1523,242.9537
149323,1524,242.6177
149323,1525,240.8863
149323,1526,241.0466
149323,1529,239.7423
149323,1530,239.8008
149323,1531,241.6994
149323,1532,239.1049
149323,1533,240.0733
149323,1536,237.7973
149323,1537,237.9413
149323,1538,237.8688
149323,1539,239.0445
149323,1540,239.735
149323,1543,243.4804
149323,1544,243.5687
149323,1545,241.9094
149323,1546,244.7814
149323,1547,245.9189
149323,1550,248.7028
149323,1551,248.5136
149323,1552,244.8163
149323,1553,251.6502
149323,1554,250.0102
149323,1557,246.7267
149323,1558,249.0211
149323,1559,246.3861
149323,1560,245.3971
149323,1561,245.9291
149323,1564,245.6733
149323,1565,244.7721
149323,1566,249.6422
149323,1567,249.4777
149323,1568,246.973
149323,1571,250.0464
149323,1572,248.0606
149323,1573,247.9042
149323,1574,245.4
149323,1575,246.1878
149323,1578,246.4713
149323,1579,246.552
149323,1580,247.1618
149323,1581,249.7613
149323,1582,252.042
149323,1585,249.0938
149323,1586,247.2573
149323,1587,250.1768
149323,1588,248.0109
149323,1589,249.6437
149323,1592,252.3349
149323,1593,247.5924
149323,1594,246.5575
149323,1595,249.1424
149323,1596,248.8724
149323,1599,247.8385
149323,1600,250.4851
149323,1601,253.9879
149323,1602,252.1039
149323,1603,257.6666
149323,1606,252.3926
149323,1607,248.048
149323,1608,246.8691
149323,1609,246.0486
149323,1610,245.3651
149324,3,81.6814
149324,4,80.8239
149324,5,80.6143
149324,6,79.9386
149324,7,80.8723
149324,10,80.982
149324,11,80.7709
149324,12,80.7497
149324,13,82.2508
149324,14,81.6983
149324,17,80.1462
149324,18,78.991
149324,19,78.7704
149324,20,79.4393
149324,21,80.618
149324,24,82.8108
149324,25,83.8536
149324,26,82.7679
149324,27,82.5754
149324,28,79.8788
149324,31,79.5573
149324,32,78.8716
149324,33,76.1167
149324,34,78.7541
149324,35,78.3551
149324,38,75.8637
149324,39,75.6029
149324,40,77.6619
149324,41,80.0997
149324,42,80.2434
149324,45,80.4354
149324,46,82.0746
149324,47,81.9518
149324,48,82.6201
149324,49,83.7929
149324,52,82.457
149324,53,84.5508
149324,54,83.4603
149324,55,82.7036
149324,56,82.9061
149324,59,84.2155
149324,60,85.193
149324,61,85.2011
149324,62,85.658
149324,63,87.1943
149324,66,87.282
149324,67,86.2481
149324,68,85.5077
149324,69,86.8167
149324,70,85.7895
149324,73,83.7703
149324,74,83.4427
149324,75,83.4166
149324,76,84.6285
149324,77,82.78
149324,80,83.3056
149324,81,84.9039
149324,82,83.8912
149324,83,84.0725
149324,84,81.3438
149324,87,82.5421
149324,88,83.6558
149324,89,83.7025
149324,90,82.0427
149324,91,82.9813
149324,94,82.7339
149324,95,79.2586
149324,96,80.306
149324,97,81.8626
149324,98,83.6806
149324,101,82.0862
149324,102,79.7149
149324,103,79.2705
149324,104,79.9894
149324,105,78.8794
149324,108,76.9947
149324,109,77.9463
149324,110,77.5914
149324,111,78.4244
149324,112,78.5124
149324,115,78.3757
149324,116,78.365
149324,117,77.9919
149324,118,77.4983
149324,119,76.2324
149324,122,76.8819
149324,123,78.4759
149324,124,77.9278
149324,125,80.322
149324,126,80.8703
149324,129,81.2707
149324,130,82.1851
149324,131,83.5299
149324,132,83.0064
149324,133,83.808
149324,136,85.2753
149324,137,84.8414
149324,138,84.9218
149324,139,83.9751
149324,140,83.3984
149324,143,83.0128
149324,144,81.9106
149324,145,81.9009
149324,146,82.4006
149324,147,83.0303
149324,150,82.0514
149324,151,81.3427
149324,152,82.512
149324,153,81.7962
149324,154,82.9372
149324,157,82.0576
149324,158,82.6183
149324,159,83.6761
149324,160,80.3263
149324,161,81.5036
149324,164,83.2674
149324,165,82.9357
149324,166,83.4613
149324,167,82.4376
149324,168,82.9833
149324,171,86.338
149324,172,83.475
149324,173,82.8917
149324,174,84.0117
149324,175,85.7724
149324,178,83.9985
149324,179,83.2311
149324,180,82.546
149324,181,81.7728
149324,182,81.6946
149324,185,79.9468
149324,186,79.6965
149324,187,78.5987
149324,188,78.5821
149324,189,77.7822
149324,192,77.6432
149324,193,76.4529
149324,194,77.6764
149324,195,77.3466
149324,196,77.431
149324,199,77.3209
149324,200,77.3972
149324,201,77.4675
149324,202,78.5245
149324,203,78.2398
149324,206,77.4255
149324,207,77.544
149324,208,76.8662
149324,209,76.8427
149324,210,75.646
149324,213,76.9742
149324,214,76.1002
149324,215,77.6191
149324,216,77.6121
149324,217,78.7344
149324,220,77.8566
149324,221,75.5479
149324,222,73.6757
149324,223,76.7048
149324,224,76.0522
149324,227,77.4441
149324,228,75.9436
149324,229,76.2243
149324,230,76.7107
149324,231,80.285
149324,234,79.9539
149324,235,79.1324
149324,236,79.6404
149324,237,78.5575
149324,238,79.1349
149324,241,79.1373
149324,242,78.2717
149324,243,78.9524
149324,244,79.1563
149324,245,80.1798
149324,248,82.3656
149324,249,81.7888
149324,250,81.3315
149324,251,79.6956
149324,252,80.4224
149324,255,79.6794
149324,256,80.1842
149324,257,81.7408
149324,258,80.9352
149324,259,80.4031
149324,262,81.7693
149324,263,82.7576
149324,264,83.6182
149324,265,83.177
149324,266,81.388
149324,269,80.551
149324,270,79.3498
149324,271,80.1498
149324,272,80.5801
149324,273,79.8937
149324,276,79.4265
149324,277,80.0935
149324,278,79.7614
149324,279,79.1037
149324,280,81.6787
149324,283,81.0455
149324,284,81.9749
149324,285,82.5553
149324,286,80.6689
149324,287,79.8806
149324,290,80.9884
149324,291,80.8914
149324,292,79.1156
149324,293,79.6782
149324,294,79.0198
149324,297,79.6336
149324,298,83.1493
149324,299,83.7247
149324,300,84.6096
149324,301,84.3454
149324,304,82.9437
149324,305,84.3656
149324,306,83.6375
149324,307,83.409
149324,308,85.8733
149324,311,85.4924
149324,312,87.2206
149324,313,87.8311
149324,314,87.1454
149324,315,87.6918
149324,318,86.7837
149324,319,88.1059
149324,320,89.9319
149324,321,90.0799
149324,322,92.085
149324,325,92.3981
149324,326,93.8203
149324,327,98.3696
149324,328,102.369
149324,329,102.1643
149324,332,102.7272
149324,333,101.1245
149324,334,102.4938
149324,335,103.2141
149324,336,102.0526
149324,339,104.0688
149324,340,103.725
149324,341,102.9674
149324,342,103.7077
149324,343,103.0409
149324,346,103.0794
149324,347,106.0461
149324,348,105.1162
149324,349,106.333
149324,350,105.4524
149324,353,103.9392
149324,354,103.8965
149324,355,108.4776
149324,356,109.9171
149324,357,110.8165
149324,360,110.0008
149324,361,109.4321
149324,362,106.9985
149324,363,110.1626
149324,364,110.7267
149324,367,111.1414
149324,368,111.5962
149324,369,115.4314
149324,370,116.0785
149324,371,115.8281
149324,374,119.2609
149324,375,119.1216
149324,376,116.0914
149324,377,113.4319
149324,378,113.1887
149324,381,113.8091
149324,382,115.3926
149324,383,113.8351
149324,384,113.5311
149324,385,112.1906
149324,388,114.2754
149324,389,116.7086
149324,390,120.4691
149324,391,121.2437
149324,392,124.9672
149324,395,123.7189
149324,396,124.2487
149324,397,122.297
149324,398,123.514
149324,399,124.1775
149324,402,119.5746
149324,403,121.7887
149324,404,123.5482
149324,405,122.5788
149324,406,123.2304
149324,409,120.4705
149324,410,119.1219
149324,411,122.4015
149324,412,120.3014
149324,413,120.4245
149324,416,117.9081
149324,417,118.6409
149324,418,119.8015
149324,419,121.2814
149324,420,122.2852
149324,423,125.1734
149324,424,124.1944
149324,425,122.2484
149324,426,121.2289
149324,427,118.7894
149324,430,119.0408
149324,431,118.8831
149324,432,119.8851
149324,433,116.9742
149324,434,117.0524
149324,437,119.4169
149324,438,120.6032
149324,439,117.1584
149324,440,117.2391
149324,441,115.9951
149324,444,116.12
149324,445,115.5267
149324,446,118.8386
149324,447,119.1031
149324,448,119.8032
149324,451,119.8247
149324,452,120.8288
149324,453,120.522
149324,454,122.1057
149324,455,121.4603
149324,458,124.2304
149324,459,125.3148
149324,460,125.1233
149324,461,126.9044
149324,462,128.0053
149324,465,129.7973
149324,466,130.0862
149324,467,129.7062
149324,468,130.0963
149324,469,129.1879
149324,472,131.3104
149324,473,134.5014
149324,474,135.8521
149324,475,139.0417
149324,476,141.6548
149324,479,141.1808
149324,480,143.1763
149324,481,140.4351
149324,482,140.9702
149324,483,138.4904
149324,486,138.3722
149324,487,135.3883
149324,488,137.8621
149324,489,137.1271
149324,490,139.2199
149324,493,139.1758
149324,494,135.3099
149324,495,134.3994
149324,496,133.3972
149324,497,133.4826
149324,500,136.81
149324,501,140.5866
149324,502,140.1979
149324,503,137.5628
149324,504,136.0789
149324,507,137.2304
149324,508,137.1163
149324,509,133.8732
149324,510,132.9317
149324,511,135.8245
149324,514,136.5703
149324,515,136.7914
149324,516,136.0752
149324,517,135.211
149324,518,136.4934
149324,521,136.9186
149324,522,138.7123
149324,523,140.0338
149324,524,140.1996
149324,525,141.1737
149324,528,139.9846
149324,529,140.0007
149324,530,143.1135
149324,531,143.2627
149324,532,142.8982
149324,535,143.4979
149324,536,141.0109
149324,537,141.6258
149324,538,145.5867
149324,539,143.87
149324,542,144.6025
149324,543,144.6753
149324,544,144.6897
149324,545,144.6631
149324,546,146.4274
149324,549,144.0426
149324,550,145.7405
149324,551,146.0267
149324,552,142.1528
149324,553,143.1306
149324,556,143.5128
149324,557,141.6796
149324,558,142.1624
149324,559,139.3675
149324,560,137.9931
149324,563,138.1941
149324,564,134.6914
149324,565,132.3866
149324,566,130.428
149324,567,130.7048
149324,570,131.7314
149324,571,130.0056
149324,572,128.1891
149324,573,128.5804
149324,574,128.9182
149324,577,127.6157
149324,578,131.4591
149324,579,131.9566
149324,580,131.7184
149324,581,131.0342
149324,584,133.249
149324,585,134.515
149324,586,130.9982
149324,587,129.6837
149324,588,128.8869
149324,591,128.9752
149324,592,130.3691
149324,593,128.3023
149324,594,128.2539
149324,595,131.8475
149324,598,132.023
149324,599,130.7014
149324,600,128.0956
149324,601,127.2281
149324,602,125.1942
149324,605,124.5272
149324,606,125.7048
149324,607,125.8878
149324,608,125.0489
149324,609,121.6779
149324,612,123.3903
149324,613,122.8145
149324,614,123.1309
149324,615,121.4816
149324,616,120.8071
149324,619,119.8134
149324,620,117.4252
149324,621,115.8592
149324,622,115.9335
149324,623,116.5816
149324,626,115.4334
149324,627,113.3665
149324,628,112.8304
149324,629,114.324
149324,630,112.744
149324,633,112.8653
149324,634,111.7951
149324,635,113.8991
149324,636,113.0927
149324,637,114.3777
149324,640,116.3223
149324,641,119.2848
149324,642,116.8714
149324,643,114.4261
149324,644,116.6471
149324,647,118.6049
149324,648,117.5607
149324,649,111.8155
149324,650,112.0558
149324,651,109.5052
149324,654,108.1814
149324,655,108.5853
149324,656,109.2218
149324,657,112.0737
149324,658,111.5151
149324,661,109.9095
149324,662,111.6062
149324,663,112.3689
149324,664,111.8258
149324,665,111.9794
149324,668,111.412
149324,669,112.7312
149324,670,115.8692
149324,671,114.6529
149324,672,115.5162
149324,675,112.865
149324,676,111.0715
149324,677,112.1578
149324,678,112.1314
149324,679,110.2859
149324,682,110.3975
149324,683,112.0339
149324,684,109.6055
149324,685,112.7605
149324,686,113.8821
149324,689,115.0509
149324,690,115.149
149324,691,118.4646
149324,692,120.3787
149324,693,119.7884
149324,696,121.3316
149324,697,120.0436
149324,698,119.6193
149324,699,122.5213
149324,700,123.3791
149324,703,124.78
149324,704,127.2108
149324,705,128.4259
149324,706,126.9065
149324,707,130.3843
149324,710,131.5632
149324,711,132.9006
149324,712,133.1338
149324,713,135.6015
149324,714,139.8753
149324,717,139.1724
149324,718,141.6508
149324,719,141.8513
149324,720,137.5772
149324,721,134.686
149324,724,135.7074
149324,725,138.0045
149324,726,139.4563
149324,727,141.2789
149324,728,147.2883
149324,731,148.6487
149324,732,148.1591
149324,733,147.9931
149324,734,151.9858
149324,735,149.1082
149324,738,152.1766
149324,739,152.3483
149324,740,150.4974
149324,741,147.2278
149324,742,150.8327
149324,745,148.9398
149324,746,149.2164
149324,747,147.0716
149324,748,151.8286
149324,749,152.1963
149324,752,149.1333
149324,753,148.259
149324,754,151.68
149324,755,149.495
149324,756,148.7763
149324,759,151.7163
149324,760,152.6696
149324,761,149.8964
149324,762,150.556
149324,763,150.3254
149324,766,150.581
149324,767,152.976
149324,768,153.6908
149324,769,153.6004
149324,770,153.3914
149324,773,156.151
149324,774,154.5245
149324,775,149.4683
149324,776,149.069
149324,777,150.0906
149324,780,149.2399
149324,781,148.1395
149324,782,147.4208
149324,783,147.4925
149324,784,144.6337
149324,787,146.2757
149324,788,140.392
149324,789,141.7147
149324,790,142.54
149324,791,143.7856
149324,794,139.6063
149324,795,140.3741
149324,796,139.3015
149324,797,142.9858
149324,798,143.9283
149324,801,141.409
149324,802,137.8142
149324,803,136.6056
149324,804,138.4836
149324,805,141.1431
149324,808,141.6705
149324,809,141.9731
149324,810,141.3559
149324,811,141.4318
149324,812,144.2917
149324,815,143.6315
149324,816,145.2562
149324,817,144.1782
149324,818,146.6254
149324,819,148.0971
149324,822,150.5131
149324,823,155.1766
149324,824,149.1234
149324,825,151.036
149324,826,152.2889
149324,829,153.4999
149324,830,154.2172
149324,831,154.9361
149324,832,155.895
149324,833,158.2734
149324,836,160.4865
149324,837,160.5635
149324,838,160.23
149324,839,160.4209
149324,840,159.5204
149324,843,164.1993
149324,844,161.0864
149324,845,163.1422
149324,846,165.2087
149324,847,163.9776
149324,850,164.8878
149324,851,168.3471
149324,852,167.6207
149324,853,171.2693
149324,854,174.4645
149324,857,172.6756
149324,858,169.8367
149324,859,170.4285
149324,860,167.2778
149324,861,159.9377
149324,864,158.8483
149324,865,164.5252
149324,866,163.5134
149324,867,164.6373
149324,868,166.6076
149324,871,166.645
149324,872,165.9165
149324,873,169.3061
149324,874,169.5605
149324,875,169.4646
149324,878,171.7562
149324,879,169.1414
149324,880,165.9549
149324,881,161.9033
149324,882,163.5007
149324,885,163.2223
149324,886,165.5048
149324,887,165.7822
149324,888,162.3829
149324,889,161.6171
149324,892,164.059
149324,893,163.5257
149324,894,166.7564
149324,895,165.7141
149324,896,167.7485
149324,899,163.2472
149324,900,162.8081
149324,901,161.96
149324,902,158.5719
149324,903,161.5141
149324,906,160.0339
149324,907,158.3096
149324,908,161.7286
149324,909,162.2819
149324,910,164.4306
149324,913,160.2198
149324,914,158.3557
149324,915,163.7882
149324,916,166.1511
149324,917,163.5088
149324,920,164.2326
149324,921,161.8188
149324,922,165.5546
149324,923,159.8808
149324,924,160.7157
149324,927,161.5168
149324,928,158.8499
149324,929,158.3062
149324,930,159.3843
149324,931,155.1184
149324,934,152.1566
149324,935,151.918
149324,936,150.0689
149324,937,149.1084
149324,938,149.1915
149324,941,147.196
149324,942,147.263
149324,943,148.0849
149324,944,150.0434
149324,945,147.2568
149324,948,145.934
149324,949,147.4216
149324,950,144.1463
149324,951,144.5136
149324,952,144.7039
149324,955,139.0486
149324,956,138.0908
149324,957,138.9333
149324,958,138.5914
149324,959,137.6803
149324,962,138.1399
149324,963,140.4306
149324,964,141.7482
149324,965,140.1933
149324,966,137.1284
149324,969,138.3756
149324,970,135.9514
149324,971,134.9433
149324,972,135.4892
149324,973,138.0783
149324,976,141.0259
149324,977,141.2841
149324,978,140.2774
149324,979,137.7701
149324,980,142.21
149324,983,141.6859
149324,984,143.3316
149324,985,143.902
149324,986,142.9079
149324,987,141.8261
149324,990,138.8914
149324,991,141.4918
149324,992,141.3469
149324,993,144.6915
149324,994,143.798
149324,997,143.2496
149324,998,140.8386
149324,999,140.2719
149324,1000,137.6791
149324,1001,138.676
149324,1004,139.033
149324,1005,142.4244
149324,1006,139.3135
149324,1007,142.1311
149324,1008,140.08
149324,1011,140.9645
149324,1012,138.5654
149324,1013,139.13
149324,1014,133.8532
149324,1015,132.5627
149324,1018,132.9004
149324,1019,136.7451
149324,1020,132.3538
149324,1021,132.4646
149324,1022,131.5016
149324,1025,127.7042
149324,1026,125.5715
149324,1027,124.7522
149324,1028,125.783
149324,1029,126.0672
149324,1032,123.5961
149324,1033,120.1821
149324,1034,121.0809
149324,1035,120.8145
149324,1036,124.028
149324,1039,123.449
149324,1040,125.8015
149324,1041,126.9944
149324,1042,128.7606
149324,1043,129.7537
149324,1046,130.7995
149324,1047,126.2729
149324,1048,125.9125
149324,1049,124.7123
149324,1050,127.3442
149324,1053,125.4606
149324,1054,125.0171
149324,1055,126.7145
149324,1056,127.4277
149324,1057,127.8755
149324,1060,130.2425
149324,1061,130.8913
149324,1062,129.8861
149324,1063,127.3726
149324,1064,128.4648
149324,1067,127.027
149324,1068,126.656
149324,1069,128.9379
149324,1070,128.6016
149324,1071,127.8165
149324,1074,127.3661
149324,1075,126.9712
149324,1076,125.1137
149324,1077,128.5749
149324,1078,127.5788
149324,1081,129.2773
149324,1082,127.3315
149324,1083,128.5504
149324,1084,129.0063
149324,1085,129.1699
149324,1088,129.6393
149324,1089,130.6053
149324,1090,130.2531
149324,1091,130.004
149324,1092,131.3062
149324,1095,129.0785
149324,1096,126.5805
149324,1097,127.0486
149324,1098,123.1979
149324,1099,120.0806
149324,1102,123.6513
149324,1103,126.8163
149324,1104,125.7913
149324,1105,127.8979
149324,1106,130.1108
149324,1109,131.1941
149324,1110,131.1456
149324,1111,132.5615
149324,1112,134.3552
149324,1113,135.8393
149324,1116,132.6807
149324,1117,137.1173
149324,1118,142.5308
149324,1119,138.4299
149324,1120,139.6703
149324,1123,144.3693
149324,1124,146.7943
149324,1125,149.285
149324,1126,146.0685
149324,1127,148.0289
149324,1130,148.7173
149324,1131,150.6865
149324,1132,148.3786
149324,1133,146.0232
149324,1134,145.823
149324,1137,145.0814
149324,1138,144.8485
149324,1139,143.8843
149324,1140,143.5548
149324,1141,142.1808
149324,1144,142.1969
149324,1145,139.1659
149324,1146,140.4197
149324,1147,141.1202
149324,1148,138.4644
149324,1151,141.5106
149324,1152,139.8018
149324,1153,142.5686
149324,1154,143.4353
149324,1155,145.8406
149324,1158,146.3736
149324,1159,147.8151
149324,1160,150.2679
149324,1161,154.985
149324,1162,157.7679
149324,1165,159.0243
149324,1166,155.8186
149324,1167,150.1328
149324,1168,149.9556
149324,1169,148.4073
149324,1172,146.96
149324,1173,146.8975
149324,1174,148.5685
149324,1175,147.2513
149324,1176,149.4724
149324,1179,149.6819
149324,1180,149.9014
149324,1181,154.5286
149324,1182,155.098
149324,1183,155.1011
149324,1186,156.5227
149324,1187,161.1566
149324,1188,161.1786
149324,1189,162.4405
149324,1190,162.3054
149324,1193,162.1837
149324,1194,161.0773
149324,1195,159.8023
149324,1196,164.2715
149324,1197,162.9872
149324,1200,159.2192
149324,1201,159.6733
149324,1202,162.395
149324,1203,165.7487
149324,1204,162.802
149324,1207,165.8248
149324,1208,171.4395
149324,1209,169.7503
149324,1210,169.4335
149324,1211,166.3241
149324,1214,171.4008
149324,1215,167.5655
149324,1216,166.6593
149324,1217,168.8789
149324,1218,167.2154
149324,1221,164.7747
149324,1222,164.783
149324,1223,171.2533
149324,1224,170.7132
149324,1225,170.306
149324,1228,167.4863
149324,1229,168.6523
149324,1230,171.1653
149324,1231,169.6868
149324,1232,171.2739
149324,1235,169.8153
149324,1236,164.9696
149324,1237,166.3072
149324,1238,171.98
149324,1239,168.9187
149324,1242,169.5446
149324,1243,173.2292
149324,1244,173.1022
149324,1245,169.4037
149324,1246,169.6718
149324,1249,173.853
149324,1250,172.6223
149324,1251,173.4061
149324,1252,170.7017
149324,1253,170.5834
149324,1256,171.7753
149324,1257,172.2664
149324,1258,171.2492
149324,1259,172.5987
149324,1260,174.5805
149324,1263,176.7689
149324,1264,176.109
149324,1265,174.5474
149324,1266,180.1852
149324,1267,180.7339
149324,1270,180.1597
149324,1271,176.171
149324,1272,173.7544
149324,1273,172.1559
149324,1274,173.5027
149324,1277,172.6828
149324,1278,172.875
149324,1279,169.1642
149324,1280,173.0985
149324,1281,171.2491
149324,1284,172.0345
149324,1285,170.7521
149324,1286,170.0471
149324,1287,168.0806
149324,1288,169.0142
149324,1291,166.5702
149324,1292,167.5429
149324,1293,167.3757
149324,1294,169.1923
149324,1295,171.2945
149324,1298,170.5888
149324,1299,171.7248
149324,1300,170.6657
149324,1301,174.3921
149324,1302,173.5604
149324,1305,173.1608
149324,1306,172.0372
149324,1307,170.211
149324,1308,175.9042
149324,1309,177.4117
149324,1312,177.7572
149324,1313,176.5831
149324,1314,179.8628
149324,1315,178.4796
149324,1316,178.9756
149324,1319,185.4557
149324,1320,182.8404
149324,1321,184.5617
149324,1322,185.5643
149324,1323,187.2776
149324,1326,186.602
149324,1327,185.0311
149324,1328,185.8545
149324,1329,184.6856
149324,1330,178.1825
149324,1333,176.0375
149324,1334,175.3148
149324,1335,172.5146
149324,1336,173.0763
149324,1337,171.173
149324,1340,171.2053
149324,1341,177.306
149324,1342,180.9234
149324,1343,182.7761
149324,1344,188.223
149324,1347,188.1722
149324,1348,188.1515
149324,1349,185.2112
149324,1350,189.1421
149324,1351,195.2326
149324,1354,198.2155
149324,1355,202.886
149324,1356,194.4953
149324,1357,201.9717
149324,1358,201.8162
149324,1361,209.6278
149324,1362,215.6114
149324,1363,218.4408
149324,1364,217.4537
149324,1365,218.1867
149324,1368,211.9062
149324,1369,215.2232
149324,1370,206.9156
149324,1371,206.1245
149324,1372,211.3799
149324,1375,213.9795
149324,1376,209.068
149324,1377,204.88
149324,1378,203.1387
149324,1379,203.5672
149324,1382,206.5771
149324,1383,208.734
149324,1384,205.4618
149324,1385,207.6548
149324,1386,210.2239
149324,1389,212.0325
149324,1390,220.6638
149324,1391,223.3973
149324,1392,227.0265
149324,1393,234.0376
149324,1396,237.3991
149324,1397,235.5534
149324,1398,240.4185
149324,1399,239.1122
149324,1400,235.6461
149324,1403,232.5437
149324,1404,237.3043
149324,1405,239.8429
149324,1406,244.0965
149324,1407,246.7266
149324,1410,247.6777
149324,1411,249.1386
149324,1412,251.6882
149324,1413,249.5291
149324,1414,244.7233
149324,1417,243.0729
149324,1418,245.3789
149324,1419,243.1003
149324,1420,251.6113
149324,1421,253.5872
149324,1424,254.2868
149324,1425,252.0901
149324,1426,255.9754
149324,1427,251.3554
149324,1428,252.8291
149324,1431,251.3202
149324,1432,252.0192
149324,1433,254.1784
149324,1434,249.8516
149324,1435,243.5751
149324,1438,240.2371
149324,1439,243.7995
149324,1440,245.4505
149324,1441,244.111
149324,1442,252.0158
149324,1445,257.3927
149324,1446,261.8859
149324,1447,259.1422
149324,1448,263.6198
149324,1449,265.2696
149324,1452,262.4984
149324,1453,262.2973
149324,1454,258.268
149324,1455,255.6053
149324,1456,251.26
149324,1459,255.2965
149324,1460,255.2342
149324,1461,251.697
149324,1462,253.9778
149324,1463,254.2056
149324,1466,258.6719
149324,1467,259.442
149324,1468,253.8574
149324,1469,252.0992
149324,1470,247.7628
149324,1473,250.1877
149324,1474,254.7195
149324,1475,248.8177
149324,1476,248.5472
149324,1477,253.3217
149324,1480,247.3933
149324,1481,245.9189
149324,1482,246.1328
149324,1483,250.524
149324,1484,252.9029
149324,1487,256.1274
149324,1488,258.7949
149324,1489,257.5033
149324,1490,264.4856
149324,1491,261.9344
149324,1494,250.9393
149324,1495,244.1367
149324,1496,243.9005
149324,1497,242.8423
149324,1498,241.01
149324,1501,241.7917
149324,1502,246.6215
149324,1503,248.6082
149324,1504,251.3798
149324,1505,247.357
149324,1508,245.556
149324,1509,248.4963
149324,1510,249.1367
149324,1511,251.2348
149324,1512,253.8964
149324,1515,254.7841
149324,1516,261.4393
149324,1517,259.4864
149324,1518,256.3844
149324,1519,249.5739
149324,1522,252.7542
149324,1523,250.714
149324,1524,255.9863
149324,1525,257.2123
149324,1526,256.0669
149324,1529,252.0689
149324,1530,255.675
149324,1531,255.6812
149324,1532,256.986
149324,1533,259.6706
149324,1536,260.9874
149324,1537,257.7427
149324,1538,260.0942
149324,1539,263.7058
149324,1540,265.4377
149324,1543,268.3284
149324,1544,271.649
149324,1545,270.1957
149324,1546,268.5915
149324,1547,278.4207
149324,1550,284.5432
149324,1551,284.5756
149324,1552,287.9035
149324,1553,283.931
149324,1554,281.5113
149324,1557,276.2783
149324,1558,277.7664
149324,1559,279.314
149324,1560,284.3706
149324,1561,283.6701
149324,1564,288.7272
149324,1565,291.9661
149324,1566,303.7606
149324,1567,312.1137
149324,1568,319.8141
149324,1571,324.3339
149324,1572,320.0778
149324,1573,321.8379
149324,1574,333.7248
149324,1575,336.6937
149324,1578,332.6546
149324,1579,334.7114
149324,1580,329.8233
149324,1581,325.6901
149324,1582,328.1011
149324,1585,332.2347
149324,1586,328.3725
149324,1587,325.7758
149324,1588,318.8176
149324,1589,318.4469
149324,1592,309.1052
149324,1593,307.9212
149324,1594,308.5766
149324,1595,300.4231
149324,1596,295.9534
149324,1599,295.9317
149324,1600,295.2747
149324,1601,294.8336
149324,1602,296.4326
149324,1603,288.9825
149324,1606,292.481
149324,1607,291.2707
149324,1608,288.8007
149324,1609,280.6873
149324,1610,279.7511
